"","id","name","host_id","host_name","neighbourhood_group","neighbourhood","latitude","longitude","room_type","price","minimum_nights","number_of_reviews","last_review","reviews_per_month","calculated_host_listings_count","availability_365"
"1","604966","Boutique 1 bedroom entiere appart",2996022,"Frederic","Central Region","Bukit Timah",1.33171,103.79383,"Entire home/apt",276,4,11,"07.01.2018",0.13,1,362
"2","746929","2 Bdrm Spacious Condo_SeaView _10 Mins to Beach",3919513,"Jimm","East Region","Bedok",1.30792,103.92287,"Entire home/apt",176,2,99,"24.08.2019",1.28,1,7
"3","804470","Spacious Luxury Condo in Orchard",741873,"Dara","Central Region","Tanglin",1.30292,103.82253,"Entire home/apt",2604,1,1,"22.02.2014",0.01,1,0
"4","819034","Boutique 2 Bedroom Apartment",1584407,"Richard","Central Region","Marine Parade",1.30529,103.9042,"Entire home/apt",300,2,37,"09.02.2018",0.46,5,221
"5","822413","Ming Vase Theme - 2 BR Apartment",3951127,"Sue / Mylene","Central Region","Tanglin",1.29839,103.82808,"Entire home/apt",200,60,9,"12.02.2018",0.11,3,334
"6","888196","Exclusive 4 BR Penthouse with Views",4710327,"Linton","Central Region","Novena",1.31314,103.84081,"Entire home/apt",243,5,14,"05.07.2016",0.19,1,143
"7","922138","Porcelain Bowl Theme - 2 BR Apt",3951127,"Sue / Mylene","Central Region","Downtown Core",1.27529,103.84494,"Entire home/apt",219,60,6,"10.02.2018",0.08,3,350
"8","1024986","Super Host Apartment",5643415,"Martin","Central Region","River Valley",1.29349,103.83837,"Entire home/apt",140,2,145,"22.08.2019",2.04,1,230
"9","1183421","Luxury Loft in the Center of SG",6473817,"Quinn","Central Region","Singapore River",1.28708,103.84444,"Entire home/apt",231,90,28,"14.07.2018",0.4,2,119
"10","1199033","Lush Apartment on the East Coast",1322402,"Laura","Central Region","Marine Parade",1.29891,103.88681,"Entire home/apt",190,9,29,"03.08.2019",0.39,1,277
"11","1210268","3BR (For 5)Apt Orchard/Stevens/UNESCO *MRT* Sui",6609641,"Catherine","Central Region","Tanglin",1.31693,103.82636,"Entire home/apt",319,7,42,"04.06.2019",0.61,19,330
"12","1229614","1 bdrm Aptmt Orchard/Stevens/UNESCO Area #1",6609641,"Catherine","Central Region","Tanglin",1.31503,103.82614,"Entire home/apt",149,7,29,"01.05.2019",0.42,19,0
"13","1233249","2BR (For 3) Apt Orchard/Stevens/UNESCO *MRT* A",6609641,"Catherine","Central Region","Tanglin",1.31507,103.82704,"Entire home/apt",240,7,29,"21.07.2019",0.41,19,340
"14","1434208","Appt 3R  great vew on Marin baysand",7707838,"Sophie","Central Region","River Valley",1.29211,103.836,"Entire home/apt",400,4,6,"01.01.2015",0.08,1,0
"16","1599599","2br Orchard Loft beside MRT",8527085,"Ben","Central Region","Orchard",1.30341,103.83365,"Entire home/apt",300,2,9,"31.07.2019",0.19,38,349
"17","1805143","2 Bdr condo+pool+Mins walk to MRT",9461671,"Alvin","Central Region","Geylang",1.31435,103.88617,"Entire home/apt",169,3,19,"22.07.2019",0.28,1,332
"18","1833950","Studio Apt Orchard/Stevens Area #2",6609641,"Catherine","Central Region","Tanglin",1.31742,103.82572,"Entire home/apt",160,7,24,"05.08.2019",0.35,19,365
"19","1887198","Clarke Quay Riverfront",9817303,"Ling","Central Region","Singapore River",1.28968,103.84632,"Entire home/apt",219,3,11,"20.09.2018",0.57,2,311
"20","2001199","3BD Apartment with great facilities",10307677,"Leanda","Central Region","Toa Payoh",1.3377,103.88248,"Entire home/apt",140,5,2,"31.12.2016",0.05,2,0
"21","2090082","New Cozy Studio Apt @Orchard Area",10248444,"Rc","Central Region","River Valley",1.29815,103.83895,"Entire home/apt",140,1,100,"15.07.2019",1.46,48,327
"22","2090132","Perfect Location Comfy Studio Apt",10248444,"Rc","Central Region","River Valley",1.29549,103.83931,"Entire home/apt",140,2,107,"08.08.2019",1.55,48,323
"23","2121839","City views central location 2BR CBD Chinatown",1436112,"Alex","Central Region","Outram",1.28153,103.84808,"Entire home/apt",250,3,163,"18.08.2019",2.39,1,29
"24","2128875","Cosy Walk Up Apartment - very quiet and central",1469421,"Bastian","Central Region","Novena",1.31642,103.8398,"Entire home/apt",89,2,7,"04.08.2017",0.18,1,0
"25","2129215","Luxuriously Spacious Studio Apt.",7642747,"Shirley","East Region","Bedok",1.32122,103.91492,"Entire home/apt",139,2,323,"22.08.2019",4.72,1,239
"27","2375063","B.New 2 Bedroom Apt @ Orchard Area",10248444,"Rc","Central Region","River Valley",1.29462,103.83855,"Entire home/apt",200,1,142,"08.08.2019",2.13,48,309
"28","2427007","Beautiful new condo at Bt Timah",5116800,"Serene","Central Region","Bukit Timah",1.33746,103.78052,"Entire home/apt",119,2,3,"11.04.2018",0.1,1,118
"29","2451003","Modern Chic 1BD shopfront",12532802,"Vanessa","Central Region","Museum",1.2942,103.84283,"Entire home/apt",108,3,31,"01.07.2019",0.47,2,338
"30","2532466","2BR perfect for work and leisure",6473817,"Quinn","Central Region","Outram",1.28674,103.84073,"Entire home/apt",250,90,24,"28.02.2019",0.37,2,289
"31","2612906","New Studio Apt @ Orchard/ Central Area...",10248444,"Rc","Central Region","River Valley",1.29773,103.83919,"Entire home/apt",128,2,70,"13.08.2019",1.08,48,321
"32","2752673","❀❀2BR Fully Furnished @ Little India (un)",8492007,"Alvin","Central Region","Kallang",1.31254,103.85068,"Entire home/apt",200,4,24,"23.12.2017",0.4,203,33
"33","2764928","Centrally located Shop House",14143199,"Gordon","Central Region","River Valley",1.29519,103.84185,"Entire home/apt",150,14,7,"24.07.2018",0.11,1,17
"34","2838555","1 Bedroom with Balcony suite (Walk to Aljunied MRT",14521708,"Shirley","Central Region","Geylang",1.31566,103.8859,"Entire home/apt",90,1,52,"05.08.2019",0.82,67,45
"35","2840554","Spacious 1 bedroom unit (Walk to Aljunied MRT)",14521708,"Shirley","Central Region","Geylang",1.31531,103.88561,"Entire home/apt",93,5,44,"17.07.2019",0.68,67,73
"36","2858696","New 2 Bedroom Apt @ Orchard Area",10248444,"Rc","Central Region","River Valley",1.29645,103.83972,"Entire home/apt",200,1,97,"30.06.2019",1.53,48,315
"37","2868366","Studio Apt @ Orchard/Central",10248444,"Rc","Central Region","River Valley",1.29648,103.83877,"Entire home/apt",106,1,217,"03.08.2019",3.41,48,335
"38","3078453","5 mins walk to MRT. Very near city.",15666562,"Yeo","Central Region","Toa Payoh",1.33967,103.86901,"Entire home/apt",228,60,6,"25.09.2015",0.11,1,365
"39","3085308","2 bedrooms retro style apartment",15699865,"Julian","Central Region","Bukit Merah",1.27811,103.83379,"Entire home/apt",254,7,4,"09.07.2016",0.06,1,0
"41","3116909","New Studio Apt @Orchard/Central",10248444,"Rc","Central Region","River Valley",1.29792,103.83781,"Entire home/apt",125,2,93,"07.08.2019",1.5,48,305
"42","3140972","Ground floor Cosy and Spacious 1 bedroom apartment",14521708,"Shirley","Central Region","Geylang",1.31601,103.88579,"Entire home/apt",92,1,63,"30.07.2019",0.99,67,77
"43","3144267","Furnished 1 Bedroom Apartment",14521708,"Shirley","Central Region","Geylang",1.31393,103.88749,"Entire home/apt",85,5,62,"30.06.2019",1.13,67,84
"44","3207194","Prime CBD Club Street heritage Loft S2",7095710,"Elise","Central Region","Outram",1.28362,103.84552,"Entire home/apt",131,2,52,"12.08.2019",1.03,12,355
"45","3209809","Super Convenient Downtown Studio",10723468,"Meiling","Central Region","Outram",1.28378,103.8431,"Entire home/apt",126,90,1,"18.01.2017",0.03,1,282
"46","3258894","Nicely Furnished 1 Bedroom Unit",14521708,"Shirley","Central Region","Geylang",1.31562,103.88586,"Entire home/apt",85,60,41,"20.03.2019",0.66,67,26
"47","3265545","Studio with private Rooftop",6145399,"Pauline","Central Region","River Valley",1.29508,103.84085,"Entire home/apt",181,5,2,"28.06.2014",0.03,1,0
"48","3380992","❀❀2BR Penthouse at Katong private pool",8492007,"Alvin","Central Region","Geylang",1.31228,103.89521,"Entire home/apt",200,30,22,"13.05.2019",0.35,203,352
"50","3419511","2 Bedroom Apt@ Orchard/Central Area",10248444,"Rc","Central Region","River Valley",1.29499,103.83852,"Entire home/apt",219,2,154,"27.07.2019",2.99,48,266
"51","3460343","Chic New Cozy Studio Apt @ Orchard",10248444,"Rc","Central Region","River Valley",1.29783,103.83936,"Entire home/apt",137,1,179,"12.08.2019",2.87,48,288
"52","3580558","Gorgeous oasis near the river",8624816,"Georgie","Central Region","Singapore River",1.28955,103.83861,"Entire home/apt",206,2,18,"19.11.2016",0.29,1,0
"53","3587207","Tastefully Decorated Suburban Condo",3579971,"Bobby","Central Region","Bukit Timah",1.3319,103.76533,"Entire home/apt",150,2,41,"13.08.2019",0.69,1,25
"54","3671451","Nice and Cosy 1 Bedroom Apartment",14521708,"Shirley","Central Region","Geylang",1.31492,103.88801,"Entire home/apt",89,4,40,"18.07.2019",0.66,67,134
"55","3752662","Nice 1 Bedroom Unit (Ground floor)",14521708,"Shirley","Central Region","Geylang",1.3155,103.88596,"Entire home/apt",85,30,59,"25.06.2019",0.96,67,86
"56","3753251","Relaxed & Spacious Studio w JACUZZI",10248444,"Rc","Central Region","River Valley",1.29533,103.83797,"Entire home/apt",150,2,220,"28.07.2019",3.66,48,260
"57","3790364","Spacious and Furnished 1 Bedroom Apartment",14521708,"Shirley","Central Region","Geylang",1.31379,103.88577,"Entire home/apt",93,1,25,"23.06.2019",0.42,67,84
"58","3822245","Cozy Studio Apt @ Orchard Area",10248444,"Rc","Central Region","River Valley",1.29597,103.8382,"Entire home/apt",137,1,63,"01.02.2019",1.03,48,337
"59","3844690","Cozy Apt Near Orchrd/Botanic Garden",19817950,"Mara","Central Region","Tanglin",1.32045,103.82116,"Entire home/apt",237,3,61,"12.08.2019",1.01,3,36
"60","3859180","Ground floor 1 Bedroom Unit",14521708,"Shirley","Central Region","Geylang",1.31586,103.88559,"Entire home/apt",90,1,78,"08.07.2019",1.28,67,10
"61","3863231","1 Bedroom Suite with balcony",14521708,"Shirley","Central Region","Geylang",1.31565,103.88576,"Entire home/apt",94,1,61,"13.08.2019",1,67,77
"62","3877859","Spacious 2 Bedroom Amidst Nature",20041363,"Rockwell","West Region","Bukit Panjang",1.3471,103.77532,"Entire home/apt",158,12,53,"08.08.2019",0.88,1,138
"63","3925851","Entire 2br In Bugis - 1min MRT/Walk Everywher",9794916,"Sara","Central Region","Rochor",1.30176,103.85217,"Entire home/apt",244,2,77,"09.08.2019",2.2,3,74
"64","3987557","❀❀❀3BR Purple Line spacious (ERS3B3)",8492007,"Alvin","Central Region","Kallang",1.31944,103.86222,"Entire home/apt",387,7,47,"03.08.2019",0.78,203,262
"65","3987930","Cosy 1 Bedroom Unit (Walk to Aljunied MRT Station)",14521708,"Shirley","Central Region","Geylang",1.31464,103.88672,"Entire home/apt",83,1,73,"31.07.2019",1.22,67,141
"66","3988536","Nice and Cosy 1 Bedroom Suite",14521708,"Shirley","Central Region","Geylang",1.3137,103.88765,"Entire home/apt",90,10,40,"08.08.2019",0.68,67,4
"67","3995441","Large and Nicely Furnished 1 Bedroom Suite",14521708,"Shirley","Central Region","Geylang",1.31633,103.88539,"Entire home/apt",90,4,49,"10.08.2019",0.83,67,64
"68","4008569","❀❀❀3BR Spacious Condo @ near novena (ga)",8492007,"Alvin","Central Region","Novena",1.32772,103.85239,"Entire home/apt",358,7,32,"05.02.2019",0.54,203,275
"69","4021128","Quiet Oasis with Greenery all round",1275947,"Vince","Central Region","Bukit Timah",1.31995,103.79426,"Entire home/apt",160,5,8,"20.01.2018",0.2,1,69
"70","4022486","Well Furnished 1 Bedroom Suite",14521708,"Shirley","Central Region","Geylang",1.31444,103.88709,"Entire home/apt",85,5,41,"01.08.2019",0.79,67,123
"71","4026199","2BR (For 4) Apt Orchard/Stevens/UNESCO *MRT* B",6609641,"Catherine","Central Region","Tanglin",1.31539,103.82586,"Entire home/apt",281,7,29,"17.07.2019",0.48,19,362
"72","4041554","Furnished 1 Bedroom Apartment",14521708,"Shirley","Central Region","Geylang",1.31372,103.88716,"Entire home/apt",85,4,72,"12.08.2019",1.37,67,69
"73","4091059","Airbnb Singapore Trendy CBD Enclave",971978,"Jois","Central Region","Bukit Merah",1.27254,103.8337,"Entire home/apt",306,2,188,"09.08.2019",3.16,1,324
"74","4108082","Central Haven",21313007,"Callie & Kel","Central Region","Tanglin",1.29312,103.82979,"Entire home/apt",218,2,289,"15.08.2019",4.9,1,231
"75","4122361","Whole Luxury Condo Unit just opposite lake and MRT",21386285,"Susie","West Region","Jurong West",1.34546,103.72309,"Entire home/apt",268,5,4,"06.08.2017",0.07,15,365
"76","4124908","❀❀2BR City View Cosy @ Balestier (MZ1)",8492007,"Alvin","Central Region","Novena",1.32419,103.85284,"Entire home/apt",237,5,26,"25.01.2018",0.44,203,261
"77","4138944","Studio Apt Orchard/Stevens Area #1",6609641,"Catherine","Central Region","Tanglin",1.31566,103.82666,"Entire home/apt",118,7,48,"19.08.2019",0.81,19,348
"78","4144956","3 Bedrooms Executive Condo near MRT",21386285,"Susie","West Region","Jurong East",1.33669,103.7374,"Entire home/apt",258,5,14,"24.05.2017",0.33,15,348
"79","4179725","Bright 2 br loft style conservation",912064,"Vanessa","Central Region","Marine Parade",1.30789,103.89646,"Entire home/apt",164,14,4,"26.06.2016",0.07,1,0
"81","4252548","1 Bedroom Suite with Balcony",14521708,"Shirley","Central Region","Geylang",1.31503,103.88605,"Entire home/apt",94,1,55,"14.07.2019",0.95,67,69
"82","4271250","City Ctr_RiverValley/GreatWorldCity",22176293,"YongXing9688","Central Region","Tanglin",1.29377,103.82844,"Entire home/apt",160,30,170,"24.08.2018",3.05,1,0
"83","4309836","1 Bedroom Condo @ St Michael's",9008551,"Gregory","Central Region","Kallang",1.32712,103.86468,"Entire home/apt",131,3,36,"26.07.2019",0.63,1,340
"85","4399550","Brand New 2 bedroom 270 Degree Seaview Marina Bay",7614592,"Bryan","Central Region","Downtown Core",1.27522,103.84696,"Entire home/apt",387,2,148,"16.08.2019",2.59,14,287
"86","4412603","New Condo near East Coast Beach!",22871633,"Wayne","East Region","Bedok",1.31467,103.93974,"Entire home/apt",137,1,35,"24.08.2019",0.6,1,349
"87","4430984","Great apartment centrally located",22791622,"Darren","Central Region","Outram",1.28142,103.84522,"Entire home/apt",250,1,2,"26.12.2015",0.04,1,0
"88","4431879","❀❀2BR CosyPrivate beside shopping mall",8492007,"Alvin","Central Region","Novena",1.32546,103.8519,"Entire home/apt",149,3,28,"12.07.2018",0.49,203,257
"89","4434265","Nicely Furnish & Spacious 1 Bedroom Apartment",14521708,"Shirley","Central Region","Geylang",1.31473,103.88733,"Entire home/apt",92,7,33,"15.04.2019",0.62,67,49
"90","4441346","Penthouse Studio w/ City and Partial Sea View",23053315,"Chew Nam","Central Region","Kallang",1.29775,103.88341,"Entire home/apt",100,90,4,"05.05.2015",0.07,1,209
"91","4450681","2BR (For 3) Apt Orchard/Stevens/UNESCO *MRT* A",6609641,"Catherine","Central Region","Tanglin",1.31652,103.82739,"Entire home/apt",240,7,15,"16.08.2019",0.26,19,329
"92","4486217","Sub-urban Singapore Resort Living",23276884,"Faith","North-East Region","Serangoon",1.38785,103.8694,"Entire home/apt",81,84,9,"31.07.2018",0.16,1,88
"93","4499317","City Hall Premium Loft",23336011,"Heritage Apartments","Central Region","Downtown Core",1.29561,103.8543,"Entire home/apt",181,7,40,"17.08.2019",0.69,40,358
"94","4521061","Lovely apartment in hip Tiong Bahru",8786227,"Antoine","Central Region","Bukit Merah",1.2843,103.83254,"Entire home/apt",181,2,14,"15.05.2016",0.25,1,0
"95","4527878","Spacious and Nicely Furnish 1 bedroom Apt",14521708,"Shirley","Central Region","Geylang",1.31528,103.88817,"Entire home/apt",87,5,19,"30.04.2019",0.33,67,74
"96","4528765","❀❀2BR Spacious Unit @ Balestier (BL4)",8492007,"Alvin","Central Region","Novena",1.3258,103.85426,"Entire home/apt",201,3,9,"15.05.2018",0.16,203,275
"97","4541183","Boat Quay Studio Premium Apartment with River View",23336011,"Heritage Apartments","Central Region","Downtown Core",1.28895,103.85033,"Entire home/apt",150,7,117,"20.08.2019",2.02,40,364
"98","4561484","Cosy 1 bedroom apartment (Aljunied MRT)",14521708,"Shirley","Central Region","Geylang",1.31368,103.88597,"Entire home/apt",85,4,49,"04.08.2019",0.89,67,67
"99","4576362","Cozy Apt home away from home",23722617,"Alex","Central Region","Geylang",1.31316,103.88735,"Entire home/apt",94,15,73,"31.07.2019",1.27,84,64
"100","4583589","Nice and Cosy 3BR Penthouse Condo",23759728,"Foong","North Region","Woodlands",1.42798,103.78508,"Entire home/apt",165,30,5,"03.08.2018",0.1,1,365
"101","4586160","Cosy apartment with amazing seaview",23772720,"Jasmine","East Region","Bedok",1.31387,103.93484,"Entire home/apt",168,4,3,"10.06.2018",0.05,4,304
"102","4608708","Charming & design apt near Orchard",8098719,"Jasmine","Central Region","River Valley",1.29238,103.83978,"Entire home/apt",287,4,3,"11.02.2016",0.05,1,0
"103","4613432","Nicely furnished apt close to City",23722617,"Alex","Central Region","Geylang",1.31307,103.88623,"Entire home/apt",119,10,23,"17.02.2019",0.4,84,88
"104","4616523","Cozy apartment near the city",23722617,"Alex","Central Region","Geylang",1.31464,103.88642,"Entire home/apt",85,4,80,"13.08.2019",1.4,84,55
"105","4616537","Comfortable apt home away from home",23722617,"Alex","Central Region","Geylang",1.3145,103.88607,"Entire home/apt",94,5,76,"03.08.2019",1.32,84,75
"106","4683314","3BR (For 5)Apt Orchard/Stevens/UNESCO *MRT* Sup",6609641,"Catherine","Central Region","Tanglin",1.31761,103.8264,"Entire home/apt",319,7,18,"27.04.2019",0.32,19,356
"107","4702699","Charming 2BR unit with Full Privacy",3907723,"Jane","West Region","Clementi",1.29882,103.76499,"Entire home/apt",181,2,2,"24.07.2015",0.04,1,0
"108","4721463","Colonial Black and White with Pool",16274267,"Melinda","Central Region","Queenstown",1.30008,103.79455,"Entire home/apt",269,5,1,"29.12.2014",0.02,1,0
"110","4761064","Spectacular Views of City Fireworks",24532432,"Muriel","Central Region","Marine Parade",1.29704,103.8886,"Entire home/apt",215,4,5,"27.08.2015",0.09,1,0
"111","4802295","2br Orchard Rd view Next to MRT",8527085,"Ben","Central Region","Newton",1.30479,103.83518,"Entire home/apt",281,2,21,"04.08.2019",0.41,38,358
"112","4828432","2br Luxury Orchard Rd Beside MRT",8527085,"Ben","Central Region","Orchard",1.30352,103.83483,"Entire home/apt",319,1,13,"05.08.2019",0.27,38,358
"113","4841308","Straits Settlement Theme - 1 BR Apt",3951127,"Sue / Mylene","Central Region","Downtown Core",1.27414,103.84596,"Entire home/apt",200,70,3,"20.08.2017",0.06,3,364
"114","4916186","Convenient apt home away from home",23722617,"Alex","Central Region","Geylang",1.31481,103.88611,"Entire home/apt",119,14,19,"11.03.2019",0.35,84,89
"115","4969777","New!!! Cozy 1 Bedroom Apt in the City",23722617,"Alex","Central Region","River Valley",1.29582,103.84221,"Entire home/apt",119,28,6,"27.03.2019",0.12,84,50
"116","4973227","Boat Quay Studio Apartment",23336011,"Heritage Apartments","Central Region","Singapore River",1.2873,103.84894,"Entire home/apt",186,7,85,"15.08.2019",1.56,40,363
"117","4979889","Studio Apartment near UNESCO Site/Orchard #38",6609641,"Catherine","Central Region","Tanglin",1.31671,103.82831,"Entire home/apt",144,7,18,"30.04.2019",0.33,19,0
"119","5024661","2 Bedroom unit near the City",23722617,"Alex","Central Region","Geylang",1.31553,103.88662,"Entire home/apt",181,5,62,"02.08.2019",1.17,84,34
"120","5042231","Spacious 1 bedroom with patio in city(Sophia Road)",14521708,"Shirley","Central Region","Rochor",1.30147,103.84732,"Entire home/apt",100,5,1,"21.03.2015",0.02,67,0
"121","5052014","Modern Serviced Studio in CBD w MRT",13468566,"Andy","Central Region","Bukit Merah",1.27546,103.84014,"Entire home/apt",158,6,3,"12.08.2019",0.06,4,363
"122","5095636","❀❀❀3BR near town and shopping mall",8492007,"Alvin","Central Region","Novena",1.31977,103.85305,"Entire home/apt",300,7,25,"21.04.2019",0.45,203,275
"123","5128182","Fantastic entire 1BR in toplocation",26509979,"Ernest","Central Region","Outram",1.28095,103.84155,"Entire home/apt",164,2,5,"01.05.2017",0.12,1,0
"124","5185612","Upscale Studio @ Emerald Hill 5",26823765,"Bc","Central Region","Newton",1.30634,103.84011,"Entire home/apt",160,3,76,"14.08.2019",1.63,6,158
"125","5195270","✪1BR @ Town walking distance to Bugis",8492007,"Alvin","Central Region","Rochor",1.30163,103.84839,"Entire home/apt",137,7,18,"13.05.2019",0.32,203,361
"126","5214091","Spacious 1 Bedroom Apt",3274080,"Edwina","East Region","Bedok",1.30877,103.90962,"Entire home/apt",90,2,21,"11.08.2019",0.39,2,29
"127","5233415","Furnished CBD Serviced Studio w MRT",13468566,"Andy","Central Region","Bukit Merah",1.27599,103.8406,"Entire home/apt",158,6,6,"09.07.2019",0.12,4,340
"128","5241732","✪✪✪3BR Neat Cosy Near Mrt & Town (ga)",8492007,"Alvin","Central Region","Novena",1.32669,103.84227,"Entire home/apt",300,10,31,"28.07.2019",0.56,203,365
"129","5246432","Central 1BR Suite above MRT in Chinatown (#64)",20870482,"Win","Central Region","Outram",1.27962,103.83986,"Entire home/apt",250,3,41,"10.08.2019",0.75,9,65
"130","5253599","Exquisite Balinese studio for rent",11463785,"Dianne","Central Region","Kallang",1.3151,103.8585,"Entire home/apt",81,29,9,"07.07.2019",0.17,3,211
"131","5265322","Charming space in city centre",26900117,"Pinggi","Central Region","Kallang",1.31779,103.85225,"Entire home/apt",224,30,13,"16.12.2017",0.26,3,365
"132","5272363","#24 TBC after renovation",6609641,"Catherine","Central Region","Tanglin",1.31539,103.82758,"Entire home/apt",149,7,14,"20.09.2018",0.27,19,0
"133","5272598","Nicely renovated 1 bedrm Walk Up Apt (Sophia Rd)",14521708,"Shirley","Central Region","Rochor",1.30244,103.84733,"Entire home/apt",90,5,9,"18.07.2019",0.17,67,55
"134","5282397","✪✪✪3BR Luxury Near Town & Novena (ga)",8492007,"Alvin","Central Region","Novena",1.32611,103.84476,"Entire home/apt",300,14,42,"25.05.2019",0.77,203,365
"135","5290367","Condo within a stone's throw from Orchard",21022554,"Marty","Central Region","Novena",1.31489,103.84165,"Entire home/apt",149,2,1,"22.12.2015",0.02,2,0
"136","5331445","❀❀2BR Luxury Phenthouse near town (msl2)",8492007,"Alvin","Central Region","Kallang",1.32815,103.86575,"Entire home/apt",201,7,25,"18.07.2018",0.46,203,309
"137","5343407","1 bed room + 1 sofa bed (E)",6459581,"Serena","Central Region","Geylang",1.31039,103.8845,"Entire home/apt",75,1,4,"12.08.2019",0.72,5,359
"138","5348703","S3  @ City Central",25116861,"Studios","Central Region","Rochor",1.30514,103.85597,"Entire home/apt",119,2,158,"07.08.2019",3.05,10,122
"139","5355795","S2 @ City Central",25116861,"Studios","Central Region","Rochor",1.30402,103.85423,"Entire home/apt",115,2,198,"09.08.2019",3.61,10,0
"140","5376182","S7 @ City Central",25116861,"Studios","Central Region","Rochor",1.30376,103.85471,"Entire home/apt",119,2,170,"07.08.2019",3.19,10,105
"141","5376240","S6 @ City Central",25116861,"Studios","Central Region","Rochor",1.30543,103.85647,"Entire home/apt",115,2,188,"11.08.2019",3.44,10,96
"142","5377148","S1 @ City Central",25116861,"Studios","Central Region","Rochor",1.30541,103.85508,"Entire home/apt",90,2,153,"05.08.2019",2.95,10,58
"143","5377342","S5 @ City Central",25116861,"Studios","Central Region","Rochor",1.30386,103.85459,"Entire home/apt",106,2,246,"08.08.2019",4.49,10,63
"144","5428153","Brand new apartment mins to CBD (E)",6459581,"Serena","Central Region","Geylang",1.31243,103.88441,"Entire home/apt",90,1,8,"01.07.2019",0.15,5,353
"145","5446857","Large & luxury Studio in CBD/MRT",13468566,"Andy","Central Region","Bukit Merah",1.2761,103.84071,"Entire home/apt",228,6,2,"02.02.2018",0.1,4,364
"146","5472242","Great View 1BR Apt in City Fringe",28382771,"Alaric","Central Region","Bukit Merah",1.27574,103.83632,"Entire home/apt",190,365,45,"17.12.2016",0.84,6,89
"147","5504230","Family Apartment in Central - min walk to 3 MRTs",21149720,"Mike","Central Region","Kallang",1.30953,103.85958,"Entire home/apt",194,1,9,"20.04.2018",0.17,16,351
"149","5543423","Spacious 2BR Apt at Orchard Road",28382771,"Alaric","Central Region","Museum",1.29891,103.84659,"Entire home/apt",350,365,44,"09.03.2016",0.81,6,83
"150","5607234","✪✪2BR Amazing City View (zsm)",8492007,"Alvin","Central Region","Novena",1.32568,103.85009,"Entire home/apt",250,8,12,"31.03.2017",0.22,203,364
"151","5609097","Cozy apartment in River Valley",23722617,"Alex","Central Region","River Valley",1.29473,103.83885,"Entire home/apt",131,5,27,"19.07.2019",0.5,84,77
"152","5610714","✪1BR city fringe Verge (VV)",8492007,"Alvin","Central Region","Novena",1.32574,103.85181,"Entire home/apt",137,10,6,"14.07.2017",0.11,203,364
"153","5645349","The Chronicles of Ben",8527085,"Ben","Central Region","Newton",1.30527,103.83424,"Entire home/apt",249,2,25,"25.07.2019",0.76,38,208
"154","5646028","4br Orchard Propinquity next to MRT",8527085,"Ben","Central Region","Orchard",1.30372,103.83478,"Entire home/apt",628,2,14,"12.08.2019",0.42,38,280
"155","5709242","Homely 1 Bedder close to City",18175381,"Daisy","Central Region","Geylang",1.31208,103.88475,"Entire home/apt",110,4,3,"02.06.2016",0.06,1,0
"156","5714743","New!!! Cozy One Bedroom Apartment in River Valley",23722617,"Alex","Central Region","River Valley",1.29523,103.84039,"Entire home/apt",115,30,8,"10.12.2018",0.17,84,86
"157","5750637","Nicely furnish 1 bedroom Walk Up Apt (Sophia Rd)",14521708,"Shirley","Central Region","Rochor",1.30258,103.84811,"Entire home/apt",90,5,24,"04.05.2019",0.46,67,48
"158","5787221","Beautiful unit at The Sail@Marina",30026696,"Ploy","Central Region","Downtown Core",1.28209,103.85191,"Entire home/apt",237,2,16,"04.04.2016",0.3,1,0
"159","5853047","Cozy 1 Bedroom Apt in River Valley",23722617,"Alex","Central Region","River Valley",1.29638,103.83975,"Entire home/apt",119,5,37,"13.08.2019",0.7,84,70
"160","5875270","❀❀ 2BR BR High Floor City View To Town (BL1)",8492007,"Alvin","Central Region","Novena",1.32584,103.85379,"Entire home/apt",218,3,21,"17.03.2019",0.4,203,254
"161","5889741","Entire Home in the Heart of City",5365111,"Y","Central Region","Rochor",1.30086,103.85439,"Entire home/apt",190,90,195,"19.08.2019",3.67,1,59
"162","5899156","Studio near to the City (Opposite Chinatown MRT)",14521708,"Shirley","Central Region","Outram",1.28407,103.84385,"Entire home/apt",110,5,34,"03.08.2019",0.66,67,125
"163","5908083","Near central FARRER S1 heritage with huge Balcony.",7095710,"Elise","Central Region","Kallang",1.31642,103.85776,"Entire home/apt",112,2,42,"11.08.2019",0.83,12,318
"164","5973183","Cosy 2 BR Condo next to Beach & Sea",31008861,"A.P","East Region","Pasir Ris",1.37854,103.96119,"Entire home/apt",189,4,43,"20.08.2019",0.82,1,166
"165","6023517","Near central FARRER S2 heritage with Roof Terrace",7095710,"Elise","Central Region","Kallang",1.31534,103.85822,"Entire home/apt",100,2,83,"12.08.2019",1.58,12,320
"166","6034462","Charming apt in River Valley",23722617,"Alex","Central Region","River Valley",1.29467,103.83839,"Entire home/apt",119,6,56,"12.08.2019",1.06,84,62
"167","6034863","Ground Floor Cosy 1 bedroom Apartment",14521708,"Shirley","Central Region","Geylang",1.31466,103.88736,"Entire home/apt",90,14,68,"27.07.2019",1.31,67,0
"169","6099703","Cozy apartment close to the City",23722617,"Alex","Central Region","Geylang",1.31323,103.88802,"Entire home/apt",82,4,130,"03.08.2019",2.47,84,41
"170","6100964","MODERN STUDIO APT ALONG ORCHARD RD",31657441,"Liz","Central Region","Orchard",1.30067,103.8392,"Entire home/apt",219,2,118,"10.08.2019",2.32,1,46
"171","6117032","Cozy one bedroom near the City",23722617,"Alex","Central Region","Geylang",1.31443,103.88751,"Entire home/apt",85,15,124,"12.05.2019",2.36,84,61
"172","6120794","Nicely  furnished 1 bedroom unit",14521708,"Shirley","Central Region","Geylang",1.31648,103.89486,"Entire home/apt",85,1,62,"30.07.2019",1.18,67,72
"173","6128096","Cozy apartment close to town",23722617,"Alex","Central Region","Geylang",1.31394,103.8866,"Entire home/apt",90,4,51,"10.08.2019",1.01,84,33
"174","6141976","Nice and Cosy 1 bedroom Apartment",14521708,"Shirley","Central Region","Geylang",1.31585,103.88554,"Entire home/apt",110,1,24,"24.07.2019",0.46,67,89
"175","6142181","Ground floor Cosy 1 bedroom apartment",14521708,"Shirley","Central Region","Geylang",1.31414,103.8881,"Entire home/apt",85,1,79,"09.07.2019",1.53,67,120
"176","6142390","Cosy Ground floor unit with Patio",14521708,"Shirley","Central Region","Geylang",1.3156,103.88776,"Entire home/apt",92,4,26,"12.08.2019",0.49,67,73
"177","6142880","Cozy & Convenient Apt Close to Town",23722617,"Alex","Central Region","Geylang",1.31312,103.88663,"Entire home/apt",94,9,29,"01.03.2019",0.56,84,68
"178","6178568","Open Concept Studio (Opposite Chinatown MRT)",14521708,"Shirley","Central Region","Outram",1.28563,103.845,"Entire home/apt",106,10,22,"10.07.2019",0.42,67,47
"179","6179573","Spacious loft Apartment (Opposite Chinatown MRT)",14521708,"Shirley","Central Region","Outram",1.28362,103.84509,"Entire home/apt",131,4,24,"10.07.2019",0.47,67,81
"180","6183734","Cozy one bedroom close to the City",23722617,"Alex","Central Region","Geylang",1.31352,103.88728,"Entire home/apt",82,24,75,"16.09.2018",1.46,84,74
"181","6206621","YOUSHOULDSTAYHERE-3BR-MT E hospital",32184450,"Apollo","Central Region","Novena",1.32734,103.84433,"Entire home/apt",300,25,26,"24.06.2019",0.51,67,365
"182","6242964","Resort Styled Apt With Sea View",23772720,"Jasmine","East Region","Bedok",1.31265,103.9366,"Entire home/apt",165,4,8,"16.04.2019",0.16,4,303
"184","6271100","Studio unit in Chinatown opp MRT",23722617,"Alex","Central Region","Outram",1.28368,103.84563,"Entire home/apt",115,6,25,"12.08.2019",0.49,84,60
"185","6287204","Simple & Cozy 1 BD resort-like apt",32683666,"Quinn","North Region","Woodlands",1.42803,103.78584,"Entire home/apt",181,93,11,"01.07.2019",0.23,1,266
"186","6297371","Comfy 1 BR Apt in River Valley",23722617,"Alex","Central Region","River Valley",1.29561,103.84035,"Entire home/apt",119,6,21,"13.05.2019",0.41,84,45
"187","6299510","Cosy Loft Apartment in Chinatown",14521708,"Shirley","Central Region","Outram",1.28359,103.84564,"Entire home/apt",119,5,21,"23.07.2019",0.58,67,117
"188","6300043","Studio Apartment (Opposite Chinatown MRT)",14521708,"Shirley","Central Region","Outram",1.28342,103.84553,"Entire home/apt",110,4,44,"17.07.2019",1.06,67,117
"190","6342987","Condo for rent in River valley",33033981,"Casper","Central Region","Tanglin",1.29584,103.82675,"Entire home/apt",169,2,2,"14.06.2015",0.04,1,0
"191","6381495","Ground Floor Cosy 1 bedroom with Patio",14521708,"Shirley","Central Region","Geylang",1.31532,103.8874,"Entire home/apt",94,1,50,"10.08.2019",0.97,67,65
"192","6426115","Maison Sims201",33189209,"Anthony","Central Region","Geylang",1.31644,103.88702,"Entire home/apt",199,2,59,"21.08.2019",1.14,23,51
"193","6426551","Comfortable 2 Bedroom Apartment",23722617,"Alex","Central Region","Geylang",1.31314,103.88681,"Entire home/apt",181,4,48,"10.08.2019",0.94,84,61
"194","6431505","Cozy 1 Bedroom Apt 10  mins to Aljunied MRT",23722617,"Alex","Central Region","Geylang",1.3132,103.88757,"Entire home/apt",82,5,60,"13.07.2019",1.18,84,0
"195","6440242","Cosy 1 bedroom Walk Up Apartment",14521708,"Shirley","Central Region","Rochor",1.30288,103.84825,"Entire home/apt",89,6,3,"27.05.2018",0.06,67,0
"196","6475373","✪✪2BR Gorgeous GreatViewNearCentral (zsm)",8492007,"Alvin","Central Region","Novena",1.32786,103.84907,"Entire home/apt",218,14,35,"02.01.2019",0.68,203,316
"197","6481052","1 bedroom service apartment in orchard near subway",7210103,"Thanksgivings","Central Region","River Valley",1.29628,103.84034,"Entire home/apt",208,7,23,"16.08.2019",0.45,4,363
"198","6518372","Beautiful Apartment above MRT in Chinatown #37",20870482,"Win","Central Region","Outram",1.28107,103.84132,"Entire home/apt",304,3,115,"07.08.2019",2.24,9,105
"199","6528111","Entire Flat in Tiong Bahru",244567,"Sherry","Central Region","Bukit Merah",1.28315,103.83406,"Entire home/apt",201,2,3,"10.10.2015",0.06,1,260
"200","6531247","T - Cozy City Studio @ Tiong Bahru",229339,"Tom","Central Region","Bukit Merah",1.28374,103.83513,"Entire home/apt",110,2,28,"03.07.2019",0.55,26,333
"202","6581009","T- Quiet Park View Apt @ Tiong Bahru",229339,"Tom","Central Region","Bukit Merah",1.28357,103.82995,"Entire home/apt",115,1,11,"04.08.2019",1.25,26,349
"203","6603488","T - Calm & Quiet City Apt 5 mins to MRT.",229339,"Tom","Central Region","Bukit Merah",1.28214,103.83121,"Entire home/apt",125,1,3,"24.06.2019",0.06,26,326
"204","6605136","Cozy and spacious 1 bedroom Apartment",14521708,"Shirley","Central Region","Geylang",1.31452,103.88589,"Entire home/apt",100,4,22,"28.06.2019",0.43,67,83
"205","6607671","Central Entired Condo Apartment -min walk to 3 MRT",21149720,"Mike","Central Region","Kallang",1.31015,103.85967,"Entire home/apt",222,1,1,"20.08.2016",0.03,16,351
"206","6619955","Cozy 1 Bedroom Apt Close to Town",23722617,"Alex","Central Region","Geylang",1.31364,103.88734,"Entire home/apt",99,6,55,"02.08.2019",1.13,84,51
"207","6620261","Cozy Hotel Style Studio(with Pool)",34649530,"Prim","Central Region","Novena",1.32401,103.853,"Entire home/apt",71,90,3,"10.07.2019",0.1,3,42
"208","6628037","❀1BR Nice View Near Central (ZSM1b1)",8492007,"Alvin","Central Region","Novena",1.32831,103.84834,"Entire home/apt",119,5,13,"17.02.2019",0.29,203,319
"209","6668889","28fl Studio Apt in Newton 668 sqft",23892865,"Branson","Central Region","Newton",1.31152,103.84027,"Entire home/apt",131,5,2,"29.11.2015",0.04,1,0
"210","6679887","Cozy 2 bedroom Apt near the City",23722617,"Alex","Central Region","Geylang",1.31467,103.88749,"Entire home/apt",181,7,40,"10.08.2019",0.78,84,74
"211","6685809","Ground Floor Cosy 1 Bedroom Unit",14521708,"Shirley","Central Region","Geylang",1.31374,103.88752,"Entire home/apt",85,4,99,"04.08.2019",1.95,67,73
"212","6686851","Ground Floor Nice 1 bedroom unit",14521708,"Shirley","Central Region","Geylang",1.31375,103.88663,"Entire home/apt",85,14,28,"23.06.2019",0.55,67,0
"213","6693516","Modern Minimalistic Studio",33944993,"Melissa","East Region","Bedok",1.31683,103.91109,"Entire home/apt",100,90,11,"08.08.2018",0.23,2,54
"214","6697057","Modern apartment in Robertson Quay",35056493,"Gema","Central Region","Singapore River",1.29209,103.84109,"Entire home/apt",137,8,27,"22.11.2018",0.53,1,0
"215","6723509","Beautiful New 2BR Apartment",28382771,"Alaric","East Region","Bedok",1.3125,103.91188,"Entire home/apt",219,365,25,"17.09.2016",0.49,6,365
"216","6823606","Apartment Central - Farrer Park",3142273,"Raphaelle","Central Region","Kallang",1.31806,103.85172,"Entire home/apt",94,2,4,"28.12.2017",0.1,1,0
"217","6824319","new lux  3 BR condo   amazing pool",35746057,"Hedy","West Region","Choa Chu Kang",1.38056,103.75988,"Entire home/apt",239,2,7,"16.12.2018",0.15,3,325
"219","6831622","Cozy 1BR condo 20min to downtown!",437092,"Aloysius","Central Region","Queenstown",1.30728,103.78113,"Entire home/apt",150,14,21,"27.07.2019",0.41,1,291
"221","6850935","Near central FARRER S3 Cosy Studio.",7095710,"Elise","Central Region","Kallang",1.31584,103.85582,"Entire home/apt",94,2,67,"10.08.2019",1.33,12,311
"223","6906010","Studio in the heart of Chinatown",23722617,"Alex","Central Region","Outram",1.28343,103.84512,"Entire home/apt",115,4,44,"13.08.2019",0.9,84,69
"224","6940054","Luxury CBD city Marina Bay Sand Asia Square MBFC",13512177,"Jas","Central Region","Downtown Core",1.27988,103.85065,"Entire home/apt",268,2,34,"12.08.2019",0.68,4,38
"225","6947366","Modern home at city fringe Orchard",5359280,"Cj","Central Region","Tanglin",1.29432,103.82612,"Entire home/apt",151,1,18,"10.07.2018",0.4,2,365
"226","6962492","Joo Chiat Heritage Area",34623849,"Ray","Central Region","Geylang",1.31333,103.90434,"Entire home/apt",139,90,19,"28.11.2017",0.54,2,0
"227","6978031","Premium livin in marina bay finance",13512177,"Jas","Central Region","Downtown Core",1.27946,103.85592,"Entire home/apt",268,2,22,"10.08.2019",0.43,4,38
"228","6983613","Cosy 1 bedroom with Patio (Ground Floor)",14521708,"Shirley","Central Region","Geylang",1.31496,103.88691,"Entire home/apt",94,4,30,"10.08.2019",0.6,67,32
"229","6993627","Cosy 1 Bedroom Unit",14521708,"Shirley","Central Region","Geylang",1.3144,103.88671,"Entire home/apt",85,4,81,"11.08.2019",1.61,67,127
"230","6995482","Ground Floor Nicely Furnished 1 Bedroom Apartment",14521708,"Shirley","Central Region","Geylang",1.3143,103.88604,"Entire home/apt",99,5,17,"18.09.2018",0.34,67,52
"231","7015796","Cozy 1 bedroom Unit",14521708,"Shirley","Central Region","Geylang",1.31536,103.88574,"Entire home/apt",85,5,62,"16.07.2019",1.23,67,43
"232","7015864","T - Charming City Studio in Tiong Bahru",229339,"Tom","Central Region","Bukit Merah",1.28411,103.83254,"Entire home/apt",132,2,9,"16.05.2019",0.18,26,292
"233","7039222","2BR Apt near Orchard Rd/Bugis (1min to Rochor MRT)",3800044,"Cheryl","Central Region","Rochor",1.3026,103.85195,"Entire home/apt",250,1,248,"11.08.2019",4.99,1,229
"234","7042831","Prestigious cbd apartment marinabay",13512177,"Jas","Central Region","Downtown Core",1.27967,103.85539,"Entire home/apt",268,2,49,"14.07.2019",0.97,4,38
"235","7078717","Spacious 1 bedroom apartment (Walk to Aljunied MRT",14521708,"Shirley","Central Region","Geylang",1.3148,103.88593,"Entire home/apt",90,14,16,"08.08.2019",0.61,67,90
"236","7085521","♥♥2BR Spacious & Comfy Apartment @ Kim keat (BL4)",31464513,"Darcy","Central Region","Novena",1.32618,103.85394,"Entire home/apt",235,4,12,"14.03.2019",0.35,114,275
"237","7107229","Stunning resort near Botanic Garden",27341420,"Jillian","Central Region","Bukit Timah",1.31509,103.80398,"Entire home/apt",200,2,15,"31.12.2016",0.3,1,0
"239","7138922","Ground floor Cosy 1 bedroom",14521708,"Shirley","Central Region","Geylang",1.31405,103.88619,"Entire home/apt",94,1,29,"08.08.2019",0.6,67,84
"240","7139056","Spacious 1  Bedroom Apartment (Walk to Aljunied)",14521708,"Shirley","Central Region","Geylang",1.314,103.88576,"Entire home/apt",90,4,18,"12.08.2019",0.38,67,64
"241","7152327","Design apt - heart of Singapore",26336186,"Ramzi","Central Region","Downtown Core",1.27516,103.8453,"Entire home/apt",140,20,4,"30.03.2016",0.08,1,0
"242","7152364","Heritage Art-Decor Studio @Tiong Bahru",37458245,"Fai","Central Region","Bukit Merah",1.28305,103.82722,"Entire home/apt",129,2,25,"16.08.2019",0.51,1,0
"243","7154662","2 Bedroom Apt Close to Town",23722617,"Alex","Central Region","Geylang",1.31382,103.88744,"Entire home/apt",219,4,5,"04.08.2019",0.1,84,83
"244","7164777","Feel at home in truly Singapore !",37526922,"Aude","Central Region","Bukit Timah",1.3118,103.79917,"Entire home/apt",490,2,3,"31.07.2016",0.06,1,0
"245","7181966","Cozy apartment near Little India",6593563,"Oualid","Central Region","Kallang",1.31791,103.85083,"Entire home/apt",131,4,14,"02.01.2017",0.28,1,0
"246","7229906","❀1BR near city fringe beside MRT (8m8)",8492007,"Alvin","Central Region","Rochor",1.30649,103.84785,"Entire home/apt",137,3,4,"10.05.2018",0.08,203,243
"247","7256010","nearby mrt 1 bedroom condo",33870797,"Wing","North-East Region","Serangoon",1.3528,103.86583,"Entire home/apt",110,2,3,"09.08.2016",0.06,1,0
"248","7268453","LUX Studio  in the heart of  CBD",35746057,"Hedy","Central Region","Downtown Core",1.27383,103.84634,"Entire home/apt",189,15,1,"16.08.2015",0.02,3,180
"249","7282084","1 bedroom with Balcony (Walk to Aljunied MRT)",14521708,"Shirley","Central Region","Geylang",1.31569,103.88784,"Entire home/apt",100,1,21,"11.08.2019",0.44,67,84
"250","7292727","T - Modern Luxe City Apt @ Tiong Bahru",229339,"Tom","Central Region","Bukit Merah",1.28539,103.83356,"Entire home/apt",139,1,34,"01.08.2019",0.68,26,303
"251","7311328","(Central-Novena) Semi-Detached House Near Subway",38303962,"Chi Siang","Central Region","Novena",1.31898,103.84614,"Entire home/apt",219,30,142,"05.08.2019",2.88,2,283
"252","7312255","Modern Cozy Living Space",16884152,"Joey","Central Region","Novena",1.32281,103.85133,"Entire home/apt",131,180,5,"03.01.2016",0.1,1,365
"253","7319075","Beautiful 2 Bedr. apart next to MRT",38342813,"Cintia","Central Region","Novena",1.32214,103.84917,"Entire home/apt",200,5,46,"21.08.2019",0.95,1,335
"254","7336489","East Coast House",30964139,"Amy","East Region","Bedok",1.32101,103.9255,"Entire home/apt",151,3,4,"30.10.2016",0.08,1,0
"255","7350502","1 bedroom unit (Walk to Aljunied MRT)",14521708,"Shirley","Central Region","Geylang",1.31481,103.88701,"Entire home/apt",87,1,59,"13.08.2019",1.18,67,70
"257","7381770","Cozy 2 Bedroom Near The City",23722617,"Alex","Central Region","Geylang",1.31489,103.88798,"Entire home/apt",181,5,46,"16.07.2019",0.92,84,36
"258","7399093","New Heritage Modern 1BR Apt@Orchard",10248444,"Rc","Central Region","River Valley",1.29484,103.83859,"Entire home/apt",128,1,46,"26.07.2019",1.07,48,343
"259","7440447","3 BR Condo with Facilities",38980224,"Doreen","North-East Region","Ang Mo Kio",1.39037,103.83532,"Entire home/apt",169,3,59,"02.10.2016",1.2,1,0
"260","7534889","Ground Floor Cosy 1 Bedroom Unit",14521708,"Shirley","Central Region","Geylang",1.31339,103.88609,"Entire home/apt",89,4,27,"12.08.2019",0.55,67,77
"262","7595693","Cozy apartment  home away from home",23722617,"Alex","Central Region","Geylang",1.31544,103.88674,"Entire home/apt",119,7,6,"11.07.2019",0.13,84,87
"263","7614627","Cozy Studio in River Valley",23722617,"Alex","Central Region","River Valley",1.29611,103.84064,"Entire home/apt",119,4,57,"08.08.2019",1.15,84,58
"264","7622220","Resort Home by the Reservoir",5845605,"Sara","East Region","Bedok",1.33734,103.92298,"Entire home/apt",144,3,22,"14.08.2019",0.46,1,171
"265","7628360","Brand New 3 bedroom Apt Near Sentosa Fits 9 pax",7614592,"Bryan","Central Region","Bukit Merah",1.26714,103.81071,"Entire home/apt",450,2,112,"16.08.2019",2.34,14,336
"266","7628503","❀❀❀3BR Amazing Near Shoppin mall zhongshan (ga)",8492007,"Alvin","Central Region","Novena",1.32795,103.84354,"Entire home/apt",358,7,11,"28.07.2019",0.24,203,275
"267","7632462","Convenient 1 Bedroom near the City",23722617,"Alex","Central Region","Geylang",1.31373,103.88803,"Entire home/apt",119,20,12,"01.01.2019",0.24,84,89
"268","7662310","Cozy Apt near the City",23722617,"Alex","Central Region","Geylang",1.31381,103.88682,"Entire home/apt",85,4,64,"11.08.2019",1.34,84,65
"269","7662314","Studio Apt near the City",23722617,"Alex","Central Region","Geylang",1.31551,103.88613,"Entire home/apt",94,6,22,"27.06.2017",0.46,84,76
"270","7683535","East Coast park",40353457,"Ronnie","East Region","Bedok",1.3125,103.93606,"Entire home/apt",219,3,123,"17.08.2019",2.48,1,262
"271","7683990","Luxurious & central 1 br flat",40355471,"Didier","Central Region","Kallang",1.29922,103.86215,"Entire home/apt",150,2,14,"30.05.2017",0.29,1,0
"273","7704031","2 Room Urban Living near MRT",21315137,"Ethan","Central Region","Geylang",1.31083,103.88456,"Entire home/apt",194,50,2,"19.10.2015",0.04,7,365
"274","7717118","Charming Studio at River Valley",23722617,"Alex","Central Region","River Valley",1.29667,103.83883,"Entire home/apt",119,6,40,"07.08.2019",0.81,84,76
"275","7735143","Luxurious Apartment",40646476,"Linn","Central Region","Tanglin",1.31236,103.82572,"Entire home/apt",219,3,2,"04.09.2015",0.04,1,0
"277","7811199","Cozy Studio at River Valley",23722617,"Alex","Central Region","River Valley",1.29506,103.83996,"Entire home/apt",119,6,38,"31.07.2019",0.78,84,61
"278","7868833","1 Bedroom with Patio (Walk to Aljunied MRT)",14521708,"Shirley","Central Region","Geylang",1.3155,103.88591,"Entire home/apt",90,1,42,"13.08.2019",0.86,67,76
"279","7891758","1 Bedroom apartment at River Valley",23722617,"Alex","Central Region","River Valley",1.29614,103.83967,"Entire home/apt",119,5,28,"06.08.2019",0.58,84,70
"280","7894542","1 bed apt at the Waterscape Condo",329166,"Christy","Central Region","Newton",1.30521,103.84253,"Entire home/apt",194,3,10,"16.07.2016",0.21,1,0
"281","7898449","2 Bedroom Apartment near the City",23722617,"Alex","Central Region","Geylang",1.31359,103.88794,"Entire home/apt",181,5,47,"12.08.2019",1.01,84,72
"283","7902847","❀❀2BR SPACIOUS UNIT @ Kim Keat! (BLB)",8492007,"Alvin","Central Region","Novena",1.32445,103.85397,"Entire home/apt",228,3,6,"09.09.2018",0.12,203,17
"284","7903503","RENT- 3 bedroom near Mt E novean-monthly $6k",32184450,"Apollo","Central Region","Novena",1.3277,103.84428,"Entire home/apt",300,30,7,"03.01.2018",0.15,67,365
"285","7912670","Ground Floor Cosy 1 bedroom unit with Patio",14521708,"Shirley","Central Region","Geylang",1.31421,103.88753,"Entire home/apt",99,4,21,"13.08.2019",0.57,67,123
"286","7930891","Ground floor 1 bedroom with Patio (Aljunied)",14521708,"Shirley","Central Region","Geylang",1.31479,103.88627,"Entire home/apt",94,1,24,"28.07.2019",0.67,67,72
"287","7940828","Walk up apartment in the City",23722617,"Alex","Central Region","Rochor",1.30224,103.84572,"Entire home/apt",100,6,17,"29.07.2019",0.81,84,1
"288","7957893","♥♥Fully Furnished 2BR for Family @ Central (BL1)",31464513,"Darcy","Central Region","Novena",1.32419,103.851,"Entire home/apt",231,4,6,"12.08.2018",0.15,114,254
"289","7991469","Modern&Roomy condo 2-5beds host 4-9",42182224,"Kiddy","West Region","Choa Chu Kang",1.38008,103.76074,"Entire home/apt",218,2,45,"11.06.2017",0.94,3,0
"290","8017511","3 bedroom apt beside Kembangan MRT.",22595027,"Tiffany","East Region","Bedok",1.31952,103.91476,"Entire home/apt",200,2,30,"29.07.2019",0.73,1,361
"291","8022978","CBD/F1 Marina bay finance apartment",13512177,"Jas","Central Region","Downtown Core",1.28103,103.85279,"Entire home/apt",268,2,39,"16.11.2018",0.8,4,38
"292","8036127","ONE BEDROOM APT/4 PERS@HOLLAND VILLAGE/NUH",4412979,"Sue","Central Region","Bukit Timah",1.31587,103.78891,"Entire home/apt",135,3,38,"14.08.2019",0.83,8,300
"293","8038199","City Hall  Loft",23336011,"Heritage Apartments","Central Region","Downtown Core",1.29628,103.85365,"Entire home/apt",169,7,101,"27.08.2019",2.23,40,360
"294","8061522","Peaceful Haven in Central Location",35266808,"Reon","Central Region","Tanglin",1.31579,103.83026,"Entire home/apt",240,90,19,"21.07.2016",0.41,1,250
"295","8097455","Award-Winning HighLevel Condo@Botanic Gardens",37278526,"Craig","Central Region","Bukit Timah",1.31504,103.80376,"Entire home/apt",249,2,6,"12.08.2017",0.13,1,0
"296","8133427","Stylish Loft Apartment!",2673781,"Lisya","Central Region","Novena",1.32343,103.85342,"Entire home/apt",300,1,1,"12.09.2015",0.02,1,0
"297","8133710","Modern 1bedroom at Superb Location Near Orchard",5369632,"Charlene","Central Region","River Valley",1.29666,103.83975,"Entire home/apt",131,30,33,"11.06.2019",0.69,1,331
"298","8157630","Studio Apartment - Aljunied",43056052,"Uncharted Homes","Central Region","Geylang",1.31249,103.88328,"Entire home/apt",140,30,8,"15.02.2016",0.17,13,0
"299","8158680","1-Bedroom Apartment - Aljunied",43056052,"Uncharted Homes","Central Region","Geylang",1.31447,103.88143,"Entire home/apt",160,30,2,"09.04.2016",0.04,13,0
"300","8158710","2-Bedroom Apartment - Aljunied",43056052,"Uncharted Homes","Central Region","Geylang",1.31253,103.88268,"Entire home/apt",181,30,3,"03.01.2016",0.06,13,0
"301","8173978","Studio Apartment - Tanjong Pagar",43056052,"Uncharted Homes","Central Region","Downtown Core",1.27509,103.84483,"Entire home/apt",190,30,9,"13.05.2016",0.19,13,0
"302","8174481","1-Bedroom Apartment - Tanjong Pagar",43056052,"Uncharted Homes","Central Region","Downtown Core",1.27341,103.84485,"Entire home/apt",210,30,5,"10.04.2016",0.11,13,0
"303","8174505","2-Bedroom Apartment - Tanjong Pagar",43056052,"Uncharted Homes","Central Region","Downtown Core",1.27534,103.84711,"Entire home/apt",260,30,19,"18.05.2016",0.4,13,0
"304","8176323","Modern apartment 100m from train",4060932,"Laura","Central Region","Geylang",1.30737,103.8885,"Entire home/apt",175,6,1,"10.10.2015",0.02,1,0
"306","8180676","Studio Apt near the City",23722617,"Alex","Central Region","Geylang",1.31386,103.88666,"Entire home/apt",92,4,57,"28.07.2019",1.19,84,36
"307","8200542","Cosy & Quiet Surrounding 3BR Apt",41672668,"Michael","Central Region","Geylang",1.31443,103.89439,"Entire home/apt",224,3,168,"04.08.2019",3.48,1,259
"308","8212166","Studio@ The Sail@Marina Bay (CBD)",32798595,"Expats Housing Provider @ Raffles P","Central Region","Downtown Core",1.28016,103.8536,"Entire home/apt",125,90,1,"14.03.2016",0.02,41,364
"311","8259582","Charming Studio at River Valley",23722617,"Alex","Central Region","River Valley",1.29478,103.83901,"Entire home/apt",119,5,22,"14.07.2019",0.46,84,48
"312","8264110","Walk up apt at Sophia Road",23722617,"Alex","Central Region","Rochor",1.30387,103.84695,"Entire home/apt",100,5,16,"31.07.2019",0.44,84,8
"313","8277151","Luxury serviced apartment in Orchard near subway9",7210103,"Thanksgivings","Central Region","River Valley",1.296,103.84045,"Entire home/apt",158,7,70,"25.08.2019",1.46,4,364
"314","8277838","Orchard Road Cosy Apartment",12651814,"Ong","Central Region","River Valley",1.29763,103.83921,"Entire home/apt",140,180,12,"18.09.2017",0.26,1,358
"316","8344754","Large Family House Newton with Housekeeper",3406941,"Liam","Central Region","Novena",1.31347,103.84091,"Entire home/apt",681,4,9,"13.04.2019",0.2,1,70
"317","8348566","B/N Fully furnished Condo Near LRT",1472637,"Jamie","North-East Region","Sengkang",1.3878,103.88783,"Entire home/apt",100,2,24,"21.02.2017",0.52,1,0
"318","8364495","Spacious Cozy Apartment near City MRT & Food",1725521,"Benny","Central Region","Geylang",1.31274,103.88659,"Entire home/apt",181,2,173,"13.08.2019",3.61,16,194
"319","8372023","Orchard Studio w Awesome Kitchen Emerald Hill Rd#8",26823765,"Bc","Central Region","Newton",1.30543,103.8403,"Entire home/apt",135,3,71,"12.08.2019",1.78,6,137
"320","8372113","Upscale Studio Emerald Hill 3",26823765,"Bc","Central Region","Newton",1.30488,103.84002,"Entire home/apt",135,3,69,"20.08.2019",1.54,6,115
"321","8393043","Charming Studio at River Valley",23722617,"Alex","Central Region","River Valley",1.29488,103.8392,"Entire home/apt",110,20,32,"17.05.2019",0.67,84,78
"322","8399111","Peaceful Cosy Apt Facing Greens",44251296,"Mathew Fernandez","West Region","Bukit Batok",1.35278,103.75727,"Entire home/apt",160,90,55,"12.12.2017",1.16,1,209
"323","8432015","3BR (For 5)Apt Orchard/Stevens/UNESCO *MRT* Sui",6609641,"Catherine","Central Region","Tanglin",1.31667,103.82595,"Entire home/apt",300,7,31,"04.06.2019",0.66,19,327
"326","8449010","Private 2BR apartment with fab view",165209,"Lesley","East Region","Bedok",1.34006,103.92719,"Entire home/apt",125,60,13,"29.07.2019",0.29,2,253
"328","8477283","1BR+STUDY City Fringe. 3min to MRT",28382771,"Alaric","Central Region","Bukit Merah",1.29213,103.81734,"Entire home/apt",250,2,2,"10.11.2015",0.04,6,0
"329","8492097","1 Bedroom Sky View Apartment ZsM",29420853,"Aaron","Central Region","Novena",1.32869,103.8474,"Entire home/apt",131,25,10,"29.12.2018",0.21,141,365
"330","8508225","Marina Bay Iconic Luxury 1-Bed Apt",4604183,"Sam","Central Region","Downtown Core",1.28051,103.85327,"Entire home/apt",250,30,32,"28.01.2019",0.68,1,361
"331","8525879","NEW! Lovely & Relaxing in Great Location **Central",28004549,"Kenneth","Central Region","Geylang",1.31273,103.87559,"Entire home/apt",156,2,111,"26.06.2019",2.33,6,141
"332","8541582","3 BedRoom Near Toa Payoh MRT 1",29420853,"Aaron","Central Region","Novena",1.3285,103.84524,"Entire home/apt",268,20,17,"31.03.2019",0.37,141,365
"333","8560712","2 Bedroom condo @ KimKeat for medical",32184450,"Apollo","Central Region","Novena",1.32421,103.85337,"Entire home/apt",200,3,84,"03.07.2019",1.76,67,265
"334","8560786","✪✪2BR Mackenzi Area @ Town beside Mrt station",8492007,"Alvin","Central Region","Novena",1.32475,103.8522,"Entire home/apt",208,3,6,"18.06.2018",0.14,203,364
"335","8598680","Private Big Apartment At Room Price",32997122,"Dorin","Central Region","Tanglin",1.31491,103.80578,"Entire home/apt",119,2,4,"25.02.2017",0.09,1,0
"336","8616705","♥♥Spacious Family Suite w Balcony Novena (zsm4)",31464513,"Darcy","Central Region","Novena",1.32235,103.85286,"Entire home/apt",231,7,6,"20.08.2018",0.24,114,257
"337","8617116","✪✪2BR Fully Furnished Cosy (zsm)",8492007,"Alvin","Central Region","Novena",1.32427,103.85103,"Entire home/apt",218,8,6,"14.02.2018",0.13,203,365
"338","8641722","FULLY FURNISHED SPACIOUS 4 BEDROOM!",44339444,"Arlene","Central Region","Geylang",1.31241,103.88686,"Entire home/apt",308,30,1,"24.05.2018",0.06,1,148
"340","8705956","Lux Studio@Marina Bay Singapore",45661681,"Betty","Central Region","Downtown Core",1.28027,103.85072,"Entire home/apt",208,4,9,"18.08.2019",0.2,8,360
"341","8706704","Lux Suite@Marina Bay Singapore (studio)",45661681,"Betty","Central Region","Downtown Core",1.28028,103.85331,"Entire home/apt",228,4,10,"30.07.2018",0.21,8,360
"342","8721639","Rare Twin Studios /2rm @MarinaBaySG",45661681,"Betty","Central Region","Downtown Core",1.28039,103.85233,"Entire home/apt",408,4,19,"12.08.2019",0.51,8,360
"344","8775217","luxy condo soho loft 2bdr 4-7guests",42182224,"Kiddy","West Region","Choa Chu Kang",1.38153,103.75944,"Entire home/apt",169,2,21,"27.05.2017",0.53,3,0
"345","8779986","Cozy 2BR. FREE wifi. Near to Train/Bus/Food.",39361795,"Sora","Central Region","Geylang",1.31584,103.88199,"Entire home/apt",108,1,166,"22.08.2019",3.6,2,73
"346","8817446","Cosy 1 bedroom near orchard",5359280,"Cj","Central Region","Tanglin",1.29417,103.82827,"Entire home/apt",151,3,14,"15.09.2018",0.33,2,365
"347","8818936","Cosy Apt Just beside i12 Katong",46197906,"Crystal","Central Region","Marine Parade",1.30478,103.90485,"Entire home/apt",258,2,1,"04.08.2019",1,1,84
"349","8829303","Peaceful 1+1 with balcony. 5min to train.",39361795,"Sora","Central Region","Geylang",1.31567,103.88186,"Entire home/apt",128,1,16,"07.08.2019",0.37,2,45
"351","8853121","2bdrm Apartment in Holland Village",45410124,"Steven","Central Region","Bukit Timah",1.31331,103.79929,"Entire home/apt",199,3,2,"01.01.2016",0.04,1,0
"352","8888094","LUXURY FAMILY APTMNT WITH BIG POOL",33876134,"Ruth","Central Region","River Valley",1.29525,103.83722,"Entire home/apt",325,3,2,"01.01.2016",0.04,1,0
"354","8949945","Central authentic walk-up apartment",9865398,"Daphne","Central Region","Novena",1.31702,103.83964,"Entire home/apt",131,6,3,"03.01.2017",0.07,1,0
"357","9000149","Luxury 2 Bedroom Apartment Bay View @ Raffles",26823765,"Bc","Central Region","Downtown Core",1.28041,103.85241,"Entire home/apt",310,90,5,"04.05.2016",0.11,6,93
"358","9016784","Hip Designer Studio @Novena",45661681,"Betty","Central Region","Novena",1.32148,103.84106,"Entire home/apt",118,5,8,"09.08.2017",0.18,8,365
"359","9017107","Loft unit in the heart of Chinatown",23722617,"Alex","Central Region","Outram",1.28337,103.84369,"Entire home/apt",119,5,6,"30.07.2019",0.24,84,64
"362","9097877","Convenient City Centre 2BR Apartment above MRT #31",20870482,"Win","Central Region","Outram",1.28362,103.84604,"Entire home/apt",286,3,113,"11.07.2019",2.43,9,96
"363","9118960","Cozy Studio near the City",23722617,"Alex","Central Region","Geylang",1.31479,103.88787,"Entire home/apt",94,4,66,"11.08.2019",1.66,84,72
"365","9202827","Duplex Penthouse Harbour View Condo",4052965,"Oscar","Central Region","Queenstown",1.28337,103.78359,"Entire home/apt",292,3,1,"13.07.2016",0.03,1,0
"368","9243492","2 Bedroom Bliss @ TOWN!!! BlB",29420853,"Aaron","Central Region","Toa Payoh",1.33504,103.86762,"Entire home/apt",187,25,5,"02.08.2019",0.12,141,365
"369","9303261","T - Brand New Dazzling City Studio",229339,"Tom","Central Region","Bukit Merah",1.2844,103.83487,"Entire home/apt",119,2,6,"05.07.2019",0.16,26,331
"371","9336337","Central Singapore 3 Bed Apartment",48457181,"Christian","Central Region","River Valley",1.29702,103.83046,"Entire home/apt",200,1,1,"03.01.2016",0.02,1,0
"372","9353629","Spacious apartment - Robertson Quay",24360132,"TuongVi","Central Region","Singapore River",1.2901,103.83917,"Entire home/apt",104,7,2,"08.02.2016",0.04,1,0
"373","9374865","Cozy Apartment @ Central Singapore -Unit 3",48641356,"Keith","Central Region","Tanglin",1.31889,103.82685,"Entire home/apt",100,150,2,"29.12.2017",0.06,5,239
"374","9381814","Penthouse w/rooftop jacuzzi & BBQ Grill",48672535,"Philipp","East Region","Bedok",1.32654,103.91291,"Entire home/apt",150,2,5,"19.06.2016",0.11,1,0
"377","9422496","Zen Apt Near Orchard/Botanic Garden",19817950,"Mara","Central Region","Tanglin",1.32075,103.82223,"Entire home/apt",215,3,16,"03.08.2019",0.37,3,36
"378","9476931","Swanky & spacious studio w/ Balcony",4019759,"Catherine","North-East Region","Hougang",1.37576,103.90349,"Entire home/apt",60,180,19,"22.12.2017",0.42,1,270
"379","9480031","Whole Unit Executive condo walking distance to Mrt",21386285,"Susie","West Region","Jurong East",1.33509,103.73676,"Entire home/apt",250,5,2,"05.01.2018",0.07,15,348
"381","9506967","Nice Apartment/Orchard MRT/Large Group/Cheap",5475678,"Jv","Central Region","Orchard",1.30418,103.83449,"Entire home/apt",281,1,202,"25.08.2019",4.67,1,235
"382","9519477","Modern Central Condo",2452592,"Jane","Central Region","Downtown Core",1.27548,103.84517,"Entire home/apt",219,3,7,"26.06.2017",0.17,1,0
"383","9520655","Poolside Resort Style Condo",24108643,"Heather","Central Region","Geylang",1.31123,103.88521,"Entire home/apt",156,2,3,"02.01.2016",0.07,1,0
"384","9549665","Studio Apartment - Tanjong Pagar",43056052,"Uncharted Homes","Central Region","Downtown Core",1.27551,103.84515,"Entire home/apt",190,30,2,"31.12.2015",0.04,13,0
"385","9549823","1-Bedroom Apartment - Tanjong Pagar",43056052,"Uncharted Homes","Central Region","Downtown Core",1.27527,103.84562,"Entire home/apt",210,30,1,"14.02.2016",0.02,13,0
"386","9549885","2-Bedroom Apartment - Tanjong Pagar",43056052,"Uncharted Homes","Central Region","Downtown Core",1.27323,103.84563,"Entire home/apt",260,30,11,"14.05.2016",0.25,13,0
"387","9551814","Spacious & cozy one bedroom home",3334940,"Angela","East Region","Pasir Ris",1.35634,103.9675,"Entire home/apt",119,365,4,"13.12.2016",0.09,1,0
"388","9552806","Cozy 1-Bedroom Apartment",49468252,"Jen","Central Region","Tanglin",1.29422,103.82911,"Entire home/apt",149,28,28,"01.05.2019",0.62,1,71
"389","9571325","Stylish Orchard Family appt w/Maid!",49531614,"T","Central Region","River Valley",1.30388,103.82985,"Entire home/apt",475,3,2,"19.08.2016",0.05,1,0
"390","9637324","1-Bedroom Apartment - Queenstown",43056052,"Uncharted Homes","Central Region","Queenstown",1.29211,103.80713,"Entire home/apt",144,3,6,"06.10.2017",0.14,13,0
"391","9637729","2-Bedroom Apartment - Queenstown (B)",43056052,"Uncharted Homes","Central Region","Queenstown",1.29049,103.8066,"Entire home/apt",160,5,7,"09.09.2016",0.16,13,0
"392","9653717","Relaxing Ambience Apt Near Orchard",19817950,"Mara","Central Region","Tanglin",1.32024,103.82049,"Entire home/apt",215,3,24,"23.02.2019",0.58,3,39
"393","9698728","Luxury stay in the city",26900117,"Pinggi","Central Region","Kallang",1.31693,103.85016,"Entire home/apt",199,7,4,"27.07.2019",0.09,3,361
"394","9718911","Ben's Naughty Tiger",8527085,"Ben","Central Region","Orchard",1.30364,103.83507,"Entire home/apt",319,2,93,"02.08.2019",2.15,38,284
"395","9738754","2 BR Luxury Apt in Heart of CBD",3013870,"Kelvin","Central Region","Downtown Core",1.27861,103.85142,"Entire home/apt",312,1,1,"02.01.2016",0.02,1,0
"396","9760045","2-Bedroom Apartment - Queenstown (C)",43056052,"Uncharted Homes","Central Region","Queenstown",1.2924,103.80661,"Entire home/apt",151,5,9,"27.04.2017",0.21,13,0
"397","9763409","LAST MINUTE DEAL! Heritage Flat In Hipster-Hood",29300081,"Hubab","Central Region","Bukit Merah",1.28337,103.82942,"Entire home/apt",150,3,2,"01.01.2017",0.05,1,0
"398","9766212","Spacious flat in great condo",8379240,"Sylvain","Central Region","Tanglin",1.31374,103.80672,"Entire home/apt",250,2,5,"28.09.2016",0.11,1,0
"399","9776604","*BOOK NOW US$49/NITE/GUEST!*",48381928,"Rare.Group","North Region","Woodlands",1.42999,103.78503,"Entire home/apt",415,7,14,"25.09.2016",0.31,2,180
"400","9857050","Entire apt with balcony & pool",31583707,"Catherine","Central Region","Geylang",1.31408,103.88488,"Entire home/apt",219,2,2,"25.10.2016",0.06,2,239
"401","9891697","Beautiful Designer Apartment",28382771,"Alaric","Central Region","Geylang",1.31168,103.88002,"Entire home/apt",150,365,13,"07.09.2016",0.29,6,365
"402","9901369","Best apartment cheap price",1725521,"Benny","Central Region","Geylang",1.31103,103.88215,"Entire home/apt",110,2,123,"17.08.2019",2.77,16,308
"403","9927724","Lucky Apartment",51032547,"Harry Dzung","Central Region","Orchard",1.30368,103.83469,"Entire home/apt",210,2,169,"20.08.2019",3.88,2,94
"404","9928008","Skyroom w a pool & jacuzzi (near MRT)",41234655,"Tim","East Region","Bedok",1.32071,103.90878,"Entire home/apt",124,2,76,"10.03.2019",1.7,2,357
"405","9962463","Amazing Apartment in Tanjong Pagar!",3844505,"Blandine","Central Region","Downtown Core",1.27532,103.84511,"Entire home/apt",181,4,1,"02.01.2016",0.02,1,0
"408","9985237","Your condo flat @ Orchard",14588580,"Karma","Central Region","River Valley",1.29805,103.83698,"Entire home/apt",139,3,28,"02.03.2017",0.63,1,0
"410","10024927","1 Bedroom @ M -  Central 8M8",29420853,"Aaron","Central Region","Rochor",1.30584,103.84986,"Entire home/apt",131,10,11,"20.05.2019",0.27,141,243
"411","10025775","3 BedRoom Near Toa Payoh MRT 2",29420853,"Aaron","Central Region","Toa Payoh",1.33114,103.84369,"Entire home/apt",287,10,6,"22.07.2019",0.14,141,262
"412","10044375","2-Bedroom Apartment - Queenstown (A)",43056052,"Uncharted Homes","Central Region","Queenstown",1.29171,103.80779,"Entire home/apt",194,2,17,"06.10.2017",0.38,13,0
"414","10075591","Clearly Cozy Orchard (min 3 d)",2745365,"Henrik","Central Region","Newton",1.30919,103.82702,"Entire home/apt",290,1,2,"27.07.2016",0.05,1,0
"416","10185535","✪1BR Fully Furnished @ SHAW PLAZA (BL)",8492007,"Alvin","North-East Region","Serangoon",1.35725,103.86766,"Entire home/apt",125,7,11,"31.07.2019",0.25,203,365
"417","10214341","♪Spacious Balcony Suites 3min to MRT (8m8)",31464513,"Darcy","Central Region","Rochor",1.30631,103.8481,"Entire home/apt",149,10,1,"05.12.2018",0.11,114,365
"418","10214705","♥1BR Mount Elizabeth Hospital Novena (zsm1b2)",31464513,"Darcy","Central Region","Novena",1.32283,103.85234,"Entire home/apt",131,7,5,"17.04.2019",0.41,114,338
"420","10244337","RetroPenthouse+1 BedrmLivingKitchenWIFIBalconySea",52590953,"Ann","East Region","Bedok",1.30592,103.92515,"Entire home/apt",135,5,24,"20.07.2019",0.56,4,325
"421","10288989","Condo Apartment@Punggol MRT station",10776798,"Tracey","North-East Region","Punggol",1.40615,103.90041,"Entire home/apt",150,1,25,"21.07.2019",0.79,4,321
"422","10299900","NEW! Penthouse w/ an amazing 180* sea & city view!",51190711,"Cheez","Central Region","Geylang",1.31722,103.88754,"Entire home/apt",178,3,59,"02.09.2018",1.35,2,3
"423","10304845","✪✪2BR Nice view Phenthouse big balcony (MSL2)",8492007,"Alvin","Central Region","Kallang",1.3277,103.86511,"Entire home/apt",258,10,16,"17.07.2019",0.38,203,365
"425","10343519","Private Apartment near Orchard Rd",52472629,"James","Central Region","River Valley",1.29923,103.83098,"Entire home/apt",160,4,3,"03.12.2016",0.07,1,0
"427","10367479","Bright & Beautiful 2 Bedroom Apt above MRT #04",53360239,"Win","Central Region","Outram",1.28073,103.84085,"Entire home/apt",300,3,76,"29.05.2019",1.72,2,69
"429","10460541","Deluxe Suite Near MRT",20715826,"Alfian","East Region","Bedok",1.32043,103.91154,"Entire home/apt",149,2,150,"12.08.2019",3.5,2,303
"430","10466406","Cozy Downtown Condo Unit -near 3 MRTs",21149720,"Mike","Central Region","Kallang",1.31057,103.86081,"Entire home/apt",222,1,6,"14.06.2019",0.14,16,351
"432","10484336","3BR seaview modern condo East Coast",11114502,"Caroline","Central Region","Marine Parade",1.3008,103.90074,"Entire home/apt",300,1,2,"06.08.2016",0.05,1,0
"433","10510548","Beautiful & Bright 2 Bedroom Apt above MRT #39",20870482,"Win","Central Region","Outram",1.2802,103.84055,"Entire home/apt",275,3,103,"30.07.2019",2.37,9,123
"435","10554463","Spacious Condo Apartment Guilinlake",54438012,"Rahul","West Region","Bukit Batok",1.35673,103.75164,"Entire home/apt",131,1,2,"22.02.2017",0.06,1,0
"436","10579566","2 Skyview @ Central ZsM",29420853,"Aaron","Central Region","Novena",1.32898,103.85352,"Entire home/apt",200,30,7,"15.08.2019",0.17,141,365
"437","10600920","Cozy Studio 10 mins to Aljunied MRT",23722617,"Alex","Central Region","Geylang",1.3153,103.88809,"Entire home/apt",85,28,36,"10.08.2019",0.82,84,74
"438","10638481","Luxury living in Robertson Quay",54927443,"Lisa","Central Region","River Valley",1.29423,103.84141,"Entire home/apt",160,6,11,"12.02.2017",0.26,1,0
"439","10638837","Luxury SENTOSA Condo within a Marina!",51190711,"Cheez","Central Region","Southern Islands",1.24391,103.83915,"Entire home/apt",481,3,2,"01.04.2018",0.1,2,0
"440","10641757","Unblock Seaview @ East cost",54944391,"Yuan","Central Region","Marine Parade",1.3012,103.90481,"Entire home/apt",381,2,172,"11.08.2019",3.98,1,313
"442","10718463","BRAND NEW AND FULL CONDO FACILITIES",52896591,"James","East Region","Bedok",1.33042,103.90565,"Entire home/apt",128,2,31,"22.08.2019",0.72,1,312
"443","10748142","TWO BEDS STUDIO IN CBD克拉码头双床",37499834,"Peter","Central Region","Singapore River",1.28868,103.84704,"Entire home/apt",256,5,31,"19.09.2017",0.73,1,0
"444","10758720","Superhost Wannabe! Home that is ultra convient",27735247,"Xuan","West Region","Clementi",1.29645,103.76807,"Entire home/apt",161,2,2,"13.06.2018",0.13,3,365
"445","10798427","Entire Studio close to CBD",55889134,"Sofia","Central Region","Geylang",1.3107,103.88178,"Entire home/apt",69,1,1,"03.02.2016",0.02,2,0
"446","10814989","景区和市中心私人公寓!center of city!",52494253,"Lotus","Central Region","River Valley",1.29383,103.83964,"Entire home/apt",137,1,225,"24.08.2019",5.21,2,308
"447","10822025","Central apartment with view!",55893719,"Vivian","Central Region","Novena",1.32743,103.84259,"Entire home/apt",118,1,3,"02.04.2016",0.07,1,0
"448","10916250","Modern apartment near Orchard/CBD",56581820,"Jacelyn","Central Region","Tanglin",1.29446,103.82572,"Entire home/apt",139,3,17,"15.08.2019",0.45,5,362
"451","11025823","❀❀2BR Amzing cityview @ Balestier (1TBL)",8492007,"Alvin","Central Region","Novena",1.32622,103.85443,"Entire home/apt",268,3,1,"17.09.2016",0.03,203,330
"452","11025923","✪✪2 BEDROOM APARTMENT @ Potong Pasir",8492007,"Alvin","Central Region","Kallang",1.32839,103.86485,"Entire home/apt",237,14,7,"25.08.2018",0.17,203,365
"453","11025991","✪✪2BR Fully Furnished@Farrer park (fps)",8492007,"Alvin","Central Region","Novena",1.32545,103.85311,"Entire home/apt",218,15,3,"04.09.2017",0.08,203,365
"456","11244820","Maison Ava501",33189209,"Anthony","Central Region","Novena",1.32271,103.85316,"Entire home/apt",101,3,25,"08.08.2019",1.5,23,39
"457","11245028","Maison Ava601",33189209,"Anthony","Central Region","Novena",1.32302,103.8531,"Entire home/apt",190,3,50,"28.07.2019",1.37,23,55
"458","11245263","Maison Ava502",33189209,"Anthony","Central Region","Novena",1.32296,103.85204,"Entire home/apt",110,3,61,"12.08.2019",1.46,23,81
"459","11245360","Cosy 2 bedrm studio balestier 201 nr Novena",33189209,"Anthony","Central Region","Novena",1.32335,103.85289,"Entire home/apt",187,2,33,"07.08.2019",0.79,23,40
"460","11247508","Corporate Listing : Well Furnish Cozy Apartment",13326992,"Mohd","North Region","Woodlands",1.4295,103.78663,"Entire home/apt",165,180,13,"14.02.2017",0.31,1,363
"461","11249182","Maison Ava301",33189209,"Anthony","Central Region","Novena",1.32196,103.85325,"Entire home/apt",106,3,20,"18.07.2019",0.64,23,41
"462","11263684","Maison Ava401",33189209,"Anthony","Central Region","Novena",1.32322,103.85158,"Entire home/apt",106,3,21,"21.07.2019",0.51,23,43
"463","11267014","1 Bedroom Apartment (Walk to Aljunied MRT)",14521708,"Shirley","Central Region","Geylang",1.31525,103.88744,"Entire home/apt",87,1,29,"09.08.2019",0.83,67,75
"464","11283265","Comfy  Quiet  Spacious City Studio.",229339,"Tom","Central Region","Bukit Merah",1.28343,103.8314,"Entire home/apt",132,1,6,"08.08.2016",0.14,26,312
"465","11283772","✪✪2 bedroom @ Balestier Road (BL4)",8492007,"Alvin","Central Region","Novena",1.32255,103.85535,"Entire home/apt",218,3,7,"20.04.2019",0.17,203,364
"466","11283839","✪✪ 2BR SERVICEAPARTMENT@BALESTIER ✪",8492007,"Alvin","Central Region","Novena",1.3228,103.85092,"Entire home/apt",208,8,7,"27.06.2018",0.16,203,365
"467","11283882","❀❀❀3 BR SERVICE APARTMENT @ BALESTIER GA",8492007,"Alvin","Central Region","Novena",1.3242,103.85197,"Entire home/apt",300,7,2,"02.05.2016",0.05,203,262
"468","11302386","Maison Ava402",33189209,"Anthony","Central Region","Novena",1.32341,103.85356,"Entire home/apt",110,3,25,"20.08.2019",0.6,23,56
"469","11380721","Maison Ava202",33189209,"Anthony","Central Region","Novena",1.32318,103.85313,"Entire home/apt",110,2,35,"25.07.2019",1.06,23,57
"470","11380963","Maison Ava302",33189209,"Anthony","Central Region","Novena",1.3229,103.85364,"Entire home/apt",110,3,25,"29.07.2019",0.67,23,50
"471","11398278","Serenity on hill top",17357089,"Ang","West Region","Bukit Batok",1.35696,103.75884,"Entire home/apt",181,5,1,"30.07.2017",0.04,1,0
"472","11399335","3 BedRm Condo nr SG Expo/Airport/CBP/Boeing/CGH",4705949,"Kit","East Region","Tampines",1.34132,103.95985,"Entire home/apt",235,4,13,"24.03.2019",0.33,13,89
"475","11443262","❀1BR MODERN @ balestier road (ZSM1B2)",8492007,"Alvin","Central Region","Novena",1.32405,103.85256,"Entire home/apt",118,3,5,"26.05.2016",0.12,203,338
"476","11450306","Bright quiet studio 5-min from MRT",45509732,"Kwun","Central Region","Novena",1.3142,103.84297,"Entire home/apt",76,3,11,"09.08.2016",0.26,1,0
"477","11470713","Quiet apt in luxurious neighborhood",1166582,"Jordane","Central Region","River Valley",1.29914,103.84009,"Entire home/apt",290,1,1,"01.04.2016",0.02,1,0
"478","11480693","Luxury Condo Beside The Reservior",35602841,"Adrey","East Region","Bedok",1.3364,103.91744,"Entire home/apt",331,500,13,"21.07.2017",0.32,1,0
"479","11496278","西部 豪华公寓 整套3房间(长租)looking long team",52494253,"Lotus","West Region","Choa Chu Kang",1.39995,103.74972,"Entire home/apt",150,30,6,"26.04.2017",0.14,2,0
"480","11514647","Modern Condo near trendy part of SG",15906991,"Jess","Central Region","Rochor",1.30102,103.86108,"Entire home/apt",400,1,1,"23.04.2016",0.02,1,0
"481","11518055","Entire home/Studio Apt - Near Somerset/Orchard/CBD",46685310,"L","Central Region","Orchard",1.29895,103.83824,"Entire home/apt",131,2,16,"19.07.2019",0.38,28,324
"482","11520426","New & Cosy Studio Apt @ Orchard Area",10248444,"Rc","Central Region","River Valley",1.29679,103.83979,"Entire home/apt",140,2,39,"03.02.2019",0.96,48,332
"483","11521661","New & Cosy Studio Apt /WIFI @Orchard /Central Area",10248444,"Rc","Central Region","River Valley",1.29497,103.83823,"Entire home/apt",135,2,39,"01.07.2019",0.93,48,332
"484","11576431","T - SPACIOUS QUIET 1 BEDROOM CITY APARTMENT.",229339,"Tom","Central Region","Bukit Merah",1.28242,103.82974,"Entire home/apt",136,1,15,"03.08.2019",0.36,26,266
"485","11581560","Sky Suite & Apartment @ Marina Bay",61230299,"Sky","Central Region","Downtown Core",1.28116,103.85169,"Entire home/apt",269,11,6,"29.07.2019",0.41,1,334
"487","11601706","New apartment Near the City",8680288,"Evelyn","Central Region","Marine Parade",1.30524,103.88834,"Entire home/apt",131,3,51,"14.07.2019",1.96,1,311
"488","11612771","1 Bedroom Loft Ultra-Luxury Suite 6 Somerset MRT",26823765,"Bc","Central Region","Newton",1.30542,103.8389,"Entire home/apt",160,3,87,"18.08.2019",2.09,6,109
"489","11635459","Stylish 1bedrm Apt | 3mins walk to Farrer Park MRT",41039458,"Zack","Central Region","Kallang",1.31331,103.85516,"Entire home/apt",125,5,8,"15.08.2019",0.24,10,2
"491","11687045","New Spacious 2 Queen Beds Apt @ CITY Central",46685310,"L","Central Region","River Valley",1.29612,103.83874,"Entire home/apt",160,2,144,"08.08.2019",3.43,28,303
"493","11711038","Minimalist Studio Apt/WIFI @ Orchard/Somerset Area",10248444,"Rc","Central Region","River Valley",1.295,103.83825,"Entire home/apt",119,1,40,"13.08.2019",1.23,48,353
"495","11714703","Cosy Studio @ Somerset/Orchard Area",61619807,"Ong","Central Region","River Valley",1.29542,103.8382,"Entire home/apt",110,1,45,"06.08.2019",1.09,27,349
"497","11721758","Spacious  3 bd in the city centre",26900117,"Pinggi","Central Region","Kallang",1.31807,103.85163,"Entire home/apt",249,21,9,"02.01.2018",0.21,3,365
"498","11723475","Lux 1 Bdrm w/Pool access Singapore",36141263,"Tammy&Sean","East Region","Bedok",1.32865,103.90691,"Entire home/apt",149,90,9,"20.04.2018",0.23,4,87
"499","11723491","Luxury 2 bdrm Loft style: Singapore",36141263,"Tammy&Sean","Central Region","Geylang",1.32792,103.9049,"Entire home/apt",231,90,9,"01.07.2019",0.22,4,269
"500","11747097","Amazing Sea French Resort 1200sqf",43171492,"Sherry","East Region","Pasir Ris",1.38045,103.96487,"Entire home/apt",189,14,17,"09.07.2016",0.41,1,0
"501","11747584","Pool View Loft(2 flight of stairs) Apt.",62503713,"Vincent","Central Region","Queenstown",1.30474,103.78763,"Entire home/apt",200,3,93,"02.08.2019",2.29,1,144
"502","11750250","SG新加坡Entire 2BedRM+2BathRM Close to City&MBS",52897090,"Elle","Central Region","Geylang",1.31216,103.87991,"Entire home/apt",169,1,209,"08.08.2019",4.99,5,152
"503","11817134","Prime CBD club street Heritage Loft S7",7095710,"Elise","Central Region","Outram",1.28192,103.84399,"Entire home/apt",135,2,83,"12.08.2019",2.06,12,356
"504","11833412","bright and cozy entire apartment",17606405,"Violet","East Region","Bedok",1.31188,103.90945,"Entire home/apt",89,3,4,"24.11.2018",0.36,1,0
"505","11864366","Ben's Boring Apartment",8527085,"Ben","Central Region","Newton",1.30259,103.83927,"Entire home/apt",399,2,69,"09.08.2019",1.7,38,268
"506","11865064","2br Urban Orchard  next MRT",8527085,"Ben","Central Region","River Valley",1.3035,103.83091,"Entire home/apt",319,2,18,"11.06.2019",0.47,38,354
"507","11871765","Cozy & Stylish City Apartment (Suite IV)",60024674,"Mike","Central Region","Novena",1.31629,103.84463,"Entire home/apt",93,90,20,"03.06.2019",0.48,5,261
"511","11993939","3 BedRoom High Floor SkyView @ Town ZsM",29420853,"Aaron","Central Region","Novena",1.32705,103.84759,"Entire home/apt",268,7,3,"09.05.2017",0.1,141,48
"512","11994037","Premium 2 Bedroom Apt in Chinatown above MRT #03",20870482,"Win","Central Region","Outram",1.28107,103.84063,"Entire home/apt",300,3,95,"30.07.2019",2.29,9,0
"513","11999851","Cozy 3 bedroom condo with wifi",23062835,"Evelyn","East Region","Bedok",1.31693,103.90737,"Entire home/apt",187,3,96,"18.08.2019",2.45,1,325
"514","12035349","NOVENA CONDO (1+1) NEXT TO MEDICAL HUB",20726409,"Alfred","Central Region","Novena",1.32005,103.84533,"Entire home/apt",100,4,35,"02.08.2019",0.88,2,213
"515","12061224","Removed",20715286,"Sheng","East Region","Bedok",1.31941,103.90668,"Entire home/apt",210,3,96,"04.12.2018",2.34,1,0
"516","12097789","Capella The Club Residences Singapore - 2 BR Suite",9938906,"Capella Club Residences","Central Region","Southern Islands",1.2504,103.82539,"Entire home/apt",1294,3,1,"25.08.2016",0.03,3,155
"517","12118751","Cosy yacht in the island city",4947802,"Noreen","Central Region","Queenstown",1.29236,103.76327,"Entire home/apt",140,1,19,"17.07.2017",0.49,1,0
"518","12162272","Great location. Spacious. Well equipped. Safe.",65322694,"Angelina","Central Region","Kallang",1.30011,103.86118,"Entire home/apt",150,1,193,"13.08.2019",5.04,2,210
"519","12219588","Luxury condo for business/vacation",65728823,"Alex","Central Region","Geylang",1.32957,103.90454,"Entire home/apt",149,4,45,"17.08.2019",1.16,1,346
"522","12299983","Prime Central Apartment For Five",14326542,"Your Home Away From Home","Central Region","Museum",1.30009,103.84502,"Entire home/apt",446,1,272,"24.08.2019",6.95,4,304
"523","12328723","Central Location 2BR 2B Condo &Pool",1154968,"Patrick","Central Region","Outram",1.2786,103.84256,"Entire home/apt",175,20,5,"30.04.2017",0.12,1,0
"525","12377633","Spacious apartment near Bishan MRT",66892187,"Zhao","Central Region","Bishan",1.34777,103.84422,"Entire home/apt",233,180,1,"06.05.2016",0.02,1,365
"526","12463904","T - Plush City Studio at Tiong Bahru.",229339,"Tom","Central Region","Bukit Merah",1.28213,103.83127,"Entire home/apt",110,2,34,"23.07.2019",0.83,26,291
"528","12578193","Luxury 1bdrm apt in Orchard Area (Long-term avai.)",6490133,"Kristin","Central Region","River Valley",1.29985,103.83435,"Entire home/apt",150,2,4,"10.07.2016",0.1,1,0
"529","12606032","Cozy Studio near the City",23722617,"Alex","Central Region","Geylang",1.31299,103.88597,"Entire home/apt",90,6,30,"12.08.2019",0.78,84,55
"530","12614519","Convenient apt 10 mins to MRT",23722617,"Alex","Central Region","Geylang",1.31324,103.88672,"Entire home/apt",81,6,60,"03.08.2019",1.49,84,50
"531","12702541","Cozy condo Singapore City Centre min 3 months stay",1901820,"Patro","Central Region","Rochor",1.30216,103.84699,"Entire home/apt",240,90,26,"22.02.2017",0.72,1,270
"532","12710735","ENTIRE 2BEDROOMS 4 UR FAMILY ONLY",67901691,"Jauhara","North Region","Woodlands",1.43424,103.79784,"Entire home/apt",165,90,16,"02.06.2018",0.4,1,239
"533","12738797","Capella The Club Residences Singapore - 1 BR Suite",9938906,"Capella Club Residences","Central Region","Southern Islands",1.24853,103.82502,"Entire home/apt",765,1,5,"09.07.2017",0.14,3,150
"534","12859055","Cozy & Convenient 1 Bedroom Apt",23722617,"Alex","Central Region","Geylang",1.31339,103.88747,"Entire home/apt",87,4,70,"10.08.2019",1.76,84,57
"535","12909727","Cozy Apartment @ Central Singapore -Unit 5",48641356,"Keith","Central Region","Tanglin",1.32016,103.82547,"Entire home/apt",100,150,3,"24.11.2018",0.08,5,234
"536","12941049","2 Bedroom furnished flat 3 min from MRT stop",11493720,"Mohamed","Central Region","Toa Payoh",1.33996,103.84445,"Entire home/apt",56,1,3,"15.01.2017",0.08,1,0
"537","12963813","Bright and Homely Conservation Shop House in Bugis",68222352,"Luca","Central Region","Downtown Core",1.29853,103.8561,"Entire home/apt",300,3,2,"04.04.2017",0.06,1,0
"538","12988799","3 bedrooms apartment",47723162,"Mickael","Central Region","Bishan",1.36445,103.83159,"Entire home/apt",200,3,2,"10.07.2016",0.05,2,0
"539","12992216","Lam An Reflections",71592359,"Hai Yen","Central Region","Bukit Merah",1.26685,103.81035,"Entire home/apt",815,2,24,"03.08.2019",0.6,1,90
"540","12995321","★CENTRAL★WALK EVERYWHERE★NEAR 6 METROS★QUIET",13943420,"Yan","Central Region","Newton",1.29971,103.84421,"Entire home/apt",185,4,189,"12.08.2019",4.81,1,163
"542","13049120","Luxurious Aparthotel",33342825,"Steve","Central Region","Geylang",1.31867,103.89315,"Entire home/apt",210,1,5,"07.12.2017",0.13,1,364
"543","13070201","Private Fully Furnished Cozy Home",12752850,"Jason","Central Region","Marine Parade",1.30785,103.89473,"Entire home/apt",350,1,3,"30.10.2016",0.08,4,87
"544","13084855","2 BEDROOM APARTMENT IN NEW & MODERN CONDO",54687314,"Alexa","East Region","Bedok",1.33025,103.90567,"Entire home/apt",110,7,1,"11.06.2016",0.03,1,0
"546","13123626","♪♪Charming & Sapcious Suite 2BR Apartment (msl1)",31464513,"Darcy","Central Region","Kallang",1.32738,103.86449,"Entire home/apt",250,10,1,"07.11.2017",0.05,114,264
"548","13147568","♪♪Serviced Suites for Medical Clients (zsm)",31464513,"Darcy","Central Region","Novena",1.32329,103.85201,"Entire home/apt",268,10,3,"29.06.2017",0.08,114,365
"550","13193282","Adam’s previous place. Don’t book!",5581515,"Adam","Central Region","Rochor",1.30112,103.85149,"Entire home/apt",149,5,10,"08.06.2018",0.27,2,0
"551","13225522","Luxury Villa 5lvl+5Rm+bathrm(Long Term)",48381928,"Rare.Group","North-East Region","Serangoon",1.3859,103.87357,"Entire home/apt",235,3,6,"09.01.2017",0.15,2,180
"553","13232278","Near to Central with Free Parking",74275888,"Linda","Central Region","Geylang",1.31447,103.88699,"Entire home/apt",125,6,1,"29.07.2016",0.03,3,103
"554","13235212","Cozy & Convenient One Bedroom Apt",23722617,"Alex","Central Region","Geylang",1.31461,103.88635,"Entire home/apt",99,5,13,"06.08.2019",0.34,84,70
"555","13243736","Charming 2Bed-2Bath- Parking Full Apartment",5092893,"Sam","Central Region","Bishan",1.35648,103.82829,"Entire home/apt",199,2,48,"09.06.2019",1.43,2,271
"556","13247026","✪✪ 2BR City Fringe Cosy Unit Near Town Sky (zsm)",8492007,"Alvin","Central Region","Novena",1.32746,103.84685,"Entire home/apt",218,10,3,"02.02.2017",0.08,203,365
"557","13255894","LUXURY 3 BEDRM by INSEAD & BIOPOLIS",6492694,"Lucy","Central Region","Bukit Timah",1.31376,103.7788,"Entire home/apt",199,3,2,"16.08.2016",0.05,1,0
"558","13265306","❀1 BedRoom City fringe high floor nice view",8492007,"Alvin","Central Region","Novena",1.32093,103.85278,"Entire home/apt",137,7,4,"06.07.2017",0.1,203,339
"559","13265702","❀❀2BR Nice homey unit city fringe (BL2)",8492007,"Alvin","Central Region","Novena",1.32414,103.8527,"Entire home/apt",250,3,18,"22.04.2018",0.46,203,259
"560","13266699","Bright & Beautiful 2 Bedroom Apt above MRT #34",20870482,"Win","Central Region","Outram",1.28161,103.83985,"Entire home/apt",206,3,48,"10.06.2019",1.24,9,69
"561","13275737","Comfortable apt home away from home",23722617,"Alex","Central Region","Geylang",1.31313,103.88755,"Entire home/apt",85,20,51,"29.12.2018",1.33,84,36
"562","13284904","Marina Bay Beach MRT Malls 12min walk",74937081,"Rachel","Central Region","Kallang",1.29718,103.87737,"Entire home/apt",122,4,1,"24.09.2017",0.04,1,0
"563","13285000","Great 3 bedroom apartment with balcony in the city",5022152,"Frank","Central Region","Tanglin",1.30004,103.81597,"Entire home/apt",258,3,3,"31.07.2017",0.08,1,0
"566","13364584","comfortable loft apartment 4-8guests",42182224,"Kiddy","West Region","Choa Chu Kang",1.3799,103.76061,"Entire home/apt",186,30,4,"25.02.2017",0.12,3,0
"567","13381343","The Elephant Mansion",16741163,"Nadira","Central Region","Geylang",1.31501,103.90151,"Entire home/apt",200,2,3,"30.07.2016",0.08,1,0
"568","13387049","Beautiful luxury apartment@ Orchard",31645237,"Eva","Central Region","Tanglin",1.31331,103.82491,"Entire home/apt",215,2,8,"24.07.2017",0.21,1,0
"569","13418425","Cozy & Comfy Apartment",23722617,"Alex","Central Region","Geylang",1.31314,103.88665,"Entire home/apt",82,5,70,"14.07.2019",2.06,84,41
"570","13462899","Premium Central Apartment For Five",14326542,"Your Home Away From Home","Central Region","Museum",1.29925,103.84557,"Entire home/apt",450,1,259,"26.08.2019",6.85,4,294
"571","13468399","2 Bedroom Family holiday Only 4U",77033921,"Armanadurni","North Region","Woodlands",1.43115,103.78645,"Entire home/apt",400,5,6,"07.07.2017",0.17,1,83
"572","13477082","1br entire appartment in River Valley - Somerset",1192918,"Francois","Central Region","River Valley",1.29629,103.83707,"Entire home/apt",106,4,2,"08.08.2016",0.05,1,0
"573","13520230","Designer's 4 BR Penthouse with Superb Glass House",74275888,"Linda","Central Region","Geylang",1.31335,103.8854,"Entire home/apt",439,2,3,"23.08.2017",0.08,3,56
"574","13523211","Sunny 1+1 Condo with Amazing view 1min from MRT",3863993,"Priscilla","Central Region","Kallang",1.30872,103.86203,"Entire home/apt",117,3,2,"27.12.2016",0.06,1,0
"576","13625358","高级公寓｡交通四方八达｡饮食天堂｡二十四小时超市｡",78957706,"Lee","Central Region","Geylang",1.31582,103.88708,"Entire home/apt",128,1,12,"18.06.2018",0.31,1,0
"578","13664592","Best Service Apartment in SG",53686623,"Yikhin","Central Region","Geylang",1.31563,103.88696,"Entire home/apt",69,2,1,"19.07.2016",0.03,1,0
"579","13756029","Master room 151 Ang Mo Kio Ave 5",76690273,"光雄 Terence","West Region","Western Water Catchment",1.4062,103.66547,"Entire home/apt",60,180,2,"07.07.2016",0.05,1,364
"580","13855049","T - Cosy Bright City Studio in Tiong Bahru",229339,"Tom","Central Region","Bukit Merah",1.28367,103.8306,"Entire home/apt",97,2,1,"13.07.2016",0.03,26,329
"581","13872285","New apartment in the heart of Orchard Road.",82046926,"Christina","Central Region","River Valley",1.29842,103.83542,"Entire home/apt",181,180,3,"28.08.2016",0.08,1,0
"583","13936031","Cozy 2 Bedroom Apartment",23722617,"Alex","Central Region","Geylang",1.31364,103.88595,"Entire home/apt",181,10,4,"28.05.2019",0.21,84,74
"585","14002684","Spacious at a super central location with big pool",7538974,"Ingeborg","Central Region","Rochor",1.30191,103.84837,"Entire home/apt",250,3,3,"24.08.2016",0.08,1,0
"587","14020127","Condo Near Kambangan MRT",83878917,"Elaine","East Region","Bedok",1.3181,103.91159,"Entire home/apt",181,90,18,"02.01.2018",0.48,1,0
"589","14071413","5 bedroom Apt suitable for Big family near city.",9653330,"Cozy","Central Region","Geylang",1.31123,103.87814,"Entire home/apt",299,1,83,"29.07.2019",2.24,3,330
"590","14078493","MaisonSims302",33189209,"Anthony","Central Region","Geylang",1.31596,103.88824,"Entire home/apt",199,2,60,"13.08.2019",1.64,23,30
"591","14082015","Gorgeous 85sqm 1BR on Beach Road!",42288055,"Ronen","Central Region","Kallang",1.3022,103.86236,"Entire home/apt",190,4,8,"02.03.2018",0.22,1,0
"592","14094341","Spacious 1 BR Super Deluxe near Orchard",84635959,"Alocassia","Central Region","Tanglin",1.31887,103.82812,"Entire home/apt",203,6,1,"22.11.2017",0.05,1,362
"593","14134745","Newton/Novena MRT/Bus 3-5min to Orchard 6+ pax",85287197,"Pineapple","Central Region","Novena",1.31833,103.8424,"Entire home/apt",250,2,84,"29.07.2019",2.23,1,31
"594","14161622","MARINA BAY / LAU PA SAT / SEAVIEW / LUXURY 2 BEDRM",48754014,"Mily","Central Region","Downtown Core",1.27858,103.84891,"Entire home/apt",219,3,70,"17.08.2019",2.12,2,22
"596","14196766","♥♥Lovely 2BR@Central 5 min to City (BL5)",31464513,"Darcy","Central Region","Novena",1.32329,103.85197,"Entire home/apt",237,4,2,"10.04.2019",0.1,114,260
"597","14211027","Orchard Luxury Stylish Resort 3 Bedroom.",86278590,"Prash & Niko","Central Region","Tanglin",1.29597,103.82883,"Entire home/apt",450,2,46,"10.07.2018",1.25,1,43
"599","14223124","Copenhagen Room in NYTimes Featured Heritage Home",29032695,"Fang Wei","Central Region","Geylang",1.31338,103.88472,"Entire home/apt",140,29,62,"04.12.2017",1.68,5,59
"600","14245740","Cozy 2- bedroom Home Away From Home",22875236,"Beat","North-East Region","Punggol",1.39145,103.9126,"Entire home/apt",149,2,110,"07.08.2019",3.28,1,269
"601","14248210","Convenient Studio at Chinatown",23722617,"Alex","Central Region","Outram",1.28313,103.84376,"Entire home/apt",115,5,24,"11.08.2019",0.65,84,62
"602","14289091","One bed room condominium",87219452,"Michael","East Region","Pasir Ris",1.37602,103.96047,"Entire home/apt",100,2,5,"29.09.2018",0.14,1,239
"603","14325761","Beautiful Holland Village apartment",85261220,"Fatima","Central Region","Bukit Timah",1.31319,103.79247,"Entire home/apt",131,2,19,"29.07.2018",0.53,1,0
"604","14341511","Brand New Apartment in City Fringe of Singapore",7609000,"Jay","North-East Region","Hougang",1.35621,103.8873,"Entire home/apt",500,1,9,"07.04.2017",0.26,1,358
"606","14376831","Lovely New 2Br @ 2 MRT Novena Newton Orchard BEST",22103887,"John","Central Region","Novena",1.3159,103.84241,"Entire home/apt",250,4,35,"13.08.2019",1.04,3,283
"607","14378115","Amsterdam Room in Award Winning Heritage Shophouse",29032695,"Fang Wei","Central Region","Geylang",1.31141,103.88352,"Entire home/apt",125,29,46,"02.08.2019",1.27,5,81
"608","14387136","4 Discount Bright Quiet 2BR Big Balcony near City",17404486,"Cal","Central Region","Geylang",1.30996,103.90159,"Entire home/apt",183,2,76,"21.08.2019",2.06,9,135
"609","14390525","Cosy & Clean 2BR Full-equipped Apt/Near MRT@Centra",28004549,"Kenneth","Central Region","Geylang",1.31229,103.87582,"Entire home/apt",176,2,144,"12.08.2019",3.93,6,172
"610","14397294","Oslo Room in NYTimes-Featured Heritage Shophouse",29032695,"Fang Wei","Central Region","Geylang",1.31253,103.8849,"Entire home/apt",119,29,76,"28.06.2019",2.13,5,34
"611","14417793","✪1BR CITY VIEW BED ROOM  (T)",8492007,"Alvin","Central Region","Novena",1.32556,103.85404,"Entire home/apt",150,7,12,"30.04.2019",0.34,203,364
"613","14497186","Capsule Pod Single Bed in 4 Female Share Room",87411537,"Keith","Central Region","Outram",1.28374,103.84409,"Entire home/apt",42,1,6,"26.11.2017",0.16,7,346
"614","14506386","1Discount Bright Homey 2BR near City PeranakanArea",17404486,"Cal","Central Region","Marine Parade",1.30917,103.9017,"Entire home/apt",164,2,73,"27.08.2019",1.99,9,144
"615","14509613","Beach Resort style living海边度假风格的套房",89646375,"Wendy","East Region","Pasir Ris",1.37749,103.96185,"Entire home/apt",99,365,46,"18.11.2018",1.27,1,0
"616","14518361","Helsinki Loft in Award-winning Heritage Shophouse",29032695,"Fang Wei","Central Region","Geylang",1.31174,103.88368,"Entire home/apt",160,29,67,"25.05.2018",1.83,5,85
"617","14530157","65m2 cozy condo with pool near Paya Lebar MRT",3162951,"Nicolas","Central Region","Geylang",1.31309,103.89127,"Entire home/apt",100,5,8,"10.06.2019",0.22,1,0
"618","14548711","✪1BR Nice view Near Novena Sky (LT)",8492007,"Alvin","Central Region","Novena",1.32692,103.84802,"Entire home/apt",139,10,36,"24.05.2019",1.01,203,364
"619","14557631","Studio unit in River Valley",23722617,"Alex","Central Region","River Valley",1.29461,103.83991,"Entire home/apt",110,4,69,"12.07.2019",1.88,84,39
"620","14595254","Cosy Open concept studio Opposite Chinatown MRT",14521708,"Shirley","Central Region","Outram",1.28405,103.84508,"Entire home/apt",119,5,9,"30.07.2019",0.31,67,78
"621","14600122","4Discount Bright 2BR Big Balcony near City & Beach",17404486,"Cal","Central Region","Marine Parade",1.30921,103.90088,"Entire home/apt",183,2,109,"21.08.2019",2.98,9,149
"622","14603307","1 Superhost Bright Airy 2BR near City & Beach",90604639,"Zhen And Toni","Central Region","Marine Parade",1.30876,103.90045,"Entire home/apt",164,2,44,"15.07.2019",1.2,9,144
"623","14620083","Capella The Club Residences Singapore - 3 BR Suite",9938906,"Capella Club Residences","Central Region","Southern Islands",1.24918,103.82509,"Entire home/apt",2943,1,3,"13.02.2019",0.21,3,92
"624","14639095","1br Private Apartment 3min from MRT",90613922,"Jiayi","Central Region","Rochor",1.3115,103.85339,"Entire home/apt",119,3,82,"05.07.2019",2.27,10,0
"625","14682068","Cosy Open Concept Studio in City Opp Chinatown MRT",14521708,"Shirley","Central Region","Outram",1.28356,103.84368,"Entire home/apt",119,5,22,"12.05.2019",0.6,67,135
"626","14701395","Lux One Bedder @Novena",45661681,"Betty","Central Region","Novena",1.32149,103.84119,"Entire home/apt",149,7,2,"17.08.2019",0.07,8,365
"627","14706427","4 Bright Airy 2BR near City-Superhost Discount",90604639,"Zhen And Toni","Central Region","Marine Parade",1.30903,103.90167,"Entire home/apt",185,2,74,"26.08.2019",2.1,9,149
"628","14718255","Cozy Studio in Chinatown",23722617,"Alex","Central Region","Outram",1.28376,103.84445,"Entire home/apt",119,5,16,"27.07.2019",0.44,84,65
"629","14725770","Convenient Apt in Chinatown opposite MRT",23722617,"Alex","Central Region","Outram",1.28334,103.84512,"Entire home/apt",110,5,7,"05.08.2019",0.2,84,64
"630","14734016","Spacious private apartment near Robertson Quay",2626956,"Alex","Central Region","River Valley",1.29254,103.83773,"Entire home/apt",106,7,7,"31.12.2018",0.19,1,0
"631","14737793","2 bedroom condo for rent",32184450,"Apollo","Central Region","Novena",1.32676,103.84691,"Entire home/apt",200,3,14,"29.01.2019",0.39,67,365
"632","14740975","Cozy Studio opposite Chinatown MRT",23722617,"Alex","Central Region","Outram",1.28394,103.8442,"Entire home/apt",115,6,53,"20.07.2019",1.48,84,54
"633","14775190","❀❀2 Bed Room @ whampo market (BL3)",8492007,"Alvin","Central Region","Novena",1.32251,103.85369,"Entire home/apt",218,7,1,"11.08.2017",0.04,203,301
"634","14775222","❀❀❀3BR@Opp Zhong Shan mall",8492007,"Alvin","Central Region","Novena",1.32396,103.84858,"Entire home/apt",300,7,3,"15.06.2018",0.08,203,264
"635","14791185","Bright & Airy 1BR private apartment 3mins from MRT",90613922,"Jiayi","Central Region","Rochor",1.30992,103.85421,"Entire home/apt",119,3,83,"29.07.2019",2.4,10,0
"636","14810638","4 Discount 2BR Heritage Area near City & Beach",17404486,"Cal","Central Region","Marine Parade",1.30937,103.90039,"Entire home/apt",183,2,43,"29.07.2019",1.24,9,148
"638","15019776","3 Discount Superior 2BR Special area & near city",17404486,"Cal","Central Region","Marine Parade",1.30737,103.90065,"Entire home/apt",204,2,92,"22.08.2019",2.57,9,152
"639","15034944","Cosy 2BR for Family Near MRT Purpleline",31464513,"Darcy","Central Region","Kallang",1.32176,103.8632,"Entire home/apt",256,12,2,"11.07.2018",0.11,114,358
"640","15045224","❀❀❀3BR Heart of Singapore at bugis Sunshine! (sp)",8492007,"Alvin","Central Region","Rochor",1.30067,103.84967,"Entire home/apt",358,7,5,"08.08.2019",0.18,203,256
"641","15077998","Loft Apartment (Opposite Chinatown MRT)",14521708,"Shirley","Central Region","Outram",1.28342,103.84594,"Entire home/apt",125,5,9,"30.04.2019",0.3,67,81
"642","15087980","Spacious Loft Apartment (Opposite Chinatown MRT)",14521708,"Shirley","Central Region","Outram",1.28381,103.84429,"Entire home/apt",131,5,20,"22.07.2019",0.61,67,44
"643","15091338","✪✪✪3BR river condo @ Boon Keng Mrt (ers)",8492007,"Alvin","Central Region","Kallang",1.32007,103.86337,"Entire home/apt",287,10,10,"02.08.2019",0.29,203,364
"644","15100514","Amazing Holiday Condo Apartment -min walk to 3 MRT",21149720,"Mike","Central Region","Kallang",1.31122,103.85924,"Entire home/apt",222,1,2,"18.03.2018",0.09,16,351
"645","15126351","♥♥Luxury Suite 2BR Farrer park MRT (FPS2)",31464513,"Darcy","Central Region","Kallang",1.31374,103.85345,"Entire home/apt",225,5,9,"05.05.2019",0.26,114,247
"646","15135575","One bedroom apartment in Robertson Quay",24351539,"Lucia","Central Region","Singapore River",1.29009,103.84011,"Entire home/apt",110,60,3,"31.07.2017",0.09,1,148
"647","15139438","3 bedroom condo in bugis",32184450,"Apollo","Central Region","Rochor",1.29925,103.85157,"Entire home/apt",300,10,10,"22.07.2017",0.29,67,264
"648","15154001","2BR Apt Tanjong Pagar Downtown/CBD #02",53360239,"Win","Central Region","Downtown Core",1.2755,103.84553,"Entire home/apt",275,3,105,"11.08.2019",2.96,2,85
"649","15159420","BUGIS.ORCHD 1Min MRT Condo/Pool/Games Walk Evrwhr",9794916,"Sara","Central Region","Rochor",1.30295,103.85208,"Entire home/apt",258,2,138,"01.08.2019",3.87,3,0
"650","15159996","❀❀❀3BR Cosy & nice nearby Novena Skyview (zsm)",8492007,"Alvin","Central Region","Novena",1.32788,103.84788,"Entire home/apt",350,7,4,"03.01.2019",0.12,203,48
"651","15164027","600 review host-1 bedroom condo in boon keng",32184450,"Apollo","Central Region","Kallang",1.31646,103.86416,"Entire home/apt",131,3,5,"01.04.2017",0.14,67,365
"652","15164071","600个评价的房东-2 bedroom condo",32184450,"Apollo","Central Region","Kallang",1.32832,103.86543,"Entire home/apt",200,5,13,"13.07.2019",0.4,67,346
"654","15197371","Whole Condo Unit for 5pax ( Infront Aljunied MRT)",73113530,"Lei Vee","Central Region","Geylang",1.31327,103.8818,"Entire home/apt",140,2,39,"01.08.2019",1.15,2,343
"655","15201442","2BR Charming apt for Family Stay Excellent Area",35691521,"Vinn","Central Region","Novena",1.32479,103.85232,"Entire home/apt",244,5,5,"21.02.2019",0.15,45,254
"656","15227413","Spacious and charming 4 bedroom house",184596,"Pauline Et Seb","North-East Region","Hougang",1.36419,103.8774,"Entire home/apt",310,2,6,"24.07.2019",0.18,1,346
"657","15267692","Walk up 1 bedroom @ Sophia Road",23722617,"Alex","Central Region","Newton",1.30314,103.84542,"Entire home/apt",90,6,30,"08.08.2019",0.93,84,2
"658","15274648","Shophouse Chic with Terrace",1584407,"Richard","Central Region","Marine Parade",1.30588,103.90372,"Entire home/apt",194,2,8,"25.08.2019",0.28,5,223
"660","15364548","New Spacious Studio Apt @ Somerset /Orchard Area",61619807,"Ong","Central Region","River Valley",1.29577,103.83939,"Entire home/apt",140,2,37,"13.08.2019",1.07,27,323
"661","15394784","NEW Cosy Studio Apt /WIFI @ Central / Orchard Area",46685310,"L","Central Region","River Valley",1.29684,103.84017,"Entire home/apt",139,2,11,"25.07.2019",0.37,28,321
"662","15454153","2 Bedroom Fully furnished apartment - Flora Drive",2327574,"Juliana","East Region","Pasir Ris",1.35601,103.96595,"Entire home/apt",190,6,9,"11.08.2019",0.31,2,349
"664","15492056","Condo Apartment with Pool/Gym -min walk to 3 MRT",21149720,"Mike","Central Region","Kallang",1.31229,103.85872,"Entire home/apt",194,1,4,"28.03.2018",0.19,16,351
"665","15501491","Studio Unit w 100% Freedom&Privacy",27017775,"Angela","North-East Region","Ang Mo Kio",1.38443,103.83919,"Entire home/apt",69,3,44,"31.07.2019",2.52,1,61
"667","15536743","New Cosy Studio Apt / WIFI @ Orchard/Somerset Area",46685310,"L","Central Region","River Valley",1.29826,103.83843,"Entire home/apt",139,2,74,"11.08.2019",2.14,28,286
"668","15553505","2 Story Penthouse Robertson Quay Resort Style",4310996,"Véronique","Central Region","Singapore River",1.29091,103.84162,"Entire home/apt",499,3,5,"29.01.2019",0.16,1,0
"669","15580911","NEW Spacious 2 Queen bed Studio Apt @ Orchard Area",10248444,"Rc","Central Region","River Valley",1.2976,103.837,"Entire home/apt",169,2,126,"08.08.2019",3.68,48,230
"670","15589669","3 Bedroom Fully furnished apt -Simei MRT",2327574,"Juliana","East Region","Tampines",1.34534,103.95317,"Entire home/apt",219,7,2,"03.10.2018",0.06,2,315
"671","15600898","1 Bedroom  Beside Shaw Plaza BlB",29420853,"Aaron","Central Region","Novena",1.3226,103.85418,"Entire home/apt",131,15,4,"24.08.2019",0.2,141,365
"672","15601142","2 Bedrooms @ Central TM",29420853,"Aaron","Central Region","Novena",1.32075,103.85369,"Entire home/apt",200,20,4,"20.07.2019",0.14,141,261
"673","15619288","Central Condo Unit with Pool/Gym-min walk to 3 MRT",21149720,"Mike","Central Region","Kallang",1.31131,103.85713,"Entire home/apt",194,1,6,"02.06.2018",0.2,16,351
"674","15634389","Cozy Condo Unit near 3 MRT Stations",21149720,"Mike","Central Region","Kallang",1.31125,103.85958,"Entire home/apt",194,1,1,"13.09.2017",0.04,16,351
"675","15656782","Mini Studio Villa (10 minutes to bus-stop & MRT)",11390076,"Tryston","Central Region","Bukit Timah",1.3315,103.80797,"Entire home/apt",150,4,31,"01.08.2019",0.97,18,90
"676","15709193","2BR [E] Srvcd Apt ★ 4mins walk to Novena MRT",101145755,"Joanne","Central Region","Novena",1.31775,103.8443,"Entire home/apt",319,3,1,"10.02.2019",0.15,11,365
"679","15721063","Resort Style 1 Bedroom Condo near East Coast",37291236,"Jason","East Region","Bedok",1.3074,103.91086,"Entire home/apt",137,1,27,"11.07.2017",0.79,2,0
"680","15722934","Studio apt opp Chinatown MRT",23722617,"Alex","Central Region","Outram",1.28351,103.84418,"Entire home/apt",115,4,41,"06.08.2019",1.23,84,47
"681","15727280","Holiday Condo Apartment -min walk to 3 MRT",21149720,"Mike","Central Region","Kallang",1.3113,103.86166,"Entire home/apt",201,1,2,"08.07.2017",0.07,16,351
"682","15735824","ONE BEDROOM GRAND RESIDENCES AT RAFFLES PLACE",31773419,"Teo","Central Region","Downtown Core",1.28035,103.8491,"Entire home/apt",146,1,26,"23.07.2019",1.38,5,333
"683","15736567","Living Space Infused With Local Elements",101683980,"Sean","Central Region","Kallang",1.30379,103.86212,"Entire home/apt",150,1,37,"02.07.2017",1.1,1,0
"684","15747017","Renovated Chinese Merchant Shophouse Singapore",1662175,"Adam","Central Region","Bukit Merah",1.27598,103.83826,"Entire home/apt",175,2,81,"17.05.2019",2.38,1,0
"686","15751182","10min Orchard! 1-2 Pax Studio Mini 5 min MRT & MBS",7080517,"Ruth Mandy","Central Region","Kallang",1.31805,103.86152,"Entire home/apt",85,28,4,"13.08.2019",0.13,11,336
"687","15792137","Chinatown Chic & Cozy Studio Single",23336011,"Heritage Apartments","Central Region","Outram",1.28378,103.84476,"Entire home/apt",85,7,58,"23.08.2019",1.75,40,362
"688","15792808","Chinatown Warm & Modern Studio Apartment",23336011,"Heritage Apartments","Central Region","Outram",1.28148,103.84682,"Entire home/apt",94,5,67,"24.08.2019",2.06,40,364
"691","15845410","Promo pricing :) 1bdr app in a Resort-Style condo",102642786,"Iana","East Region","Bedok",1.32953,103.90664,"Entire home/apt",99,3,4,"08.01.2017",0.12,1,0
"692","15870203","♪♪Family Suite Novena Near Mount E Hospital (zsm)",31464513,"Darcy","Central Region","Novena",1.32861,103.84341,"Entire home/apt",219,10,4,"29.03.2019",0.12,114,365
"693","15896087","New 1 bedroom condo near city centre",90619731,"Kate","Central Region","Kallang",1.32346,103.8657,"Entire home/apt",87,5,6,"29.07.2018",0.18,1,0
"694","15977143","2BR [H] Srvcd Apt ★ Buona Vista",101145755,"Joanne","Central Region","Queenstown",1.30488,103.784,"Entire home/apt",319,3,2,"18.07.2019",0.06,11,352
"695","16005135","Beautiful ground floor water front apartment",16347502,"Carlijn","Central Region","Bukit Merah",1.26768,103.81521,"Entire home/apt",250,3,2,"01.01.2018",0.06,1,223
"696","16057988","CleanCosyApt Beautiful Hills&CottageView By theSea",772728,"Sunrise","Central Region","Queenstown",1.2792,103.78634,"Entire home/apt",237,3,35,"04.08.2019",1.35,1,244
"697","16073324","靠近宏茂桥地铁三房一厅公寓整套短租到12月7日",32171129,"Winnie","North-East Region","Ang Mo Kio",1.3767,103.84706,"Entire home/apt",131,1,1,"04.12.2016",0.03,2,0
"698","16118606","Cosy Balinese studio in town",11463785,"Dianne","Central Region","Kallang",1.315,103.85823,"Entire home/apt",90,5,8,"18.07.2019",0.24,3,166
"699","16136815","One room flat in Geylang with infinite pool",11928158,"Antoine","Central Region","Geylang",1.31472,103.88835,"Entire home/apt",65,4,6,"18.03.2017",0.18,1,0
"700","16138519","✪✪ 2 BR at Boon Keng city fringe area 8RS (D)",8492007,"Alvin","Central Region","Kallang",1.31938,103.86324,"Entire home/apt",200,10,12,"04.05.2018",0.38,203,0
"701","16140165","Entire Condo Unit in Downtown-min walk to 3 MRT",21149720,"Mike","Central Region","Kallang",1.3112,103.86107,"Entire home/apt",208,1,23,"18.08.2019",0.78,16,351
"702","16148344","Lovely & Spacious 3BR Suite Near MRT",35691521,"Vinn","Central Region","Kallang",1.32238,103.863,"Entire home/apt",299,7,3,"28.07.2018",0.12,45,262
"703","16164398","2 Amazing House @ Central MsL",29420853,"Aaron","Central Region","Kallang",1.32912,103.8645,"Entire home/apt",200,3,1,"30.08.2018",0.08,141,264
"704","16167315","Superb cosy unit near city.",27687599,"William","Central Region","Geylang",1.31372,103.88747,"Entire home/apt",118,1,144,"22.08.2019",4.34,1,90
"705","16174252","Humble & Conveniently Located 1BR in Katong Area",66406177,"Jay","Central Region","Marine Parade",1.3057,103.89816,"Entire home/apt",90,4,19,"02.06.2018",0.67,274,0
"706","16182554","Charming Studio @ River Valley",23722617,"Alex","Central Region","River Valley",1.29482,103.84014,"Entire home/apt",115,7,18,"30.06.2019",0.58,84,46
"707","16208216","Apartment with a view",42473981,"Frieda","Central Region","Tanglin",1.31737,103.82765,"Entire home/apt",126,5,5,"02.04.2017",0.15,1,0
"708","16220876","Stunning bungalow with private pool",249361,"Rebecca & Olaf","Central Region","Marine Parade",1.29813,103.88874,"Entire home/apt",485,3,13,"16.08.2019",0.4,1,0
"709","16232588","Private studio with infinite pool in Geylang",9560419,"Florent","Central Region","Geylang",1.3131,103.88963,"Entire home/apt",81,5,2,"04.02.2017",0.06,1,0
"710","16236835","Comfy Studio 10 mins to MRT",23722617,"Alex","Central Region","Geylang",1.31347,103.88763,"Entire home/apt",94,6,16,"02.08.2019",0.52,84,72
"711","16246877","Cosy 2BD with Parking Included",104308804,"Eric","North-East Region","Serangoon",1.35439,103.86644,"Entire home/apt",147,90,2,"05.02.2017",0.06,1,180
"712","16268973","Stylish 1Bedrm Apt | 3mins walk Farrer Park MRT",41039458,"Zack","Central Region","Kallang",1.31423,103.85512,"Entire home/apt",129,25,6,"30.11.2018",0.24,10,71
"713","16280294","Cosy Kyoto Room in Award Winning Shophouse!",15655586,"Shuying","Central Region","Geylang",1.31411,103.88464,"Entire home/apt",115,29,76,"06.08.2019",2.35,12,25
"714","16281437","Spacious Tokyo Room in NYTimes Featured Shophouse",15655586,"Shuying","Central Region","Geylang",1.31231,103.88357,"Entire home/apt",150,29,65,"19.02.2019",2,12,87
"715","16317734","Cosy Entire Studio at Novena (city)",106359670,"Gy","Central Region","Novena",1.3171,103.84371,"Entire home/apt",124,2,1,"13.01.2017",0.03,1,0
"716","16332500","City Studio Apartment /WIFI@ Orchard/ Central Area",61619807,"Ong","Central Region","River Valley",1.29463,103.83995,"Entire home/apt",135,2,22,"11.08.2019",0.69,27,313
"717","16354124","4 Superhost Bright Airy 2BR near City-Discount",90604639,"Zhen And Toni","Central Region","Marine Parade",1.30778,103.90049,"Entire home/apt",185,2,46,"21.08.2019",1.57,9,134
"718","16381367","Cozy Private Room in Nice Apartment with Pool",26246420,"Jordan","Central Region","Bukit Timah",1.33861,103.78077,"Entire home/apt",31,90,14,"23.04.2018",0.43,1,0
"719","16382475","Casa Sims 201",16305681,"Ace Beautiful Homes","Central Region","Geylang",1.31604,103.88861,"Entire home/apt",199,3,9,"22.07.2019",0.31,17,51
"720","16383852","Casa Sims302",16305681,"Ace Beautiful Homes","Central Region","Geylang",1.31499,103.88751,"Entire home/apt",199,3,1,"30.12.2018",0.12,17,30
"721","16385749","Huge central condo city harbour views Downtown CDB",71585233,"Alex","Central Region","Downtown Core",1.27675,103.84515,"Entire home/apt",400,1,185,"18.08.2019",5.63,5,242
"722","16388822","1 Bedroom Sky Condo Zsm",29420853,"Aaron","Central Region","Novena",1.32914,103.84838,"Entire home/apt",131,10,9,"07.02.2019",0.31,141,333
"723","16391421","Comfy Studio Apt/ WIFI @ Orchard/Somerset area",61619807,"Ong","Central Region","Orchard",1.29998,103.8397,"Entire home/apt",131,2,130,"11.08.2019",3.98,27,266
"725","16401676","Comfy 2 Queen Beds Studio Apt@Central/Orchard Area",61619807,"Ong","Central Region","River Valley",1.29834,103.83997,"Entire home/apt",175,2,67,"11.08.2019",2.08,27,314
"726","16407773","1BR Suite in Chinatown/CBD above MRT (#65)",107501827,"Mich","Central Region","Outram",1.28146,103.84875,"Entire home/apt",190,3,85,"14.07.2019",2.6,8,62
"727","16408793","♥♥Family 2BR Suite Spacious & Good Location (msl1)",31464513,"Darcy","Central Region","Kallang",1.32872,103.86627,"Entire home/apt",208,7,2,"07.12.2018",0.19,114,264
"728","16411298","Spacious 1 Bedroom apartment",14521708,"Shirley","Central Region","Geylang",1.31546,103.88615,"Entire home/apt",94,4,20,"23.06.2019",0.65,67,57
"729","16411675","Spacious 1 bedroom suite (Walk to Aljunied MRT)",14521708,"Shirley","Central Region","Geylang",1.31552,103.88795,"Entire home/apt",110,5,11,"19.06.2019",0.35,67,90
"730","16412115","1 bedroom with balcony (Walk to Aljunied MRT)",14521708,"Shirley","Central Region","Geylang",1.31356,103.88717,"Entire home/apt",94,1,29,"01.07.2019",1.23,67,78
"731","16412556","1 Bedroom apartment",14521708,"Shirley","Central Region","Geylang",1.31377,103.88733,"Entire home/apt",90,1,25,"28.05.2019",0.78,67,116
"732","16412994","Spacious and cosy 1 bedroom apartment",14521708,"Shirley","Central Region","Geylang",1.31332,103.88741,"Entire home/apt",90,1,14,"28.07.2019",0.43,67,54
"733","16422291","1 Superhost 5Stars Bright 2BR BigBalcony near City",90604639,"Zhen And Toni","Central Region","Marine Parade",1.30743,103.90046,"Entire home/apt",164,2,59,"12.08.2019",1.91,9,149
"734","16435491","✪✪2BR skyview beside shopping mall Sky (zsm)",8492007,"Alvin","Central Region","Novena",1.32609,103.84719,"Entire home/apt",210,10,4,"23.06.2019",0.13,203,365
"736","16443023","CENTRAL / LAU PA SAT / MRT 2BEDRM",48754014,"Mily","Central Region","Downtown Core",1.28044,103.84864,"Entire home/apt",219,3,84,"21.08.2019",2.62,2,0
"738","16460492","Luxury 2 BR Home above MRT in Chinatown #16 (市区公寓)",107501827,"Mich","Central Region","Outram",1.27965,103.8404,"Entire home/apt",240,3,52,"16.04.2019",1.6,8,138
"740","16525305","53 Happy Colourful Cosy Penthouse-Discount",90604639,"Zhen And Toni","Central Region","Marine Parade",1.30794,103.90147,"Entire home/apt",199,2,82,"21.08.2019",2.53,9,150
"741","16527216","54Superhost 5 Stars Deluxe Penthouse 2BR near City",90604639,"Zhen And Toni","Central Region","Marine Parade",1.30749,103.89998,"Entire home/apt",224,2,73,"18.08.2019",2.25,9,135
"744","16562021","Ground floor Spacious 1 bedroom Unit",14521708,"Shirley","Central Region","Geylang",1.31534,103.88764,"Entire home/apt",94,4,24,"31.07.2019",0.78,67,64
"745","16565237","Great Location Cozy Studio Apt /WIFI@ Orchard Area",61619807,"Ong","Central Region","Orchard",1.29999,103.83991,"Entire home/apt",128,2,78,"02.08.2019",2.51,27,301
"746","16578060","Central Studio Apt /WIFI @ Orchard /Somerset Area",61619807,"Ong","Central Region","River Valley",1.29661,103.83932,"Entire home/apt",106,2,117,"04.08.2019",3.64,27,310
"747","16582518","♪♪Mount Elizabeth Hospital 2BR Suites (zsm)",31464513,"Darcy","Central Region","Novena",1.32292,103.85237,"Entire home/apt",244,10,2,"11.08.2019",0.25,114,365
"748","16584402","NEW Modern 2 Queen Bed Studio Apt @Orchard/Central",109333133,"Pat","Central Region","River Valley",1.29678,103.83982,"Entire home/apt",169,2,95,"12.08.2019",2.94,18,293
"749","16592870","Cozy & Spacious 2BR Family Choice (Mz)",31464513,"Darcy","Central Region","Novena",1.32502,103.85291,"Entire home/apt",260,75,1,"17.06.2018",0.07,114,0
"750","16603099","T - Sunlit Charismatic Art Deco Suites",229339,"Tom","Central Region","Bukit Merah",1.28191,103.83326,"Entire home/apt",153,2,1,"25.12.2018",0.12,26,314
"751","16606463","Homely One Bedroom at Farrer Park MRT",3748166,"Aileen","Central Region","Kallang",1.31529,103.85442,"Entire home/apt",137,3,46,"27.11.2018",1.71,1,241
"752","16607454","Nicely furnish 1 bedroom apartment (Aljunied MRT)",14521708,"Shirley","Central Region","Geylang",1.31405,103.88738,"Entire home/apt",87,4,26,"08.08.2019",0.81,67,70
"754","16620686","Exotic charm in Joo Chiat Road",47866620,"Nanda","Central Region","Marine Parade",1.30958,103.90295,"Entire home/apt",144,2,92,"08.08.2019",3.18,13,145
"755","16620711","Spacious 2BR Condo 8 mins walk to train station.",109741357,"Lorraine","Central Region","Queenstown",1.28076,103.79176,"Entire home/apt",231,90,91,"07.05.2019",2.83,3,179
"756","16621264","1Br 2-4pax in Orchard 5 mins to MRT",108219571,"Clement","Central Region","River Valley",1.29612,103.83771,"Entire home/apt",131,90,13,"02.05.2017",0.42,1,321
"757","16637898","Studio next to MRT train station 100% privacy",31045157,"Andy","North-East Region","Sengkang",1.38191,103.89163,"Entire home/apt",60,365,10,"16.03.2017",0.32,1,350
"758","16640229","Brand New Cosy 2-Bedroom Apartment",109931020,"Nyah","Central Region","Marine Parade",1.30101,103.89784,"Entire home/apt",269,1,1,"20.01.2017",0.03,1,0
"759","16677104","Holiday Apartment for Family -walk to 3 MRT lines",21149720,"Mike","Central Region","Kallang",1.31232,103.85837,"Entire home/apt",201,1,1,"18.09.2018",0.09,16,351
"760","16701352","Leisure Studio APT 5 mins from Tg Pagar MRT",66406177,"Jay","Central Region","Downtown Core",1.2735,103.84527,"Entire home/apt",144,30,34,"24.07.2019",1.3,274,359
"761","16715096","Cozy Studio Condo",12569371,"Nigel","North Region","Woodlands",1.42913,103.79922,"Entire home/apt",99,90,24,"06.08.2019",0.83,2,365
"762","16726178","New Loft Home near aljunied mrt",1725521,"Benny","Central Region","Geylang",1.31241,103.88184,"Entire home/apt",158,2,121,"17.08.2019",3.81,16,148
"763","16726237","Glamping in Luxurious Bell Tent by the Sea",109089431,"Lydia","East Region","Bedok",1.3051,103.92393,"Entire home/apt",150,1,65,"31.03.2018",2.05,6,54
"764","16735116","T - Peaceful & Restful City studio",229339,"Tom","Central Region","Bukit Merah",1.28394,103.83149,"Entire home/apt",131,2,3,"06.07.2019",0.47,26,349
"765","16741381","Chill place in central Singapore",32547962,"Vishal","Central Region","Novena",1.32295,103.84861,"Entire home/apt",110,2,21,"20.05.2018",0.76,1,0
"766","16742820","Premium Studio In Orchard Road (350 sqft)",111065775,"Abegail","Central Region","River Valley",1.29761,103.83672,"Entire home/apt",149,6,7,"28.02.2019",0.22,19,141
"767","16743909","Cozy Small Studio Apartment Off Orchard (200 sqft)",111065775,"Abegail","Central Region","River Valley",1.29752,103.83843,"Entire home/apt",112,6,18,"17.03.2019",0.58,19,300
"768","16744167","Small Cozy Studio In Somerset Orchard (250 sqft)",111065775,"Abegail","Central Region","River Valley",1.29896,103.8371,"Entire home/apt",119,6,16,"23.11.2018",0.52,19,300
"769","16747836","Charming Spacious Studio Apt/WIFI @ Somerset Area",10248444,"Rc","Central Region","River Valley",1.29549,103.83805,"Entire home/apt",137,1,18,"20.07.2019",0.63,48,300
"770","16748453","Heritage Modern Studio Apt @ Central/Orchard Area",10248444,"Rc","Central Region","Orchard",1.29892,103.83927,"Entire home/apt",137,2,108,"11.08.2019",3.51,48,287
"771","16750061","Small Studio Apartment In Orchard Road (200 sqft)",111065775,"Abegail","Central Region","Orchard",1.29876,103.83802,"Entire home/apt",139,6,7,"29.01.2019",0.23,19,300
"772","16769843","✪✪2BR Cosy in purple line station (ers)",8492007,"Alvin","Central Region","Kallang",1.32213,103.86521,"Entire home/apt",218,10,8,"08.07.2018",0.25,203,168
"773","16773876","Nicely furnish 1 bedroom Walk Up Apt (Sophia Rd)",14521708,"Shirley","Central Region","Rochor",1.30391,103.84679,"Entire home/apt",85,5,20,"12.08.2019",0.74,67,50
"774","16786985","Cozy 1BR near Kebangan MRT - min 6 months rent",57120590,"Elynn","East Region","Bedok",1.31852,103.91272,"Entire home/apt",69,90,2,"23.02.2017",0.06,2,0
"775","16832754","Bright & beautiful apt near Orchard Rd/NUS/INSEAD",29666204,"Kenny","Central Region","Queenstown",1.3105,103.79433,"Entire home/apt",219,90,14,"11.02.2019",0.45,1,360
"776","16846533","Small Cozy  Studio Room in Orchard Road (200 sqft)",111065775,"Abegail","Central Region","Orchard",1.29874,103.83863,"Entire home/apt",119,7,20,"29.04.2019",0.68,19,284
"777","16848828","Comfortable Small Studio in Orchard (200 sqft)",111065775,"Abegail","Central Region","River Valley",1.29774,103.83639,"Entire home/apt",119,6,12,"02.09.2018",0.4,19,257
"778","16850703","Cozy apartment tucked in River Valley",23722617,"Alex","Central Region","River Valley",1.29587,103.84041,"Entire home/apt",119,5,33,"13.08.2019",1.08,84,75
"779","16904220","Spacious Pool View 2BR Condo",12569371,"Nigel","North Region","Mandai",1.4125,103.77774,"Entire home/apt",86,90,2,"03.08.2019",0.97,2,240
"781","16989989","Vibrant Unit @ Kembangan MRT",20715826,"Alfian","East Region","Bedok",1.32058,103.91333,"Entire home/apt",128,3,72,"24.08.2019",2.36,2,299
"782","17016908","*LEGAL* Cozy 3-bedroom apartment in Woodlands",47378904,"John","North Region","Woodlands",1.43106,103.77905,"Entire home/apt",206,1,59,"13.08.2019",1.95,1,193
"784","17083178","Whole Luxury 3 Bed Rooms Condo 3 min to Mrt",21386285,"Susie","West Region","Jurong West",1.34609,103.72168,"Entire home/apt",268,10,1,"20.06.2017",0.04,15,365
"785","17106212","NEW CITY Cozy Studio Apt @ Central / Orchard Area",109333133,"Pat","Central Region","River Valley",1.2964,103.8371,"Entire home/apt",136,2,38,"09.08.2019",1.28,18,322
"787","17133592","✪✪ 2BR Premier Suite resort (mez)",8492007,"Alvin","Central Region","Novena",1.31974,103.85205,"Entire home/apt",237,10,2,"12.06.2018",0.11,203,365
"788","17191773","Smith Street Cosy Studio Single Apartment",23336011,"Heritage Apartments","Central Region","Outram",1.28301,103.84153,"Entire home/apt",110,7,6,"25.08.2019",0.24,40,217
"790","17309287","Luxury modern spacious condominium near Orchard",12532802,"Vanessa","Central Region","Tanglin",1.29488,103.82774,"Entire home/apt",200,4,7,"20.03.2019",0.28,2,119
"791","17390721","A5@CitySouth",35119444,"Studios","Central Region","Bukit Merah",1.27846,103.83768,"Entire home/apt",94,2,3,"31.07.2018",0.12,4,50
"792","17391691","A6@CitySouth",35119444,"Studios","Central Region","Bukit Merah",1.27709,103.83729,"Entire home/apt",94,2,60,"18.07.2019",1.99,4,55
"793","17392067","A7@CitySouth",35119444,"Studios","Central Region","Bukit Merah",1.27824,103.83775,"Entire home/apt",94,2,7,"16.07.2018",0.24,4,77
"794","17410029","Brand New Listing 2BR Loft Unit (4 Bed)",101040883,"Ailyn","West Region","Choa Chu Kang",1.38104,103.75986,"Entire home/apt",190,1,75,"29.07.2019",2.54,6,116
"795","17416854","Apartment with pool/mrt/supermarket/food/bus",1725521,"Benny","Central Region","Geylang",1.3148,103.88818,"Entire home/apt",139,2,110,"13.08.2019",3.63,16,33
"796","17419282","New 3-Bdrm -3 ba Apt at ECP fringe of City Central",36141263,"Tammy&Sean","Central Region","Kallang",1.2999,103.88326,"Entire home/apt",351,90,4,"19.08.2019",0.26,4,364
"797","17465227","2 Bedroom @ Farrer Park Mrt FpS",29420853,"Aaron","Central Region","Rochor",1.31321,103.85398,"Entire home/apt",200,5,4,"08.06.2019",0.14,141,155
"798","17466955","2 Modern City Two Bedroom Zsm",29420853,"Aaron","Central Region","Novena",1.32809,103.84825,"Entire home/apt",200,4,2,"12.01.2019",0.18,141,257
"799","17471289","NEW & Spacious 2 queen beds Studio Apt /WIFI@ CITY",61619807,"Ong","Central Region","River Valley",1.2953,103.83853,"Entire home/apt",160,2,85,"18.07.2019",2.91,27,290
"800","17488498","A5@CitySouth",25116861,"Studios","Central Region","Bukit Merah",1.27798,103.83855,"Entire home/apt",94,2,123,"09.08.2019",4.15,10,50
"801","17488629","A6@CitySouth",25116861,"Studios","Central Region","Bukit Merah",1.2768,103.8369,"Entire home/apt",94,2,88,"12.08.2019",3.19,10,53
"802","17488732","A7@CitySouth",25116861,"Studios","Central Region","Bukit Merah",1.27646,103.83895,"Entire home/apt",94,2,90,"03.08.2019",3.06,10,80
"803","17507048","Cosy 2 Queen Beds Studio Apt at Somerset/ central",46685310,"L","Central Region","River Valley",1.29765,103.83933,"Entire home/apt",168,1,52,"02.07.2019",1.85,28,319
"807","17619960","Comfy Studio Apartment at Somerset / Orchard Area",10248444,"Rc","Central Region","River Valley",1.29832,103.84021,"Entire home/apt",139,2,42,"21.07.2019",1.51,48,318
"808","17627294","Cozy Studio Apartment w WIFI near Somerset/Orchard",109333133,"Pat","Central Region","River Valley",1.29744,103.83972,"Entire home/apt",139,2,43,"28.07.2019",1.46,18,304
"809","17641382","Smith Street Pristine Studio Apartment",23336011,"Heritage Apartments","Central Region","Outram",1.28185,103.84097,"Entire home/apt",135,5,4,"04.01.2019",0.31,40,352
"810","17669253","Spacious & Cosy Loft at Central Location!",120284323,"Marlynna","Central Region","Downtown Core",1.29841,103.85677,"Entire home/apt",110,2,3,"17.04.2017",0.1,1,0
"811","17684121","2 Bedroom Beside Farrer Park MRT FpS",29420853,"Aaron","Central Region","Kallang",1.31404,103.85322,"Entire home/apt",200,5,3,"08.03.2019",0.2,141,247
"812","17712132","Cosy 2 QueenBeds Studio Apt @Somerset/Orchard Area",10248444,"Rc","Central Region","River Valley",1.29664,103.83987,"Entire home/apt",165,2,35,"11.08.2019",1.23,48,336
"813","17742555","Maison Ser401",33189209,"Anthony","Central Region","Marine Parade",1.30729,103.89897,"Entire home/apt",189,2,13,"06.08.2019",0.71,23,36
"814","17742972","Casa Ser401",16305681,"Ace Beautiful Homes","Central Region","Marine Parade",1.30654,103.90009,"Entire home/apt",185,3,14,"29.07.2019",0.75,17,36
"815","17750702","Casa Ser302",16305681,"Ace Beautiful Homes","Central Region","Marine Parade",1.306,103.90003,"Entire home/apt",112,2,9,"21.01.2019",0.31,17,35
"816","17765940","Whole Luxury Condo unit just  opposite of Lake/Mrt",9293170,"Lee","West Region","Jurong West",1.34651,103.72171,"Entire home/apt",268,5,9,"20.10.2018",0.32,14,365
"817","17781759","Maison Ser302",33189209,"Anthony","Central Region","Marine Parade",1.30572,103.8985,"Entire home/apt",112,2,25,"13.08.2019",0.94,23,35
"818","17797840","PROMO! Comfy Nest in the Heart of Orchard (Studio)",120039849,"Anna","Central Region","Orchard",1.30315,103.8364,"Entire home/apt",303,1,2,"27.06.2019",0.09,17,179
"820","17798349","PROMO! Comfy Nest in the Heart of Orchard (Studio)",120039849,"Anna","Central Region","Orchard",1.30342,103.83642,"Entire home/apt",303,1,5,"29.03.2019",0.34,17,179
"821","17798438","PROMO! Comfy Nest in the Heart of Orchard (Studio)",120039849,"Anna","Central Region","Newton",1.30311,103.83796,"Entire home/apt",303,1,13,"19.07.2019",0.53,17,171
"822","17798496","PROMO! Comfy Nest in the Heart of Orchard (Studio)",120039849,"Anna","Central Region","Orchard",1.30453,103.83682,"Entire home/apt",303,1,32,"31.07.2019",1.3,17,153
"823","17798544","PROMO!Comfy Nest in the Heart of Orchard (Studio)",120039849,"Anna","Central Region","Orchard",1.30458,103.83686,"Entire home/apt",303,1,9,"16.07.2019",0.31,17,179
"824","17812922","PROMO!! 1B Deluxe apartment perfect for Staycation",120039849,"Anna","Central Region","Orchard",1.3038,103.8367,"Entire home/apt",374,1,22,"19.07.2019",0.87,17,157
"825","17813026","PROMO!! 1B Deluxe apartment perfect for Staycation",120039849,"Anna","Central Region","Orchard",1.30375,103.83672,"Entire home/apt",374,1,9,"16.07.2019",0.35,17,179
"826","17813122","PROMO!! 1B Deluxe apartment perfect for Staycation",120039849,"Anna","Central Region","Orchard",1.30342,103.83645,"Entire home/apt",374,1,13,"14.05.2019",0.46,17,179
"827","17813225","PROMO!! 1B Deluxe apartment perfect for Staycation",120039849,"Anna","Central Region","Orchard",1.30299,103.83611,"Entire home/apt",374,1,15,"21.06.2019",0.66,17,179
"828","17813332","PROMO!! 1B Deluxe apartment perfect for Staycation",120039849,"Anna","Central Region","Orchard",1.30295,103.83615,"Entire home/apt",374,1,13,"26.05.2018",0.51,17,179
"829","17814354","1 Bedroom Near Central MRT 8M8",29420853,"Aaron","Central Region","Newton",1.30528,103.84704,"Entire home/apt",131,25,3,"28.06.2019",0.33,141,365
"833","17832551","1 Bedroom Near Zhongshan Mall Tv",29420853,"Aaron","Central Region","Novena",1.32671,103.84757,"Entire home/apt",131,25,1,"11.12.2018",0.11,141,365
"834","17838889","Cozy home nearby East Coast Beach",39995218,"Ashey","Central Region","Marine Parade",1.30625,103.88962,"Entire home/apt",110,10,40,"07.11.2018",1.43,1,0
"836","17855048","Your Place at Owen Road",122181890,"Andy","Central Region","Kallang",1.31291,103.85171,"Entire home/apt",100,2,3,"14.05.2017",0.1,1,0
"839","17899942","~Entire Condo Apartment in Downtown -3 MRTs",21149720,"Mike","Central Region","Kallang",1.31313,103.85954,"Entire home/apt",208,1,1,"13.09.2017",0.04,16,351
"840","17917998","2 Queen-Beds Studio Apt/WIFI near Orchard/Somerset",61619807,"Ong","Central Region","River Valley",1.29654,103.83764,"Entire home/apt",185,2,54,"03.08.2019",1.9,27,308
"841","17927897","Clarke Quay Modern Studio Premium Apartment",23336011,"Heritage Apartments","Central Region","Singapore River",1.28759,103.84982,"Entire home/apt",160,7,3,"14.03.2018",0.13,40,365
"842","17928170","Clarke Quay Comfy & Modern Studio Apartment",23336011,"Heritage Apartments","Central Region","Singapore River",1.28864,103.84827,"Entire home/apt",144,5,30,"14.07.2019",1.08,40,360
"843","17928273","Clarke Quay Bright Modern Studio Single Apartment",23336011,"Heritage Apartments","Central Region","Singapore River",1.28894,103.84794,"Entire home/apt",119,7,23,"22.08.2019",0.81,40,362
"844","17944165","Maison Ser503 (penthouse)",33189209,"Anthony","Central Region","Marine Parade",1.30588,103.89894,"Entire home/apt",258,3,60,"10.08.2019",2.23,23,31
"845","17953028","Entire Studio Unit Near Paya Lebar MRT(5 min walk)",32883837,"Theng","Central Region","Geylang",1.31692,103.88829,"Entire home/apt",108,2,2,"12.05.2017",0.07,1,0
"846","17966402","3 Discount Deluxe Bright Spacious 2BR near City",17404486,"Cal","Central Region","Marine Parade",1.30858,103.90204,"Entire home/apt",204,2,40,"15.08.2019",1.39,9,157
"847","17995515","Maison Ser501 (Penthouse)",33189209,"Anthony","Central Region","Marine Parade",1.30587,103.89885,"Entire home/apt",269,3,71,"02.08.2019",2.46,23,41
"848","17999451","Boutique East Coast 1 Bedroom Walk-Up Apartment",123706063,"Thom","East Region","Bedok",1.31979,103.91443,"Entire home/apt",140,4,3,"19.06.2017",0.11,1,0
"849","18024054","Maison Ser201",33189209,"Anthony","Central Region","Marine Parade",1.30784,103.89992,"Entire home/apt",110,2,31,"08.08.2019",1.17,23,41
"851","18035420","Cozy flat near Serangoon Gardens",2434934,"Alex","North-East Region","Serangoon",1.36854,103.87111,"Entire home/apt",119,10,6,"18.08.2019",0.23,1,0
"853","18051934","♥♥2BR Huge Balcony wine in the breeze (bl3)",31464513,"Darcy","Central Region","Novena",1.32347,103.85317,"Entire home/apt",237,4,1,"22.02.2019",0.16,114,301
"854","18061058","fully furnished 1 bedroom apt",9253787,"Vanessa","North-East Region","Serangoon",1.34995,103.8613,"Entire home/apt",119,30,2,"21.10.2017",0.07,1,144
"855","18062352","Newly renovated unit. Less than 5 mins walk to MRT",115596862,"Ken","West Region","Jurong East",1.33406,103.73849,"Entire home/apt",210,2,56,"25.08.2019",2.01,1,332
"856","18080682","sunny islander's home-We love east coast!",112040605,"Claire","East Region","Bedok",1.33212,103.94302,"Entire home/apt",212,5,36,"06.08.2019",1.27,1,44
"857","18081902","Studio Serviced Apartments Along Orchard Road",124516401,"Orchard Point","Central Region","Orchard",1.30205,103.84032,"Entire home/apt",156,6,9,"30.07.2019",0.35,6,177
"858","18086207","2 Bed 2 Bath Central Apartment 2mins to MRT",9321032,"Ken","Central Region","Rochor",1.30231,103.85318,"Entire home/apt",149,90,7,"06.12.2018",0.24,1,362
"860","18140813","2 Bedroom @ Boon Keng MRT ErS L",29420853,"Aaron","Central Region","Kallang",1.32143,103.86231,"Entire home/apt",200,25,3,"26.07.2019",0.16,141,365
"861","18164623","2 Discount Deluxe Spacious 2BR Peranakan near City",17404486,"Cal","Central Region","Marine Parade",1.30721,103.90126,"Entire home/apt",214,2,68,"12.08.2019",2.36,9,149
"862","18199481","Clarke Quay Bright Single Studio",23336011,"Heritage Apartments","Central Region","Singapore River",1.28895,103.84931,"Entire home/apt",100,7,2,"25.02.2019",0.31,40,336
"863","18202395","Clarke Quay Modern Studio Apartment",23336011,"Heritage Apartments","Central Region","Outram",1.28166,103.84878,"Entire home/apt",125,7,8,"13.05.2019",0.92,40,360
"864","18235838","Brand New private Annex in Lovely Lowrise Condo",4367042,"Yvonne","Central Region","Bukit Timah",1.32844,103.81337,"Entire home/apt",125,30,4,"03.01.2019",0.17,3,151
"865","18259421","Penthouse Studio near Mustafa Centre",120254316,"Tahmina","Central Region","Rochor",1.30938,103.85375,"Entire home/apt",114,3,44,"13.07.2019",1.54,1,335
"867","18316457","Maison Ser202",33189209,"Anthony","Central Region","Marine Parade",1.30745,103.89801,"Entire home/apt",118,3,24,"31.05.2019",0.92,23,46
"868","18332082","❀❀❀3BR beside city square mall @ Farrer park",8492007,"Alvin","Central Region","Kallang",1.31231,103.85755,"Entire home/apt",368,7,5,"08.01.2019",0.18,203,193
"869","18332222","✪✪✪3BR City @ Farrer Park (cs)",8492007,"Alvin","Central Region","Kallang",1.31734,103.85213,"Entire home/apt",300,60,9,"29.07.2019",0.32,203,364
"870","18349081","Best Location! 3BR Loft _Vintage & Modern/Near MRT",28004549,"Kenneth","Central Region","Downtown Core",1.29704,103.8564,"Entire home/apt",224,12,133,"11.08.2019",4.68,6,30
"872","18378150","3 Bedroom Central Of City @ Bugis  SsP",29420853,"Aaron","Central Region","Rochor",1.29998,103.85105,"Entire home/apt",237,30,5,"23.06.2019",0.18,141,255
"873","18398058","Casa Ser201",16305681,"Ace Beautiful Homes","Central Region","Marine Parade",1.30609,103.89946,"Entire home/apt",108,3,3,"15.06.2019",0.16,17,41
"874","18420898","Big Bell Tent Glamping (Sleep up to 6Pax)",109089431,"Lydia","East Region","Bedok",1.30591,103.92401,"Entire home/apt",240,1,31,"08.04.2018",1.1,6,54
"875","18455050","Romantic Glamping in Bell Tent by the Sea",109089431,"Lydia","East Region","Bedok",1.30584,103.92522,"Entire home/apt",150,1,24,"15.04.2018",0.85,6,54
"876","18455143","Romantic Glamping in White Bell Tent by the Sea",109089431,"Lydia","East Region","Bedok",1.30552,103.92559,"Entire home/apt",150,1,24,"15.04.2018",0.86,6,54
"877","18484277","Humble & Conveniently Located 1BR in Katong Area",66406177,"Jay","Central Region","Marine Parade",1.30587,103.89759,"Entire home/apt",110,30,20,"03.06.2019",0.71,274,303
"878","18486921","BRAND NEW 2bedroom home at West Coast/Clementi",66406177,"Jay","West Region","Clementi",1.31596,103.75666,"Entire home/apt",126,10,29,"02.06.2019",1.07,274,0
"879","18487688","Superhost 1BR APT in the heart of Tg Pagar",66406177,"Jay","Central Region","Downtown Core",1.27548,103.84444,"Entire home/apt",146,30,22,"01.03.2019",0.85,274,250
"881","18496173","Home with Infinity Pool Gym location near City",35925697,"Siew Hui","Central Region","Kallang",1.3272,103.86576,"Entire home/apt",131,3,1,"23.07.2017",0.04,1,0
"882","18577624","1BR Apt5 Little India/Farrer Park MRT 2-3mins Walk",128981225,"Meadowland","Central Region","Rochor",1.30943,103.85413,"Entire home/apt",140,1,53,"04.08.2019",1.95,7,0
"883","18589614","Maison Ser303",33189209,"Anthony","Central Region","Marine Parade",1.30655,103.90009,"Entire home/apt",187,3,41,"20.07.2019",1.49,23,43
"884","18590462","Maison Ser403",33189209,"Anthony","Central Region","Marine Parade",1.30611,103.90024,"Entire home/apt",187,2,69,"13.08.2019",2.56,23,49
"885","18601984","Maison Sims301",33189209,"Anthony","Central Region","Geylang",1.31518,103.88891,"Entire home/apt",199,2,24,"08.08.2019",0.95,23,18
"886","18632208","4br Luxury Heart of Orchard Next to MRT",8527085,"Ben","Central Region","Orchard",1.30495,103.83279,"Entire home/apt",581,2,21,"22.07.2019",0.81,38,344
"887","18658800","Luxury 2 Double Bedroom Apt. w Pool & Gym",129670572,"Ella","Central Region","Rochor",1.30102,103.84943,"Entire home/apt",281,2,3,"02.01.2018",0.11,1,0
"888","18662873","Apt3T Little India/FarrerParkMRT 2-3minWalk",128981225,"Meadowland","Central Region","Rochor",1.30982,103.85351,"Entire home/apt",131,1,68,"06.07.2019",2.51,7,0
"889","18666662","Apt2 in Little India/Farrer Park MRT 2-3mins Walk",128981225,"Meadowland","Central Region","Rochor",1.31071,103.85229,"Entire home/apt",140,1,72,"04.08.2019",2.64,7,0
"890","18666776","Apt4T Little India/FarrerParkMRT 2-3minWalk",128981225,"Meadowland","Central Region","Rochor",1.30962,103.85201,"Entire home/apt",133,1,59,"03.06.2019",2.17,7,0
"891","18674998","Cozy Premium Studio In Orchard Road (300 sqft)",111065775,"Abegail","Central Region","River Valley",1.29764,103.83706,"Entire home/apt",150,6,7,"27.03.2019",0.27,19,300
"892","18675202","Premium Studio 2 Mins Walk To Orchard (300 sqft)",111065775,"Abegail","Central Region","River Valley",1.29896,103.83643,"Entire home/apt",149,6,12,"30.03.2019",0.47,19,293
"893","18684661","*New* 3BR Loft Unit 4 bed Condo (8pax)",101040883,"Ailyn","West Region","Choa Chu Kang",1.38053,103.75979,"Entire home/apt",183,1,40,"09.08.2019",1.44,6,116
"894","18724523","Luxury 1BRM.Amazing panoramic views of city&jungle",1189417,"Sarah","Central Region","Novena",1.32486,103.84943,"Entire home/apt",165,2,1,"26.06.2017",0.04,1,0
"895","18737139","Traditional Shophouse with modern and sleek design",7708473,"Michael","Central Region","Bukit Merah",1.27592,103.83701,"Entire home/apt",269,3,34,"12.08.2019",1.36,1,9
"896","18759060","Tanjong Pagar Pristine Studio Apartment",23336011,"Heritage Apartments","Central Region","Outram",1.27764,103.84373,"Entire home/apt",150,5,11,"24.08.2019",0.42,40,365
"897","18780571","Cozy Shophouse Studio Apartment 3 mins from MRT",90613922,"Jiayi","Central Region","Rochor",1.30251,103.84918,"Entire home/apt",110,3,50,"24.07.2019",1.89,10,279
"898","18850989","Fully Equipped 1-bedroom Condo all for yourself.",115417605,"Steven","North-East Region","Hougang",1.35113,103.8797,"Entire home/apt",112,2,96,"15.07.2019",3.5,1,170
"899","18859485","2 Bedroom Apartment @ ZsM",29420853,"Aaron","Central Region","Novena",1.32774,103.84715,"Entire home/apt",200,5,6,"04.01.2019",0.23,141,208
"900","18879165","Casa Ser503 (Penthouse)",16305681,"Ace Beautiful Homes","Central Region","Marine Parade",1.30568,103.89802,"Entire home/apt",258,3,8,"12.08.2019",0.31,17,31
"901","18903533","Cosy Flat w/ large terrace (Tiong Bahru)",11827122,"Gat","Central Region","Bukit Merah",1.28467,103.83026,"Entire home/apt",222,3,6,"20.09.2017",0.23,3,0
"902","18906439","City Hall Central & Chic Studio Apartment",23336011,"Heritage Apartments","Central Region","Downtown Core",1.29765,103.85529,"Entire home/apt",144,7,6,"21.03.2019",0.5,40,365
"903","18915769","New Studio Apartment at Oakwood Studio Singapore",119530352,"Oakwood Studios","Central Region","Orchard",1.30766,103.83553,"Entire home/apt",342,6,2,"11.05.2019",0.15,6,361
"904","18915770","Oakwood Studios Singapore:Studio Deluxe apartment",119530352,"Oakwood Studios","Central Region","Newton",1.30669,103.83519,"Entire home/apt",342,6,3,"19.03.2019",0.18,6,361
"905","18915772","One Bedroom Apartment at Oakwood Studios Singapore",119530352,"Oakwood Studios","Central Region","Orchard",1.3077,103.83487,"Entire home/apt",343,6,8,"01.05.2019",0.48,6,334
"906","18915776","One Bedroom  Superior at Oakwood Studios Singapore",119530352,"Oakwood Studios","Central Region","Orchard",1.30749,103.83489,"Entire home/apt",342,6,1,"05.07.2018",0.07,6,334
"907","18915780","One Bedroom Deluxe at Oakwood Studios Singapore",119530352,"Oakwood Studios","Central Region","Newton",1.30616,103.83648,"Entire home/apt",428,6,3,"11.07.2018",0.17,6,334
"908","18934581","Condo Unit For 6pax ( Aljunied )",73113530,"Lei Vee","Central Region","Geylang",1.32079,103.89117,"Entire home/apt",169,2,17,"04.08.2019",0.65,2,348
"911","18978263","Cosy 1BR Apartment - 3 mins Walk to the MRT",1386714,"Cindy","East Region","Bedok",1.32716,103.94654,"Entire home/apt",119,3,8,"28.08.2017",0.3,2,128
"912","18978737","2 Superhost 5 Star Spacious 2BR near City-Discount",90604639,"Zhen And Toni","Central Region","Marine Parade",1.30807,103.90143,"Entire home/apt",214,2,47,"17.08.2019",1.86,9,150
"913","18998659","Modern Apt near Suntec S3",114571845,"Alex","Central Region","Downtown Core",1.29802,103.85709,"Entire home/apt",150,1,38,"24.08.2019",1.43,3,68
"914","19000631","Stylish Apartment in a modern Condo close to MRT",32528497,"Jewgeni","Central Region","Kallang",1.30542,103.86527,"Entire home/apt",154,5,1,"13.07.2017",0.04,1,0
"915","19027624","King's Landing",132776510,"Gustav & Sandra","Central Region","Newton",1.30668,103.84157,"Entire home/apt",231,2,1,"17.06.2017",0.04,1,0
"917","19107598","Charming Studio in City Centre! MRT stroll away!",56421978,"Nancy","Central Region","Kallang",1.31726,103.85278,"Entire home/apt",99,2,47,"23.08.2019",1.78,7,150
"918","19112052",".",45956354,"Antonio","Central Region","Singapore River",1.29295,103.84175,"Entire home/apt",125,3,2,"26.09.2017",0.08,1,292
"920","19163641","SuperHost Danish Designer Apt in 1920s Shophouse!",17032962,"Shu","Central Region","Rochor",1.30849,103.85326,"Entire home/apt",165,1,119,"31.05.2019",4.47,16,47
"921","19199981","City Hall Quaint & Modern Studio Single Apartment",23336011,"Heritage Apartments","Central Region","Downtown Core",1.29624,103.85391,"Entire home/apt",131,7,4,"19.05.2019",0.5,40,316
"922","19229162","Robertson Quay Pristine Studio Premium Apartment",23336011,"Heritage Apartments","Central Region","River Valley",1.29636,103.83956,"Entire home/apt",144,7,6,"13.08.2019",0.47,40,365
"923","19231081","Tanjong Pagar Studio Premium Apartment",23336011,"Heritage Apartments","Central Region","Downtown Core",1.27925,103.84548,"Entire home/apt",150,7,14,"25.08.2019",1.03,40,365
"924","19251396","Ground Floor Cosy 1 Bedroom (Walk to Aljunied MRT)",14521708,"Shirley","Central Region","Geylang",1.31354,103.88649,"Entire home/apt",92,5,21,"02.05.2019",0.79,67,61
"925","19267435","Center of Mental",8527085,"Ben","Central Region","Orchard",1.30382,103.83312,"Entire home/apt",251,2,41,"13.08.2019",1.55,38,271
"926","19273088","❀1BR Wonderful Near Purple Line (ers)",8492007,"Alvin","Central Region","Kallang",1.32204,103.86438,"Entire home/apt",118,3,10,"13.05.2019",0.38,203,335
"927","19286135","Spacious Exotic Mandalay Suite in 1920s Shophouse!",17032962,"Shu","Central Region","Rochor",1.311,103.85435,"Entire home/apt",135,1,146,"08.08.2019",5.52,16,115
"929","19351097","BRAND NEW 2 bedroom at West Coast/Clementi /Jurong",66406177,"Jay","West Region","Clementi",1.31467,103.75644,"Entire home/apt",310,30,25,"15.07.2019",1.02,274,269
"930","19353251","Smart penthouse.2 bedroom apartment",97868124,"Lucy","Central Region","Tanglin",1.2958,103.8285,"Entire home/apt",181,1,100,"27.07.2019",3.78,4,59
"931","19364738","Modern Studio Apt in Orchard",135298846,"Kay","Central Region","Museum",1.2988,103.84316,"Entire home/apt",225,6,17,"29.03.2019",0.69,22,327
"932","19366049","Stylish 2BR apartment in Orchard",135298846,"Kay","Central Region","River Valley",1.29866,103.84113,"Entire home/apt",350,6,23,"11.08.2019",0.94,22,316
"933","19366100","Spacious 3BR Apt in Orchard",135298846,"Kay","Central Region","Museum",1.2989,103.84255,"Entire home/apt",460,6,21,"08.08.2019",1.01,22,305
"934","19367655","Cozy 1BR Apartment in Clarke Quay",135756776,"Angie","Central Region","Singapore River",1.2894,103.8427,"Entire home/apt",231,6,7,"17.04.2019",0.36,22,361
"935","19368196","Hip Condo with fibre internet in historic area",832289,"Sean","Central Region","Outram",1.27845,103.84168,"Entire home/apt",169,4,1,"17.07.2017",0.04,1,0
"936","19369423","Experience Clarke Quay - 2BR Apartment",135756776,"Angie","Central Region","Outram",1.28708,103.84296,"Entire home/apt",344,6,12,"24.07.2019",0.6,22,359
"937","19380133","Superhost 2BR APT 3 mins from Tg Pagar MRT",66406177,"Jay","Central Region","Downtown Core",1.27497,103.8452,"Entire home/apt",187,14,41,"11.03.2019",1.56,274,0
"939","19469757","Apt5T Little India/FarrerParkMRT 2-3minWalk",128981225,"Meadowland","Central Region","Rochor",1.30987,103.85417,"Entire home/apt",131,1,57,"06.06.2019",2.22,7,0
"940","19508635","Whole condo nearby Orchard road",92254369,"Yuki","Central Region","Rochor",1.30279,103.84704,"Entire home/apt",187,2,36,"20.08.2019",1.38,1,145
"941","19516846","BRAND NEW 2br Orchard Modern Luxury Next to MRT",8527085,"Ben","Central Region","Orchard",1.30525,103.83345,"Entire home/apt",318,2,79,"11.08.2019",3.06,38,224
"942","19555519","Contemporary 2BR apartment in Orchard",135298846,"Kay","Central Region","River Valley",1.29882,103.84144,"Entire home/apt",350,6,29,"10.08.2019",1.29,22,320
"944","19575854","PROMO! Comfy Nest in Heart of Orchard (Studio) 2",120039849,"Anna","Central Region","Newton",1.30325,103.83797,"Entire home/apt",303,1,5,"17.07.2019",0.67,17,171
"945","19575882","PROMO! Comfy Nest in Heart of Orchard (Studio) -3",120039849,"Anna","Central Region","Newton",1.30342,103.83785,"Entire home/apt",303,1,10,"16.07.2019",0.4,17,177
"946","19575975","PROMO! Comfy Nest in Heart of Orchard (Studio) - 5",120039849,"Anna","Central Region","Orchard",1.30387,103.8363,"Entire home/apt",303,1,5,"01.04.2019",0.8,17,179
"947","19576036","Chic 2BR w Balcony & Garden Close to Everything",28899200,"Mulang","Central Region","Bishan",1.35117,103.83721,"Entire home/apt",107,1,104,"09.08.2019",3.96,2,133
"948","19580455","*New* 1BR SOHO UNIT with 3 Beds",101040883,"Ailyn","West Region","Choa Chu Kang",1.38156,103.75984,"Entire home/apt",158,1,15,"16.02.2019",0.67,6,118
"949","19595322","Elegant Loft in the Heart of Orchard Road",135298846,"Kay","Central Region","River Valley",1.3022,103.83276,"Entire home/apt",260,6,10,"01.07.2019",0.41,22,363
"950","19595827","Comfy 2BR Apartment in the Heart of Orchard Road",135298846,"Kay","Central Region","Orchard",1.30438,103.83383,"Entire home/apt",365,6,16,"05.07.2019",0.7,22,365
"951","19612814","Panaromic Unit near City/MRT stn -Min 3Mth",137929104,"Cth","Central Region","Toa Payoh",1.33078,103.86779,"Entire home/apt",87,90,1,"28.11.2017",0.05,1,307
"952","19615310","Serviced Luxury Compact Suite at City Fringe A01",137951106,"Simon","Central Region","Novena",1.32279,103.85368,"Entire home/apt",156,3,36,"08.08.2019",1.38,14,152
"954","19625924","Orchard studio-looking for long term lease only",61374555,"Amy","Central Region","River Valley",1.29867,103.8326,"Entire home/apt",131,59,14,"15.08.2018",0.54,1,0
"955","19626434","Modern and Spacious Two Stories Apartment",3720262,"Stephanie","Central Region","Marine Parade",1.30903,103.89544,"Entire home/apt",231,4,5,"10.07.2018",0.2,1,0
"956","19642785","1 bedroom with balcony (Aljunied MRT Station)",14521708,"Shirley","Central Region","Geylang",1.31587,103.88586,"Entire home/apt",94,1,9,"07.08.2019",0.35,67,63
"957","19645713","Charming 2-Bedroom Apartment @ Robertson Quay",135756776,"Angie","Central Region","Singapore River",1.2907,103.84165,"Entire home/apt",331,6,20,"16.08.2019",0.8,22,282
"958","19646154","Relax at Robertson Quay - 3BR Apartment",135756776,"Angie","Central Region","Singapore River",1.29026,103.84213,"Entire home/apt",419,6,18,"04.07.2019",0.78,22,311
"959","19648215","Lux Suite@Marina Bay Singapore (Studio)",69121685,"Pat","Central Region","Downtown Core",1.28095,103.85412,"Entire home/apt",228,4,6,"19.03.2019",0.27,6,356
"960","19651474","Nice 1 bedroom with balcony(Walk to Aljunied MRT)",14521708,"Shirley","Central Region","Geylang",1.31374,103.88761,"Entire home/apt",90,5,34,"13.08.2019",1.3,67,77
"961","19652882","Lux Studio@Marina Bay Singapore",69121685,"Pat","Central Region","Downtown Core",1.28054,103.85406,"Entire home/apt",208,4,2,"19.10.2018",0.09,6,360
"962","19661959","Cosy 3 b/rms apt near NTU & Lakeside MRT Station",109315834,"Daniel","West Region","Jurong West",1.34233,103.71745,"Entire home/apt",300,7,10,"06.08.2019",0.43,1,328
"963","19662723","Cozy 2 Bedroom Apartment in Northeast Singapore",135298846,"Kay","North-East Region","Hougang",1.37675,103.87819,"Entire home/apt",250,6,4,"18.07.2019",0.23,22,361
"964","19663166","Spacious 3BR Apartment in Northeast Singapore",135298846,"Kay","North-East Region","Hougang",1.37529,103.88016,"Entire home/apt",310,6,6,"03.05.2019",0.42,22,361
"965","19665635","Homely 3BR in laidback western suburb",135756776,"Angie","West Region","Clementi",1.30324,103.76657,"Entire home/apt",360,6,6,"16.08.2019",0.33,22,362
"968","19681403","Beautiful 2 Bedroom Apartment in West Coast",135756776,"Angie","West Region","Clementi",1.29912,103.76448,"Entire home/apt",386,6,2,"15.08.2019",0.1,22,264
"969","19681895","Cozy 1 Bedroom Apartment at West Coast",135756776,"Angie","West Region","Clementi",1.29977,103.76426,"Entire home/apt",199,6,18,"11.08.2019",0.95,22,359
"971","19746238","Apartment perfect for couples or solo travellers",26317200,"Mustaffa","East Region","Bedok",1.32589,103.90699,"Entire home/apt",125,5,3,"21.08.2019",0.12,1,64
"972","19771133","Maison Ser301",33189209,"Anthony","Central Region","Marine Parade",1.30768,103.89982,"Entire home/apt",108,2,36,"15.07.2019",1.79,23,48
"973","19780831","Humble & Conveniently Located 1BR in Katong Area",66406177,"Jay","Central Region","Marine Parade",1.30554,103.90064,"Entire home/apt",190,30,28,"05.08.2019",1.11,274,0
"974","19790710","Cozy Treasure",34419989,"Trish","Central Region","Geylang",1.31318,103.87997,"Entire home/apt",87,90,1,"31.07.2017",0.04,1,0
"975","19794582","❀1BR Beside Shaw Plaza Mall",8492007,"Alvin","Central Region","Novena",1.32444,103.85233,"Entire home/apt",150,3,3,"18.09.2018",0.12,203,332
"976","19800389","BRAND NEW Cosy Loft w 4 pools @ Clementi/WestCoast",66406177,"Jay","West Region","Clementi",1.31496,103.75717,"Entire home/apt",290,30,17,"15.02.2018",0.68,274,88
"977","19801615","【CITY】Luxury Condo 1 min walk to TanJong Pagar MRT",62465961,"Lia","Central Region","Outram",1.27637,103.84355,"Entire home/apt",210,90,29,"19.01.2018",1.17,1,179
"978","19810810","1 bedroom with balcony (Walk to Aljunied MRT)",14521708,"Shirley","Central Region","Geylang",1.31424,103.88626,"Entire home/apt",90,90,16,"19.05.2019",0.64,67,26
"979","19832720","2BR [T] Srvcd Apt ★ Clementi",101145755,"Joanne","West Region","Clementi",1.31617,103.75728,"Entire home/apt",319,3,1,"31.07.2017",0.04,11,365
"980","19832956","3BR [P] Srvcd Apt' ★ Clementi",101145755,"Joanne","West Region","Clementi",1.31038,103.7607,"Entire home/apt",350,3,3,"06.10.2017",0.12,11,355
"981","19834053","1BR [W] Srvcd Apt ★ Haw Par Villa",101145755,"Joanne","Central Region","Queenstown",1.28031,103.78575,"Entire home/apt",200,3,1,"25.09.2017",0.04,11,365
"983","19887149","hougang short rent 25th aug to 19th oct",77912036,"璐","North-East Region","Hougang",1.36711,103.89832,"Entire home/apt",65,7,1,"05.09.2017",0.04,1,0
"984","19895150","Rare Twin Studios /2rm @MarinaBaySG",69121685,"Pat","Central Region","Downtown Core",1.2814,103.85193,"Entire home/apt",408,3,3,"20.08.2018",0.12,6,356
"985","19901171","1BR Apt4 Little India/Farrer Park MRT 2-3mins Walk",128981225,"Meadowland","Central Region","Rochor",1.31095,103.85263,"Entire home/apt",140,1,45,"12.08.2019",2.69,7,0
"986","19901509","Apt4S Little India/FarrerParkMRT 2-3minWalk",128981225,"Meadowland","Central Region","Rochor",1.31101,103.85265,"Entire home/apt",135,1,20,"10.06.2019",1.27,7,0
"987","19918177","❀❀2BR Farrer Park Mrt Cosy Apartment!(FPS1)",8492007,"Alvin","Central Region","Kallang",1.31419,103.85323,"Entire home/apt",218,3,3,"30.06.2018",0.12,203,247
"988","19936126","2 Bed (1MB+1CB) with Balcony near Mustafa Centre",114674497,"Mitul","Central Region","Rochor",1.31029,103.85423,"Entire home/apt",150,4,31,"26.08.2019",1.21,6,313
"989","19953933","3BR Apt at Clarke Quay. Near major attractions!",135756776,"Angie","Central Region","Outram",1.28714,103.84282,"Entire home/apt",440,6,7,"15.08.2019",0.28,22,287
"990","19954126","Short Stay Apartment (Charisma View) S(598671)",141452197,"Leslie","Central Region","Bukit Timah",1.34477,103.76858,"Entire home/apt",46,90,1,"26.10.2017",0.04,1,180
"991","19971871","Apt moderne et lumineux entre centre et aéroport",22002341,"Maria","East Region","Bedok",1.32518,103.90827,"Entire home/apt",99,7,1,"01.09.2017",0.04,1,0
"992","19975545","Fully Serviced Luxury Suite at City Fringe B01",137951106,"Simon","Central Region","Novena",1.32277,103.85374,"Entire home/apt",171,3,18,"20.05.2019",0.71,14,178
"993","20000821","Fully Serviced Luxury Suite at City Fringe C01",137951106,"Simon","Central Region","Novena",1.32333,103.85381,"Entire home/apt",251,3,12,"06.07.2019",0.6,14,178
"994","20004744","The Heritage Place",141955326,"Mag","Central Region","Outram",1.28031,103.83971,"Entire home/apt",158,3,35,"22.08.2019",1.45,1,63
"995","20016347","2ndCBD JE-MRT_Hub5* 3RMCondo_Min 90days Rent",137427633,"Andrea","West Region","Jurong East",1.33628,103.74104,"Entire home/apt",281,90,2,"19.02.2018",0.09,1,180
"996","20016671","Hip Designer Studio @Novena",69121685,"Pat","Central Region","Novena",1.32452,103.8429,"Entire home/apt",118,3,2,"11.08.2019",0.08,6,365
"997","20018299","Fully Serviced Luxury Suite at City Fringe B02",137951106,"Simon","Central Region","Novena",1.32365,103.854,"Entire home/apt",172,3,29,"08.07.2019",1.17,14,152
"999","20019928","Fully Serviced Luxury Suite at City Fringe C02",137951106,"Simon","Central Region","Novena",1.32334,103.85325,"Entire home/apt",131,3,4,"15.08.2018",0.18,14,84
"1000","20039387","Delightful Studio Apartment in Orchard",135298846,"Kay","Central Region","Museum",1.29889,103.8429,"Entire home/apt",225,6,13,"17.08.2019",0.53,22,355
"1001","20040797","Fully Serviced Luxury Suite at City Fringe B03",137951106,"Simon","Central Region","Novena",1.32507,103.85357,"Entire home/apt",118,3,25,"24.06.2019",0.99,14,57
"1002","20040955","Fully Serviced Luxury Suite at City Fringe C03",137951106,"Simon","Central Region","Novena",1.32281,103.85245,"Entire home/apt",149,3,1,"05.08.2017",0.04,14,0
"1003","20047241","2 bedroom 2 bath apartment with beautiful pool!",57612875,"Ray","Central Region","Marine Parade",1.29688,103.89456,"Entire home/apt",300,2,46,"12.08.2019",1.97,3,281
"1004","20059256","Fully Serviced Luxury Suite At City Fringe B05",137951106,"Simon","Central Region","Novena",1.32291,103.85248,"Entire home/apt",128,3,20,"07.06.2019",0.81,14,80
"1005","20060105","Luxury Serviced Suite At City Fringe B04",137951106,"Simon","Central Region","Novena",1.32319,103.85231,"Entire home/apt",118,3,22,"19.07.2019",0.88,14,72
"1006","20060493","Modern luxury apartment",43568035,"William","Central Region","Newton",1.30963,103.83984,"Entire home/apt",125,1,2,"11.08.2017",0.08,1,0
"1007","20084815","Prime Loft Apt in the heart of Orchard Road",135298846,"Kay","Central Region","Orchard",1.30399,103.83351,"Entire home/apt",260,6,12,"23.06.2019",0.56,22,359
"1008","20094056","Trendy 1 Bedroom Apartment at West Coast",135756776,"Angie","West Region","Clementi",1.29819,103.76398,"Entire home/apt",199,6,13,"31.07.2019",0.62,22,362
"1009","20096441","Pristine 2BR Apt in the Heart of Orchard Road",135298846,"Kay","Central Region","Orchard",1.30438,103.83365,"Entire home/apt",365,6,6,"29.06.2019",0.34,22,351
"1010","20096620","Large 3BR Apartment in West Coast Singapore",135756776,"Angie","West Region","Clementi",1.30271,103.76725,"Entire home/apt",360,6,8,"23.07.2019",0.39,22,351
"1011","20097996","2BR [A4] Srvcd Apt ★ Queenstown",101145755,"Joanne","Central Region","Queenstown",1.2922,103.80806,"Entire home/apt",269,3,3,"28.01.2019",0.12,11,365
"1012","20100445","Fully Serviced Luxury Suite at City Fringe C04",137951106,"Simon","Central Region","Novena",1.32364,103.85386,"Entire home/apt",128,3,9,"10.03.2019",0.44,14,359
"1013","20112645","A sweet home with part a of seaview",138720463,"Sunny","Central Region","Marine Parade",1.30025,103.90166,"Entire home/apt",228,15,19,"15.08.2019",0.78,8,329
"1015","20141569","Gorgeous 2-Floors Raffles Penthouse Duplex:)!",17032962,"Shu","Central Region","Kallang",1.31214,103.85527,"Entire home/apt",194,2,85,"12.08.2019",3.45,16,153
"1016","20156054","Stay @ Clarke Quay - 2BR Apartment",135756776,"Angie","Central Region","Singapore River",1.28797,103.84441,"Entire home/apt",344,6,5,"12.06.2019",0.25,22,307
"1017","20157156","3BR Urban Living in Orchard",135298846,"Kay","Central Region","Orchard",1.3003,103.8428,"Entire home/apt",460,6,22,"03.08.2019",0.96,22,296
"1018","20158020","Charming 2 Bedroom Apartment in West Coast",135756776,"Angie","West Region","Clementi",1.29922,103.76559,"Entire home/apt",386,6,1,"18.07.2019",0.71,22,362
"1019","20177941","Delightful 2BR Family Apartment at Clarke Quay",135756776,"Angie","Central Region","Singapore River",1.28891,103.84395,"Entire home/apt",344,6,11,"19.08.2019",0.45,22,352
"1020","20195421","Studio Apartment - Urban Living in Orchard",135298846,"Kay","Central Region","River Valley",1.29834,103.84168,"Entire home/apt",225,6,12,"24.05.2019",0.57,22,344
"1021","20219567","Resort-style Condo Studio Near MRT",4723385,"Yuan","Central Region","Toa Payoh",1.33489,103.87004,"Entire home/apt",110,2,67,"25.08.2019",2.96,2,55
"1022","20234954","Splendid 1BR Apartment in Clarke Quay",135756776,"Angie","Central Region","Singapore River",1.28853,103.84255,"Entire home/apt",231,6,10,"11.08.2019",0.56,22,361
"1023","20257908","❀1 Bed Room beside zhong shan mall (vv)",8492007,"Alvin","Central Region","Novena",1.32613,103.84892,"Entire home/apt",128,3,8,"22.04.2019",0.37,203,121
"1024","20259295","Modest Studio for Single Travelers A",114571845,"Alex","Central Region","Downtown Core",1.29741,103.85659,"Entire home/apt",85,1,69,"21.08.2019",2.75,3,306
"1025","20332582","Maison Ser203",33189209,"Anthony","Central Region","Marine Parade",1.30628,103.89811,"Entire home/apt",187,2,58,"08.08.2019",2.39,23,35
"1027","20398796","Whole Luxury Condo Unit just opposite of MRT",143892668,"Chin","West Region","Jurong West",1.34647,103.72188,"Entire home/apt",281,5,7,"05.08.2019",0.3,13,355
"1028","20401839","Whole unit condo close to Jurong east Mrt & Lake",143892668,"Chin","West Region","Jurong East",1.33496,103.73764,"Entire home/apt",250,5,3,"15.12.2018",0.16,13,348
"1029","20405370","Superhost Wannabe! Cozy & Best location ever!",27735247,"Xuan","Central Region","Queenstown",1.27955,103.78502,"Entire home/apt",222,1,7,"23.08.2019",0.31,3,356
"1030","20418062","Beautiful 1BR studio condo (hotel-feel)",69876622,"Iswandi","Central Region","Kallang",1.32026,103.86456,"Entire home/apt",90,1,7,"04.01.2018",0.31,1,0
"1031","20441993","Casa Ava401",16305681,"Ace Beautiful Homes","Central Region","Novena",1.3213,103.85303,"Entire home/apt",106,3,3,"17.02.2019",0.18,17,25
"1032","20442964","❀1 Bed Room Rangoon Farrer Park mrt station (RG1)",8492007,"Alvin","Central Region","Kallang",1.31571,103.85445,"Entire home/apt",118,3,18,"31.12.2018",0.75,203,328
"1033","20503734","3BR Family Apartment at Clarke Quay",135756776,"Angie","Central Region","Singapore River",1.28927,103.84239,"Entire home/apt",440,6,13,"06.08.2019",0.57,22,279
"1034","20509542","ANice View/3BR Apt in Chinatown/near MRT 1min walk",81428257,"Michael","Central Region","Outram",1.28521,103.84447,"Entire home/apt",381,2,100,"27.07.2019",4.08,8,276
"1035","20509769","Huge-3BR Apt in Chinatown Only 1 min walk to MRT",81428257,"Michael","Central Region","Outram",1.28626,103.8429,"Entire home/apt",381,2,81,"13.08.2019",3.3,8,285
"1036","20525209","Charming 2BR apartment in Orchard",135298846,"Kay","Central Region","Orchard",1.3002,103.84288,"Entire home/apt",350,6,9,"06.07.2019",0.55,22,332
"1037","20581281","Contemporary Tiong Bahru Apartment",16523605,"Ben","Central Region","Bukit Merah",1.28325,103.82994,"Entire home/apt",150,6,1,"12.11.2017",0.05,1,0
"1038","20588444","Luxury 2 BR Home above MRT in Chinatown #38 (市区公寓)",107501827,"Mich","Central Region","Bukit Merah",1.28027,103.83863,"Entire home/apt",300,3,40,"30.06.2019",1.64,8,141
"1040","20598841","Super Cozy Apartment  In East Coast(Self Check-in)",34248654,"Jo Yee","Central Region","Marine Parade",1.30888,103.90591,"Entire home/apt",99,1,44,"17.09.2018",1.87,1,0
"1041","20620685","Luxury 2 BR Home above MRT in Chinatown #39 (市区公寓)",107501827,"Mich","Central Region","Outram",1.27856,103.84072,"Entire home/apt",300,3,6,"20.03.2019",0.25,8,123
"1042","20621511","Luxury 2 BR Home above MRT in Chinatown #37 (市区公寓)",107501827,"Mich","Central Region","Outram",1.28125,103.83975,"Entire home/apt",300,3,19,"18.07.2019",0.78,8,105
"1043","20672785","Superhost 1BR APT in the heart of Tg Pagar",66406177,"Jay","Central Region","Downtown Core",1.27481,103.84522,"Entire home/apt",147,30,16,"28.07.2019",0.66,274,323
"1044","20685460","a lovely home with sea view",138720463,"Sunny","Central Region","Marine Parade",1.29985,103.90016,"Entire home/apt",199,15,21,"24.07.2019",0.86,8,205
"1045","20714009","MARINA BAY VIEW 1 BEDROOM  SUITES",112334807,"Gan","Central Region","Downtown Core",1.28021,103.84923,"Entire home/apt",185,1,31,"01.08.2019",1.69,3,319
"1046","20714046","2 Bed SOHO style walk up apartment in Tiong Bahru",36759312,"Dominic","Central Region","Bukit Merah",1.28329,103.82937,"Entire home/apt",110,2,1,"03.10.2017",0.04,1,0
"1047","20747182","Large East Coast Ocean View 4 bedroom Condo",144740166,"James","Central Region","Marine Parade",1.29969,103.90046,"Entire home/apt",225,2,15,"15.09.2018",0.69,5,0
"1049","20775760","Nice Clean Simple home at great shopping and foods",11112455,"Chris","North-East Region","Ang Mo Kio",1.37359,103.84643,"Entire home/apt",76,3,51,"12.08.2019",2.21,1,143
"1050","20791161","YOUR entire PRIVATE LUXURY PENTHOUSE condo unit",122991242,"Jj","West Region","Tuas",1.31909,103.64656,"Entire home/apt",10000,2,5,"31.10.2017",0.21,1,89
"1052","20794954","Designer Apartment in the heart of Singapore",7223111,"Katherine","Central Region","Museum",1.29947,103.84244,"Entire home/apt",400,3,100,"19.08.2019",4.36,2,216
"1053","20805118","Luxury 2 BR Home above MRT in Chinatown #31 (市区公寓)",107501827,"Mich","Central Region","Outram",1.27931,103.84022,"Entire home/apt",300,3,17,"06.03.2019",0.72,8,96
"1054","20806898","Affordable Studio @ Orchard Road for rental!",124516401,"Orchard Point","Central Region","Orchard",1.30119,103.84167,"Entire home/apt",156,6,2,"13.10.2018",0.09,6,269
"1055","20812149","4BR 1600sft Duplex @ NS20 Central 用心的民宿",24997642,"Regina & Co.","Central Region","Novena",1.32103,103.84115,"Entire home/apt",260,2,93,"13.08.2019",3.95,6,182
"1056","20824514","Spacious Studio Apartment < 10kms CBD High Floor!",149369564,"Mayoora","Central Region","Kallang",1.31137,103.85621,"Entire home/apt",115,1,3,"08.09.2017",0.13,1,0
"1057","20874042","eHome-Cozy Apartment (Tanah Merah)",149873393,"Benny","East Region","Bedok",1.32787,103.94554,"Entire home/apt",99,3,33,"26.07.2019",1.39,3,53
"1058","20874431","eHome-Entire Unit (Tanah Merah MRT)",149873393,"Benny","East Region","Bedok",1.32789,103.94591,"Entire home/apt",78,3,72,"12.08.2019",3.04,3,49
"1059","20877576","Heritage 2 br flat in Tiong Bahru",78364286,"Elaine","Central Region","Bukit Merah",1.2844,103.83332,"Entire home/apt",208,10,13,"01.07.2019",0.55,1,0
"1060","20904654","Large Studio @Novena no kitchen",69121685,"Pat","Central Region","Novena",1.32164,103.843,"Entire home/apt",87,2,1,"02.02.2018",0.05,6,365
"1061","20950425","M Residence",42295661,"Bella","Central Region","Rochor",1.31101,103.8536,"Entire home/apt",150,1,47,"18.08.2019",2.15,8,282
"1062","20967495","Your Apartment at Singapore",7756883,"Mamun","Central Region","Rochor",1.31058,103.85245,"Entire home/apt",256,1,5,"24.08.2019",0.27,2,84
"1066","21005235","1BR Serviced Apartment - Queenstown (Alexis)",151196270,"Jhian","Central Region","Queenstown",1.2906,103.80705,"Entire home/apt",165,89,2,"29.08.2018",0.09,45,363
"1067","21015817","Spacious 1-Bedroom apartment with balcony",148161274,"Jan","Central Region","Bukit Timah",1.33272,103.78778,"Entire home/apt",200,90,1,"11.01.2018",0.05,6,0
"1071","21015824","Large family-friendly apartment in Singapore",148161274,"Jan","Central Region","Bukit Timah",1.33117,103.78936,"Entire home/apt",350,90,1,"31.12.2017",0.05,6,139
"1072","21015873","Clean fully-furnish apartment in central singapore",148161755,"Jan","Central Region","Rochor",1.2991,103.85319,"Entire home/apt",150,7,2,"09.05.2019",0.17,11,56
"1073","21015874","Centrally located furnish Studio Apt in Singapore",148161755,"Jan","Central Region","Rochor",1.29721,103.85218,"Entire home/apt",150,7,6,"09.05.2019",0.31,11,48
"1074","21015876","Modern serviced apartment in Central Singapore",148161755,"Jan","Central Region","Rochor",1.29844,103.85192,"Entire home/apt",150,7,10,"19.06.2019",0.51,11,50
"1075","21015880","Apartment in the heart of Singapore",148161755,"Jan","Central Region","Rochor",1.29923,103.85207,"Entire home/apt",169,7,16,"24.08.2019",0.83,11,54
"1076","21015881","Bright clean apartment in CBD Singapore",148161755,"Jan","Central Region","Rochor",1.29897,103.85309,"Entire home/apt",150,7,3,"10.05.2019",0.21,11,63
"1077","21015977","Cosy fully-furnished apartment in CBD Singapore",148161755,"Jan","Central Region","Rochor",1.29744,103.85228,"Entire home/apt",150,7,1,"27.01.2019",0.14,11,63
"1081","21029971","Serviced Modern Loft Apartment - One North(ONR)",151196270,"Jhian","Central Region","Queenstown",1.30072,103.78927,"Entire home/apt",240,89,1,"29.01.2018",0.05,45,180
"1084","21044510","Elegant 3BR Apartment @ Robertson Quay",135756776,"Angie","Central Region","Singapore River",1.29167,103.84084,"Entire home/apt",419,6,18,"10.08.2019",0.97,22,308
"1085","21047360","Big Bell Tent by the Sea (6 Pax)",109089431,"Lydia","East Region","Bedok",1.31571,103.96254,"Entire home/apt",240,1,16,"08.04.2018",0.69,6,54
"1086","21063861","Luxe 2 BR City Centre Loft. Near train station.",151367950,"Dick","Central Region","River Valley",1.29387,103.84056,"Entire home/apt",228,7,62,"24.08.2019",2.67,1,331
"1089","21127335","Serene 2BR apartment @ Robertson Quay",135756776,"Angie","Central Region","River Valley",1.29226,103.84057,"Entire home/apt",331,6,6,"29.07.2019",0.43,22,333
"1090","21151983","Nifty & Cosy 2BR APT near Clementi MRT",66406177,"Jay","West Region","Clementi",1.31676,103.75685,"Entire home/apt",136,20,5,"17.03.2019",0.22,274,19
"1091","21151992","Cosy 2BR pent hse at Jurong/Clementi/Pasir Panjang",66406177,"Jay","West Region","Clementi",1.31639,103.75721,"Entire home/apt",260,30,5,"02.06.2019",0.22,274,262
"1092","21172051","NEW Studio Apt/Wifi at CITY/Somerset/Orchard Area",109333133,"Pat","Central Region","River Valley",1.2974,103.83923,"Entire home/apt",175,2,28,"31.07.2019",1.46,18,323
"1093","21190603","Spacious 1 br @ River Valley with gorgeous views!",8638458,"Elena","Central Region","Tanglin",1.2937,103.82759,"Entire home/apt",111,7,2,"12.01.2019",0.09,1,0
"1094","21200260","Superhost 1BR APT in the heart of Tg Pagar",66406177,"Jay","Central Region","Downtown Core",1.27418,103.84507,"Entire home/apt",149,30,8,"30.05.2019",0.36,274,271
"1095","21206665","2BR/Cozy Apt/Huge Balcony/Novena Area",120674614,"Amy","Central Region","Novena",1.32231,103.85176,"Entire home/apt",260,4,2,"28.04.2019",0.12,6,55
"1097","21234121","2 bedroom in heart of Orchard/Tanglin/River Valley",43904314,"Paul","Central Region","Tanglin",1.29815,103.82821,"Entire home/apt",258,14,1,"01.01.2018",0.05,1,0
"1098","21236579","Central 2 BR Apt above MRT in Chinatown #46 (市区公寓)",20870482,"Win","Central Region","Outram",1.27982,103.84094,"Entire home/apt",275,3,12,"31.05.2019",0.56,9,150
"1099","21238579","Central 2 BR Apt above MRT in Chinatown #38 (市区公寓)",20870482,"Win","Central Region","Outram",1.2802,103.84185,"Entire home/apt",281,3,15,"27.07.2019",0.66,9,141
"1100","21244971","The Haig",12860821,"James","Central Region","Marine Parade",1.30475,103.89869,"Entire home/apt",125,2,12,"02.01.2018",0.53,1,0
"1101","21255885","Private flat & rooftop in Geylang",22816384,"Raphael","Central Region","Geylang",1.31301,103.88514,"Entire home/apt",81,7,2,"05.02.2019",0.24,1,0
"1103","21257593","NEW Cosy & Relaxing near Somerset/Orchard Shopping",109333133,"Pat","Central Region","River Valley",1.29632,103.8376,"Entire home/apt",137,2,19,"22.02.2019",0.89,18,328
"1104","21257966","Loft Suite just at Subway EW9. Food 24hours",1725521,"Benny","Central Region","Geylang",1.314,103.88404,"Entire home/apt",190,2,88,"13.08.2019",3.88,16,130
"1106","21283595","Small Studio 2 mins Walk To Orchard (200 sqft)",111065775,"Abegail","Central Region","River Valley",1.29854,103.83659,"Entire home/apt",110,6,8,"28.02.2019",0.36,19,300
"1107","21285979","Safe & Clean! 2 Bedroom In city * Near MRT",28004549,"Kenneth","Central Region","Kallang",1.31326,103.87246,"Entire home/apt",158,2,28,"04.08.2019",1.35,6,231
"1108","21287064","SGEntire 2+1 BedM&2BathM Near City Center整套3室2卫近市区",154015448,"Angela","Central Region","Geylang",1.31122,103.87961,"Entire home/apt",179,1,36,"06.08.2019",2.16,4,149
"1109","21292155","Cosy 1 bedroom unit near to everything",61373182,"Fiona","Central Region","Queenstown",1.29177,103.80706,"Entire home/apt",125,1,12,"08.04.2019",0.53,1,40
"1110","21312604","Tanjong Pagar Cosy Studio Single Apartment",23336011,"Heritage Apartments","Central Region","Outram",1.27941,103.84325,"Entire home/apt",115,7,8,"23.07.2019",0.38,40,338
"1111","21314479","Ann Siang Hill Cosy Studio Single Apartment",23336011,"Heritage Apartments","Central Region","Outram",1.2818,103.84693,"Entire home/apt",100,7,6,"01.07.2019",1.13,40,356
"1112","21314866","Cecil Street Premium Loft Apartment",23336011,"Heritage Apartments","Central Region","Downtown Core",1.28103,103.84884,"Entire home/apt",169,7,14,"03.08.2019",0.63,40,329
"1113","21358206","Spacious central downtown harbour view CBD 2BR",71585233,"Alex","Central Region","Downtown Core",1.27626,103.84625,"Entire home/apt",319,1,120,"24.08.2019",5.37,5,281
"1115","21360845","New condo beside MRT near shopping mall",81428257,"Michael","Central Region","Kallang",1.31406,103.85415,"Entire home/apt",219,2,47,"15.07.2019",2.17,8,272
"1116","21370642","Gorgeous entire apartment in charming Tiong Bahru!",20509717,"Phil","Central Region","Bukit Merah",1.28373,103.83067,"Entire home/apt",350,5,27,"05.10.2018",1.25,1,0
"1117","21372004","3 Superhost Calm Airy Spacious 2BR near City",90604639,"Zhen And Toni","Central Region","Marine Parade",1.30814,103.90163,"Entire home/apt",204,2,58,"13.08.2019",2.86,9,165
"1118","21402272","Penthouse with great city views in quiet D14",55973390,"Joy","East Region","Bedok",1.33063,103.90893,"Entire home/apt",85,90,1,"27.04.2019",0.24,1,184
"1119","21403392","Excellent Central CBD Location and Great City View",142193353,"Ay","Central Region","Downtown Core",1.27677,103.84651,"Entire home/apt",240,2,116,"10.08.2019",5.17,2,143
"1120","21408571","1 BR @ Little India & Farrer Park MRT",114674497,"Mitul","Central Region","Rochor",1.30954,103.85271,"Entire home/apt",0,3,9,"11.08.2019",0.51,6,351
"1121","21422096","Beacon heights",44054692,"Ivory","Central Region","Kallang",1.32563,103.86141,"Entire home/apt",150,3,2,"04.11.2017",0.09,1,0
"1123","21430677","Beautiful 2BR unit above MRT in Downtown #3 (市区公寓)",107501827,"Mich","Central Region","Outram",1.28019,103.84006,"Entire home/apt",275,3,26,"03.08.2019",1.19,8,118
"1124","21440939","Great location 3BR 4BA beside Farrer Park MRT",81596134,"Lucy","Central Region","Kallang",1.3154,103.85505,"Entire home/apt",300,2,15,"03.08.2019",0.69,16,280
"1125","21451399","Alexis",155214027,"Irene","Central Region","Queenstown",1.2906,103.80686,"Entire home/apt",100,3,33,"14.08.2019",1.84,1,61
"1126","21451655","The Club Residences by Capella - 2 Bedroom Suite A",84411185,"Darren","Central Region","Southern Islands",1.25046,103.82529,"Entire home/apt",1294,3,1,"21.11.2018",0.11,6,176
"1127","21451706","Big Lucky Apartment",51032547,"Harry Dzung","Central Region","Orchard",1.30375,103.83511,"Entire home/apt",590,5,3,"07.07.2019",0.15,2,90
"1128","21454566","Glamping by the Beach (2pax)",155745049,"Go","East Region","Bedok",1.31452,103.96056,"Entire home/apt",206,1,38,"05.12.2018",1.76,6,0
"1129","21457175","Compact Studio Suite @ Heart of City/Orachard area",10248444,"Rc","Central Region","River Valley",1.29674,103.83864,"Entire home/apt",108,2,33,"13.08.2019",1.5,48,344
"1130","21502138","Cozy Apartment 10 mins to MRT",23722617,"Alex","Central Region","Geylang",1.31531,103.88642,"Entire home/apt",78,7,13,"13.07.2019",0.64,84,61
"1131","21530106","Casa Ava 301",16305681,"Ace Beautiful Homes","Central Region","Novena",1.32281,103.85161,"Entire home/apt",106,3,5,"27.09.2018",0.26,17,41
"1132","21530304","Casa Ava 501",16305681,"Ace Beautiful Homes","Central Region","Novena",1.32221,103.8529,"Entire home/apt",106,2,7,"12.06.2018",0.33,17,39
"1133","21541294","Casa Ava 202",16305681,"Ace Beautiful Homes","Central Region","Novena",1.32245,103.85181,"Entire home/apt",110,3,3,"29.08.2018",0.15,17,57
"1134","21541391","Casa Ava 302",16305681,"Ace Beautiful Homes","Central Region","Novena",1.32257,103.85229,"Entire home/apt",110,3,3,"28.12.2018",0.15,17,50
"1135","21541471","Casa Ava 402",16305681,"Ace Beautiful Homes","Central Region","Novena",1.32215,103.85279,"Entire home/apt",110,3,8,"31.10.2018",0.37,17,55
"1136","21541512","Casa Ava 502",16305681,"Ace Beautiful Homes","Central Region","Novena",1.32236,103.85307,"Entire home/apt",110,3,4,"30.09.2018",0.21,17,24
"1137","21541638","2bedroom condo @farrer park hospital",32184450,"Apollo","Central Region","Rochor",1.31186,103.8543,"Entire home/apt",181,7,11,"16.01.2019",0.54,67,365
"1138","21541720","2bedroom condo @purple line international school",32184450,"Apollo","Central Region","Kallang",1.32732,103.86398,"Entire home/apt",169,3,29,"03.06.2019",1.37,67,364
"1139","21546999","Entire Loft Storey. FREE WIFI. Near TRAIN/BUS/FOOD",156619296,"Yan","Central Region","Geylang",1.31462,103.88494,"Entire home/apt",110,2,45,"03.08.2019",2.15,1,47
"1140","21571048","Lucky Plaza Apt 22 (ENTIRE HOME) @ ORCHARD",47268760,"Grace","Central Region","Orchard",1.30536,103.8334,"Entire home/apt",350,1,18,"11.06.2019",0.85,7,173
"1143","21612016","东海岸无敌海景套房5个房间+3个厕所",156893835,"Jie","East Region","Bedok",1.31182,103.94087,"Entire home/apt",681,1,1,"04.11.2017",0.05,1,0
"1144","21613503","1 Bedroom  @ Boon Keng MRT ErS",29420853,"Aaron","Central Region","Kallang",1.32026,103.86334,"Entire home/apt",131,20,1,"03.04.2018",0.06,141,365
"1145","21618918","❀❀Two bed room Owen suite @ farrer park area",8492007,"Alvin","Central Region","Kallang",1.31103,103.85848,"Entire home/apt",128,3,5,"10.11.2018",0.25,203,307
"1146","21631361","Modern Apartment near Clarke Quay and Orchard road",155340430,"Jane珍珍","Central Region","Tanglin",1.29248,103.83112,"Entire home/apt",250,7,14,"17.09.2018",0.65,1,0
"1147","21649798","#Luxurious Seaside Camping (4pax)",155745049,"Go","Central Region","Marine Parade",1.30198,103.91198,"Entire home/apt",194,1,17,"31.12.2018",0.8,6,0
"1148","21651545","1 Bedroom Near NoveNa Tv",29420853,"Aaron","Central Region","Novena",1.32675,103.84861,"Entire home/apt",131,15,1,"17.02.2018",0.05,141,365
"1149","21651705","Beach Camping in Luxury Bell tent (6pax)",155745049,"Go","Central Region","Marine Parade",1.30059,103.90662,"Entire home/apt",256,1,6,"09.09.2018",0.29,6,0
"1151","21670282","Lovely 3BR Apt in the Heart of Orchard Road",135298846,"Kay","Central Region","Orchard",1.30392,103.83412,"Entire home/apt",525,6,18,"06.08.2019",0.93,22,337
"1152","21673001","Lucky Plaza Apt 16 (ENTIRE HOME) @ ORCHARD",47268760,"Grace","Central Region","Orchard",1.30345,103.83308,"Entire home/apt",731,1,15,"30.07.2019",0.86,7,167
"1153","21756802","Tranquil Sembarwang Corner",39811468,"Kasey","North Region","Sembawang",1.45007,103.82388,"Entire home/apt",149,3,1,"26.12.2017",0.05,1,0
"1154","21758896","SGCosy apartment@Cityfringe amidst Private Enclave",154015448,"Angela","Central Region","Geylang",1.31374,103.89268,"Entire home/apt",119,1,84,"13.08.2019",3.88,4,255
"1155","21765670","Cozy Apartment 10 mins to Aljunied MRT",23722617,"Alex","Central Region","Geylang",1.31468,103.88779,"Entire home/apt",83,5,24,"10.08.2019",1.19,84,63
"1156","21766071","Highrise Modern Loft Next to MRT",8527085,"Ben","Central Region","Queenstown",1.30659,103.78955,"Entire home/apt",269,2,49,"30.07.2019",2.32,38,272
"1157","21791154","1BR [A] Srvcd Apt ★ 5mins walk to Queenstown MRT",101145755,"Joanne","Central Region","Queenstown",1.2921,103.80826,"Entire home/apt",219,3,2,"17.07.2019",0.25,11,364
"1160","21804196","Stunning Duplex - Private pool in Little India",130695480,"Emeline","Central Region","Rochor",1.31092,103.85328,"Entire home/apt",150,2,16,"08.07.2019",0.83,1,4
"1161","21804950","Amaze5 - Serviced Apartment in the East",44978352,"Kong Wee","Central Region","Kallang",1.29839,103.8846,"Entire home/apt",144,7,27,"01.08.2019",1.26,7,56
"1162","21805009","Cozy apt 10 mins to Aljunied MRT",23722617,"Alex","Central Region","Geylang",1.31321,103.8881,"Entire home/apt",85,10,5,"14.07.2019",0.27,84,63
"1163","21805592","2 BR Loft - 10 Min Walk to East Coast Park",158925751,"Keith","Central Region","Kallang",1.29727,103.88401,"Entire home/apt",178,3,69,"17.08.2019",3.28,1,121
"1164","21807803","Cosy Home near City",158931407,"Cui","Central Region","Toa Payoh",1.33782,103.86894,"Entire home/apt",181,1,2,"27.12.2017",0.1,1,0
"1165","21808284","Spacious 3 BRs Apt 市中心好房@2 MRT stations to Orchard",80570036,"Chris","Central Region","Novena",1.31529,103.84125,"Entire home/apt",239,1,88,"13.07.2019",4.17,22,137
"1166","21818868","Chic4 - Serviced Apartment in the East",44978352,"Kong Wee","Central Region","Kallang",1.30056,103.88414,"Entire home/apt",154,7,23,"21.08.2019",1.08,7,83
"1167","21830116","Beautiful condo apartment in perfect location",15870988,"Scott","Central Region","Tanglin",1.29355,103.8254,"Entire home/apt",200,4,6,"19.06.2019",0.28,1,0
"1169","21841191","2 bedroom condo with great facilities",10089151,"Calum","Central Region","River Valley",1.29755,103.83498,"Entire home/apt",200,5,2,"14.12.2017",0.1,1,0
"1170","21852866","Sky4 - Serviced Apt near East Coast",44978352,"Kong Wee","Central Region","Kallang",1.30025,103.88408,"Entire home/apt",164,7,4,"02.01.2019",0.2,7,0
"1171","21852940","Amaze6 - Serviced Apartment in the East",44978352,"Kong Wee","Central Region","Kallang",1.30057,103.88437,"Entire home/apt",146,7,20,"13.08.2019",0.95,7,120
"1172","21854674","Amaze1 - cosy Serviced Apartment w/ WiFi near CBD",159031223,"Bob","Central Region","Kallang",1.29914,103.88502,"Entire home/apt",149,7,24,"23.07.2019",1.18,15,169
"1173","21854678","Amaze2 - Serviced Apartment in the East",159031223,"Bob","Central Region","Marine Parade",1.29995,103.88551,"Entire home/apt",142,7,39,"11.08.2019",1.89,15,63
"1174","21854679","Amaze3 - Serviced Apartment in the East",159031223,"Bob","Central Region","Kallang",1.29927,103.88453,"Entire home/apt",143,7,33,"28.07.2019",1.62,15,73
"1175","21854680","Amaze4 - Serviced Apartment in the East",159031223,"Bob","Central Region","Kallang",1.30016,103.88447,"Entire home/apt",144,7,22,"05.08.2019",1.07,15,158
"1176","21854681","Chic1 - cosy Serviced Apartment w/ WiFi near CBD",159031223,"Bob","Central Region","Kallang",1.29991,103.88494,"Entire home/apt",151,7,19,"12.07.2019",0.93,15,152
"1177","21854683","Chic2 - Serviced Apartment in the East",159031223,"Bob","Central Region","Kallang",1.29924,103.88448,"Entire home/apt",151,7,19,"21.07.2019",0.94,15,73
"1178","21854687","Chic3 - Serviced Apartment in the East",159031223,"Bob","Central Region","Kallang",1.29878,103.88408,"Entire home/apt",153,7,32,"20.08.2019",1.59,15,143
"1179","21854695","Sky2 - Serviced Apartment in the East",159031223,"Bob","Central Region","Kallang",1.29985,103.88428,"Entire home/apt",162,7,8,"25.04.2019",0.4,15,142
"1180","21854697","Sky3 - Serviced Apartment in the East",159031223,"Bob","Central Region","Kallang",1.29836,103.88413,"Entire home/apt",162,7,19,"10.07.2019",0.91,15,59
"1181","21881998","spacious apartment for rent",51540554,"Zolene","West Region","Jurong West",1.35199,103.72251,"Entire home/apt",160,3,1,"09.12.2017",0.05,1,0
"1183","21927943","Ben's Sanctuary",8527085,"Ben","Central Region","Downtown Core",1.30116,103.8579,"Entire home/apt",528,2,35,"10.08.2019",1.74,38,37
"1184","21928140","❀1BR cosy unit @ River Valley town area (rvp)",8492007,"Alvin","Central Region","Museum",1.29514,103.84249,"Entire home/apt",149,3,11,"25.06.2019",0.51,203,325
"1186","21964337","Spacious & cosy:: CBD/marina bay/clarke quay",9164793,"Michelle","Central Region","Outram",1.28302,103.84572,"Entire home/apt",210,1,1,"01.12.2017",0.05,5,0
"1187","21967022","❀❀❀3BR Townunit@ Mins walk to Boon Keng Mrt (ers)",8492007,"Alvin","Central Region","Kallang",1.32083,103.86331,"Entire home/apt",300,10,1,"30.12.2017",0.05,203,0
"1188","21970094","9 PERS/4 BEDRM APT 5 NEAR HOLLAND VILLAGE MRT",4412979,"Sue","Central Region","Bukit Timah",1.31443,103.79015,"Entire home/apt",358,3,37,"25.08.2019",1.8,8,123
"1189","21973946","NEW & Cozy Studio APT/WIFI @ Orchard/Somerset Area",109333133,"Pat","Central Region","River Valley",1.29522,103.8394,"Entire home/apt",139,2,11,"15.03.2019",0.59,18,328
"1190","22000933","Cozy studio 10 mins to Aljunied MRT",23722617,"Alex","Central Region","Geylang",1.31441,103.88663,"Entire home/apt",78,20,13,"05.05.2019",0.66,84,75
"1195","22028335","Spacious & cosy apt. CBD/marina bay/clarke quay",9164793,"Michelle","Central Region","Outram",1.28256,103.84649,"Entire home/apt",90,2,2,"29.12.2017",0.1,5,0
"1196","22035836","Penthouse Apt with Rooftop by East Coast Beach",312794,"Suzanne","East Region","Bedok",1.31076,103.93975,"Entire home/apt",160,4,2,"01.01.2018",0.1,1,0
"1197","22037196","Beautiful flat for couple in Sophia Road with pool",6582275,"Andrea","Central Region","Rochor",1.3035,103.84739,"Entire home/apt",150,15,2,"05.05.2018",0.11,1,0
"1198","22038733","Cosy & Amazing 2bedrooms APT @ Aljunied Geylang",37483803,"Lily","Central Region","Geylang",1.31073,103.8857,"Entire home/apt",181,1,82,"18.08.2019",4.19,3,85
"1199","22053686","Beach Glamping Singapore (8 pax Jumbo bell tent)",155745049,"Go","East Region","Bedok",1.30655,103.92775,"Entire home/apt",315,1,10,"10.02.2019",0.55,6,0
"1202","22070267","1BR @ rivervalley",35691521,"Vinn","Central Region","Museum",1.29438,103.8428,"Entire home/apt",137,3,1,"05.03.2019",0.17,45,324
"1203","22071808","2BR LOFT Condo Near MRT&City! Free WIFI",160260079,"Will","Central Region","Geylang",1.31336,103.89161,"Entire home/apt",169,3,48,"11.08.2019",2.57,1,84
"1205","22225768","Cozy 1 BR Apt in River Valley",23722617,"Alex","Central Region","River Valley",1.29592,103.8404,"Entire home/apt",119,6,8,"25.06.2019",0.69,84,88
"1206","22235278","2 bedroom luxury Condo D10 Singapore",162484302,"James","Central Region","Bukit Timah",1.31675,103.78428,"Entire home/apt",250,1,1,"20.12.2017",0.05,1,0
"1207","22235974","Cozy Studio @ River Valley - walk to Orchard Rd",23722617,"Alex","Central Region","River Valley",1.29615,103.83986,"Entire home/apt",110,20,2,"20.07.2019",0.1,84,60
"1209","22254514","Perfect for Single Travelers B",114571845,"Alex","Central Region","Downtown Core",1.2977,103.8556,"Entire home/apt",87,1,3,"22.08.2019",0.17,3,290
"1211","22282038","Deluxe1 - 1BR Serviced Apartment @ East Coast",159031223,"Bob","Central Region","Kallang",1.30088,103.88533,"Entire home/apt",187,7,13,"01.08.2019",0.64,15,57
"1212","22288298","Superhost 1BR APT in the heart of Tg Pagar",66406177,"Jay","Central Region","Downtown Core",1.27527,103.84512,"Entire home/apt",146,30,4,"28.01.2019",0.22,274,299
"1213","22297449","Bright & spacious apartment next to MRT Redhill",19350246,"John","Central Region","Bukit Merah",1.28995,103.81712,"Entire home/apt",160,7,3,"30.04.2018",0.15,1,0
"1214","22299308","Super Promotion! New 2rm Condo Near MRT & City",49970123,"23 Lees","Central Region","Geylang",1.31094,103.88373,"Entire home/apt",168,2,54,"08.08.2019",2.66,3,69
"1215","22300531","NEW & Cozy 2 Queen Beds Studio @ City/Orchard Area",46685310,"L","Central Region","River Valley",1.29501,103.83984,"Entire home/apt",169,2,11,"22.07.2019",0.58,28,318
"1216","22351804","Condo with sea view",547772,"Ann","West Region","Clementi",1.29767,103.76493,"Entire home/apt",50,3,2,"29.12.2018",0.1,1,0
"1217","22426403","Deluxe3 - 1BR Serviced Apartment @ East Coast",44978352,"Kong Wee","Central Region","Marine Parade",1.29993,103.88555,"Entire home/apt",208,7,3,"28.07.2019",0.15,7,52
"1218","22454647","Modern 3 bedroom Condominium Near Public transport",164550589,"Michael","East Region","Pasir Ris",1.37023,103.94467,"Entire home/apt",210,2,58,"31.07.2019",2.94,1,309
"1220","22457479","Chic5 - cosy Serviced Apartment w/ WiFi near CBD",44978352,"Kong Wee","Central Region","Marine Parade",1.29912,103.88548,"Entire home/apt",156,7,11,"02.08.2019",0.55,7,69
"1221","22458255","Cosy Place  with good food in the vicinity  !",6578888,"Vic","Central Region","Bishan",1.35704,103.83806,"Entire home/apt",128,90,1,"02.01.2018",0.05,1,173
"1222","22471243","One Bedroom Deluxe at Oakwood Studios Singapore",119530352,"Oakwood Studios","Central Region","Newton",1.30678,103.83557,"Entire home/apt",428,6,3,"10.11.2018",0.16,6,357
"1223","22475151","Chic6 - Serviced Apartment in the East",44978352,"Kong Wee","Central Region","Marine Parade",1.29883,103.88551,"Entire home/apt",156,7,6,"13.06.2019",0.51,7,78
"1224","22475917","3 mins walk to Jurong east MRT new condo",124827904,"Lucy","West Region","Jurong East",1.33518,103.74133,"Entire home/apt",90,1,1,"09.05.2018",0.06,6,117
"1227","22544362","CBD Spacious Apt. 2min walk to Tanjong Pagar MRT",66406177,"Jay","Central Region","Downtown Core",1.27457,103.84322,"Entire home/apt",156,30,8,"28.06.2019",0.45,274,332
"1228","22555089","ONE BEDROOM  PENTHSE APT/4PAX@HOLLAND VILLAGE MRT",4412979,"Sue","Central Region","Bukit Timah",1.31421,103.79011,"Entire home/apt",129,3,15,"09.06.2019",0.76,8,300
"1229","22561172","Cozy Premium Studio (300 sqft)",111065775,"Abegail","Central Region","River Valley",1.29906,103.83661,"Entire home/apt",139,6,5,"21.03.2019",0.26,19,300
"1230","22577633","Suitable for tourists or business trips",98332824,"Eddy","Central Region","Geylang",1.31333,103.89085,"Entire home/apt",119,2,4,"14.08.2019",0.22,1,357
"1231","22594189","Small Studio Room (200 sqft)",111065775,"Abegail","Central Region","River Valley",1.29772,103.83646,"Entire home/apt",110,6,4,"19.03.2019",0.2,19,320
"1233","22623221","Bugis Link",73297404,"Kc","Central Region","Rochor",1.30274,103.85258,"Entire home/apt",210,2,33,"01.09.2018",1.71,1,0
"1234","22690958","Small and Cozy Studio (250 sqft)",111065775,"Abegail","Central Region","River Valley",1.2976,103.83787,"Entire home/apt",119,6,8,"25.03.2019",0.42,19,45
"1235","22693505","Charming studio at River Valley",23722617,"Alex","Central Region","River Valley",1.29431,103.83865,"Entire home/apt",110,14,1,"02.08.2019",1,84,59
"1236","22694427","1+1 Hotel Style Condo.  Near Dhoby Ghaut MRT.市中心公寓",162032094,"Joseph","Central Region","Rochor",1.3029,103.84792,"Entire home/apt",81,2,55,"25.07.2019",2.85,2,34
"1237","22698003","Nicely new 3BR apartment in downtown",81428257,"Michael","Central Region","Geylang",1.3145,103.885,"Entire home/apt",219,2,24,"22.07.2019",1.23,8,285
"1238","22733377","luxury condo near town 2 bedder 2 queen beds",167817067,"Jai","Central Region","Kallang",1.29807,103.87351,"Entire home/apt",139,190,4,"20.02.2018",0.21,1,363
"1239","22733443","Casa Ser202",16305681,"Ace Beautiful Homes","Central Region","Marine Parade",1.30595,103.8981,"Entire home/apt",112,2,4,"22.07.2019",0.21,17,46
"1240","22745179","Sea View Studio @ Shenton",167947458,"Kendra","Central Region","Downtown Core",1.27905,103.85044,"Entire home/apt",200,1,39,"22.08.2019",2,1,278
"1241","22781231","Superb 3-storey floor Villa FOR Large Grp!!!",81428257,"Michael","Central Region","Novena",1.31811,103.84271,"Entire home/apt",381,2,50,"21.07.2019",2.67,8,219
"1242","22786403","New Condo 2 Room Near MRT",168348659,"Airbnb","Central Region","Rochor",1.30943,103.852,"Entire home/apt",164,30,1,"05.11.2018",0.1,1,365
"1243","22798533","Spacious 3BR Apt in the Heart of Orchard Road",135298846,"Kay","Central Region","Orchard",1.30425,103.83341,"Entire home/apt",525,6,7,"06.07.2019",0.38,22,354
"1245","22870871","Clarke Quay Riverfront Loft",9817303,"Ling","Central Region","Singapore River",1.28959,103.84565,"Entire home/apt",228,3,2,"31.07.2019",0.1,2,355
"1246","22874441","2 Bedroom Apartment in Robertson Quay (3 mths min)",6170589,"Ivan","Central Region","Singapore River",1.29026,103.83874,"Entire home/apt",199,90,3,"28.08.2018",0.21,1,0
"1247","22893817","❀1BR @ Parklane (SP1B)",8492007,"Alvin","Central Region","Rochor",1.30116,103.8497,"Entire home/apt",150,5,8,"05.07.2019",0.43,203,260
"1248","22912035","1 Bedroom Deluxe  Apartment @ Orchard Road!",124516401,"Orchard Point","Central Region","Orchard",1.30061,103.84133,"Entire home/apt",260,6,1,"22.02.2018",0.05,6,177
"1251","22947456","Cozy Studio 10 mins to Aljunied MRT",23722617,"Alex","Central Region","Geylang",1.31456,103.88621,"Entire home/apt",94,10,5,"12.04.2019",0.37,84,65
"1257","22990457","2 bedrooms Deluxe apartment in Orchard!",124516401,"Orchard Point","Central Region","Orchard",1.3006,103.84012,"Entire home/apt",319,6,2,"23.07.2018",0.11,6,172
"1258","23002906","One bedroom with Balcony Sea View Marina Bay",28204338,"Yan","Central Region","Downtown Core",1.281,103.85025,"Entire home/apt",185,90,29,"09.08.2019",1.54,5,255
"1259","23008567","Gem of the West 1BR APT 3 mins from Jurong E MRT",66406177,"Jay","West Region","Jurong East",1.33675,103.74193,"Entire home/apt",135,30,4,"03.03.2019",0.25,274,204
"1260","23008962","Modern Studio - Amazing view & Spacious Apartment",56774651,"Prabhanshu","Central Region","Kallang",1.3104,103.85776,"Entire home/apt",90,3,4,"16.01.2019",0.21,1,0
"1264","23065480","10 reason to stay- 2 bedroom condo",32184450,"Apollo","Central Region","Novena",1.32374,103.85358,"Entire home/apt",200,3,13,"20.02.2019",0.75,67,261
"1265","23065902","Premier one bedroom Apartment near Marina bay",31773419,"Teo","Central Region","Downtown Core",1.28049,103.84944,"Entire home/apt",179,1,11,"04.05.2019",0.59,5,250
"1266","23079486","2 bedroom unit for rent - 10 min to novena subway",32184450,"Apollo","Central Region","Novena",1.32348,103.85139,"Entire home/apt",200,5,2,"26.12.2018",0.19,67,365
"1268","23080788","大巴窑公寓单间出租",104995358,"瑞雪","Central Region","Toa Payoh",1.33513,103.84421,"Entire home/apt",60,1,1,"07.02.2018",0.05,1,0
"1269","23080921","City apartment Near Orchard/Tan TS hospital",15656468,"Fong","Central Region","Novena",1.32513,103.85368,"Entire home/apt",99,2,3,"13.02.2018",0.16,1,0
"1270","23094299","Prime 2BR Apt in the Heart of Orchard Road",135298846,"Kay","Central Region","River Valley",1.3021,103.83256,"Entire home/apt",365,6,5,"29.01.2019",0.27,22,363
"1271","23098948","YOUNEEDTOSTAYHERE-1 bedroom condo -beside mall",32184450,"Apollo","Central Region","Novena",1.32774,103.84789,"Entire home/apt",119,14,1,"24.04.2018",0.06,67,365
"1272","23111888","Comfy 1 Bedroom Apartment at West Coast",135756776,"Angie","West Region","Clementi",1.29859,103.76586,"Entire home/apt",199,6,7,"23.07.2019",0.51,22,264
"1273","23130011","Rachel's House by the SEA Near MRT. 圣淘沙旁 近地铁 机场接机",171890055,"Gigy","Central Region","Bukit Merah",1.26983,103.81331,"Entire home/apt",300,3,64,"12.08.2019",3.41,1,86
"1275","23150443","❀1BR Central @ Dobby Ghaut (ne35)",8492007,"Alvin","Central Region","Rochor",1.30047,103.84751,"Entire home/apt",139,10,4,"07.05.2019",0.36,203,174
"1276","23151009","YOUSHOULDSTAYHERE-2 bedroom apartment",32184450,"Apollo","Central Region","Toa Payoh",1.32923,103.8655,"Entire home/apt",206,10,11,"08.07.2019",0.63,67,286
"1277","23193720","LUXURY BUSINESS ONE BEDROOM SUITES MARINA BAY",31773419,"Teo","Central Region","Outram",1.28147,103.84872,"Entire home/apt",192,1,22,"13.07.2019",1.33,5,156
"1278","23265296","Studio/ 1 Bedroom apartment 5 mins from Orchard Rd",2117120,"Jade","Central Region","River Valley",1.30002,103.83306,"Entire home/apt",121,2,6,"21.09.2018",0.33,1,0
"1279","23277415","Ann Siang Hill Skylight Studio",23336011,"Heritage Apartments","Central Region","Outram",1.28147,103.8463,"Entire home/apt",115,7,18,"24.08.2019",1.21,40,356
"1280","23279931","City Hall New & Luxurious Studio Premium Apartment",23336011,"Heritage Apartments","Central Region","Downtown Core",1.29637,103.85409,"Entire home/apt",165,7,2,"04.01.2019",0.18,40,365
"1281","23315012","Boat Quay Studio Single Apartment",23336011,"Heritage Apartments","Central Region","Singapore River",1.28872,103.84847,"Entire home/apt",135,7,18,"10.08.2019",1.41,40,332
"1282","23336097","CBD Lux Marina Bay Finance Asia Square Apartment",173801070,"Sora","Central Region","Downtown Core",1.28071,103.85151,"Entire home/apt",268,2,5,"17.05.2019",0.28,2,38
"1283","23362544","Brand New Master Room  Beside Somerset MRT",25185912,"Rebekah","Central Region","Newton",1.30525,103.83847,"Entire home/apt",87,90,9,"09.08.2019",0.55,14,179
"1284","23370324","Downtown Condo Equipped and Accessible",3078782,"Seok","Central Region","River Valley",1.29873,103.83268,"Entire home/apt",200,90,2,"30.09.2018",0.12,1,157
"1285","23380147","Cozy Studio Apartment (200 sqft)",111065775,"Abegail","Central Region","River Valley",1.29743,103.83702,"Entire home/apt",115,6,7,"04.05.2019",0.45,19,287
"1286","23380199","Comfortable Studio Room (200 sqft)",111065775,"Abegail","Central Region","River Valley",1.29736,103.83781,"Entire home/apt",119,6,3,"23.12.2018",0.19,19,300
"1288","23399180","Casa Sims301",16305681,"Ace Beautiful Homes","Central Region","Geylang",1.31435,103.8866,"Entire home/apt",199,2,13,"30.05.2019",0.73,17,18
"1289","23403996","Idyllic & Cozy 2BR in Orchard Area",66406177,"Jay","Central Region","River Valley",1.29815,103.83646,"Entire home/apt",390,30,7,"10.03.2019",0.4,274,304
"1291","23445702","Premium Marina Bay Finance Asia Square Apartment",173801070,"Sora","Central Region","Downtown Core",1.28068,103.85156,"Entire home/apt",268,2,3,"13.10.2018",0.2,2,38
"1292","23446208","★Lucky Plaza @ Orchard MRT Central 用心的民宿★",24997642,"Regina & Co.","Central Region","Newton",1.30541,103.83518,"Entire home/apt",319,2,75,"18.08.2019",4.29,6,241
"1293","23471003","n Spacious 3BR Apt 市中心好房&2 MRT stations to Orchard",80570036,"Chris","Central Region","Novena",1.31806,103.84212,"Entire home/apt",239,1,9,"11.08.2019",0.53,22,137
"1294","23486091","Cosy space near Marina Bay and Chinatown",9892163,"Amy","Central Region","Outram",1.28363,103.8465,"Entire home/apt",100,3,6,"29.09.2018",0.33,1,0
"1296","23506068","Inviting & Cozy 1BR APT 3 mins from Tg Pagar MRT",66406177,"Jay","Central Region","Downtown Core",1.27406,103.84445,"Entire home/apt",144,30,4,"23.08.2019",0.24,274,336
"1297","23510955","Cozy Studio @ River Valley",23722617,"Alex","Central Region","River Valley",1.29668,103.84032,"Entire home/apt",110,10,7,"30.07.2019",0.39,84,47
"1299","23604711","Tranquil 2Bed/2Bath Parking -Apartment",5092893,"Sam","Central Region","Bishan",1.35629,103.82818,"Entire home/apt",158,85,1,"23.10.2018",0.1,2,300
"1300","23622570","Novena 2BR 6pax 5min to MRT/5min ride to Orchard",176745294,"Kenny","Central Region","Novena",1.31732,103.84082,"Entire home/apt",250,2,22,"07.06.2019",1.28,2,31
"1301","23623049","Cosy apartment in east coast",16840994,"Lee","Central Region","Marine Parade",1.30355,103.90135,"Entire home/apt",150,5,2,"14.07.2019",0.12,1,0
"1302","23634852","Spacious 3 bedroom Panoramic Bay and City View",174094852,"Home","Central Region","Kallang",1.29954,103.85991,"Entire home/apt",308,2,51,"25.07.2019",2.93,5,50
"1303","23653833","♥1BR Near Dobby Ghaut MRT! (Ps1b)",31464513,"Darcy","Central Region","Rochor",1.30219,103.8482,"Entire home/apt",149,14,2,"25.08.2018",0.12,114,174
"1304","23672746","2BR (For 4) Apt Orchard/Stevens/UNESCO *MRT* B",6609641,"Catherine","Central Region","Tanglin",1.31707,103.82571,"Entire home/apt",281,7,5,"01.06.2019",0.44,19,362
"1305","23673101","Studio Apartment near UNESCO Site/Orchard #48",6609641,"Catherine","Central Region","Tanglin",1.31565,103.82842,"Entire home/apt",144,7,23,"30.03.2019",1.34,19,0
"1306","23717333","Ann Siang Stylish Two Bedroom Apartment",23336011,"Heritage Apartments","Central Region","Downtown Core",1.28021,103.84599,"Entire home/apt",160,7,24,"18.08.2019",1.51,40,358
"1307","23718072","Entire House Near MRT",21315137,"Ethan","Central Region","Kallang",1.31334,103.87165,"Entire home/apt",256,2,16,"23.07.2019",1,7,351
"1308","23753563","Superhost 1BR APT in the heart of Tg Pagar",66406177,"Jay","Central Region","Downtown Core",1.27552,103.84405,"Entire home/apt",369,30,2,"26.08.2018",0.12,274,336
"1309","23754858","Unique spacious loft located near CBD",175052522,"Ivan","Central Region","Rochor",1.30493,103.85387,"Entire home/apt",487,1,1,"26.03.2018",0.06,1,365
"1310","23775041","Marina Bay/IR/MBFC (The Sail @ Marina Bay)",36177912,"Cynthia","Central Region","Downtown Core",1.28172,103.85207,"Entire home/apt",175,90,1,"27.05.2019",0.32,3,341
"1311","23831806","10 reason to stay-1 plus study condo -3 min to mrt",32184450,"Apollo","Central Region","Geylang",1.31698,103.88188,"Entire home/apt",150,25,22,"15.05.2019",1.28,67,361
"1313","23870306","2br cosy apt 3 mins walk to Jurong E. MRT",66406177,"Jay","West Region","Jurong East",1.33692,103.74253,"Entire home/apt",161,30,1,"21.07.2018",0.07,274,335
"1314","23870581","bugis area- 1 bedroom condo for rent",32184450,"Apollo","Central Region","Rochor",1.30017,103.84883,"Entire home/apt",115,7,3,"19.07.2019",0.85,67,332
"1318","23925850","Comfy 2 Bedroom Apartment in Northeast Singapore",135298846,"Kay","North-East Region","Hougang",1.37534,103.87804,"Entire home/apt",250,6,7,"20.07.2019",0.42,22,351
"1319","23934649","Nice Home near dakota/aljunied mrt and food L3",1725521,"Benny","Central Region","Geylang",1.31197,103.88583,"Entire home/apt",169,2,53,"29.07.2019",3.09,16,115
"1320","23947783","Studio Apartment - Oakwood Premier",178584113,"Oakwood Premier OUE Singapore","Central Region","Downtown Core",1.27799,103.84931,"Entire home/apt",360,4,15,"22.06.2019",0.89,15,325
"1322","23984837","Entire 3 bedroom+2 bathroom close to city",178717051,"Lily","Central Region","Geylang",1.3112,103.87873,"Entire home/apt",179,1,37,"28.07.2019",2.19,1,149
"1323","24022931","Den in the sky [Central Singapore]",57393519,"Jack","Central Region","Kallang",1.30025,103.86027,"Entire home/apt",99,1,11,"19.08.2019",0.76,1,125
"1324","24026878","Jumbo Bell Tent By The Sea",109089431,"Lydia","East Region","Bedok",1.3151,103.96063,"Entire home/apt",300,1,2,"18.05.2018",0.13,6,54
"1325","24045987","1BR Cosy beside MRT (Purple Line) ers",31464513,"Darcy","Central Region","Kallang",1.32188,103.8655,"Entire home/apt",132,7,2,"23.06.2019",0.3,114,334
"1326","24056026","Cozy 1 bedroom apartment 8 mins walk to Aljunied",23722617,"Alex","Central Region","Geylang",1.31456,103.88818,"Entire home/apt",83,14,9,"03.08.2019",0.59,84,61
"1327","24057381","2BR Condo near Orchard Road for a happy family",181108818,"Jg","Central Region","Tanglin",1.29627,103.82928,"Entire home/apt",185,4,45,"25.08.2019",2.74,1,70
"1328","24068262","Luxury Studio Suites Marina Bay  Financial Centre",28204338,"Yan","Central Region","Downtown Core",1.27705,103.8498,"Entire home/apt",208,30,15,"29.04.2019",0.89,5,261
"1329","24070730","Studio Apt Orchard/Stevens Area #3",6609641,"Catherine","Central Region","Tanglin",1.31583,103.82612,"Entire home/apt",118,7,13,"30.06.2019",0.83,19,355
"1331","24104673","❀1BR @ Novena high floor spectacular view",8492007,"Alvin","Central Region","Novena",1.32475,103.84603,"Entire home/apt",119,5,3,"21.07.2018",0.18,203,320
"1332","24105407","❀❀2BR Moden unit at Sim Ave beside Metro",8492007,"Alvin","Central Region","Geylang",1.31745,103.88788,"Entire home/apt",137,3,1,"12.04.2018",0.06,203,23
"1333","24105506","Big Apartment near Aljunied Mrt and food L2",1725521,"Benny","Central Region","Geylang",1.31178,103.88454,"Entire home/apt",185,2,50,"11.08.2019",2.99,16,92
"1334","24123861","10 reason to book - 1 bedroom farrer park subway",32184450,"Apollo","Central Region","Kallang",1.31549,103.8575,"Entire home/apt",110,6,6,"22.12.2018",0.36,67,365
"1336","24124445","1bedroom condo for rent-bugis",32184450,"Apollo","Central Region","Rochor",1.3029,103.84787,"Entire home/apt",119,5,7,"11.04.2019",0.42,67,365
"1337","24168250","STUDIO SUITES WITH MARINA BAY SEA VIEW",112334807,"Gan","Central Region","Downtown Core",1.27799,103.85002,"Entire home/apt",201,1,7,"09.06.2019",0.43,3,156
"1338","24197770","Home near Aljunied /dakota MRT supermarket & Food",1725521,"Benny","Central Region","Geylang",1.31283,103.88653,"Entire home/apt",165,2,46,"11.08.2019",2.78,16,117
"1339","24211014","Design Loft for Creative Travelers/Digital Nomads",182525420,"Lay Kuan","East Region","Bedok",1.33031,103.94461,"Entire home/apt",128,10,7,"11.08.2019",0.54,1,250
"1340","24212593","Beach Road 2 Bedroom Apartment",182541452,"PARKROYAL Serviced Suites","Central Region","Kallang",1.29932,103.85999,"Entire home/apt",364,6,4,"21.04.2019",0.29,2,355
"1341","24230737","Big and Spacious Three bedrooms Condo Apartment",182688038,"Heri","Central Region","Kallang",1.31377,103.85708,"Entire home/apt",300,15,1,"24.04.2018",0.06,2,365
"1342","24233110","One Bedroom Deluxe Apartment - Oakwood Premier",178584113,"Oakwood Premier OUE Singapore","Central Region","Downtown Core",1.27707,103.84948,"Entire home/apt",281,4,7,"09.08.2019",0.58,15,359
"1343","24236950","Serene 2 Bedroom Apartment in Northeast Singapore",135298846,"Kay","North-East Region","Hougang",1.3768,103.88022,"Entire home/apt",250,6,9,"13.08.2019",0.78,22,361
"1344","24276647","Ben's Business Pad",8527085,"Ben","Central Region","Outram",1.28163,103.84885,"Entire home/apt",258,2,42,"13.08.2019",2.58,38,271
"1345","24280470","Condo at the heart of Singapore",2356765,"Cheng Ho","Central Region","Queenstown",1.30278,103.7893,"Entire home/apt",100,60,2,"04.08.2018",0.15,1,83
"1346","24290316","Studio Apartment - Oakwood Premier",178584113,"Oakwood Premier OUE Singapore","Central Region","Downtown Core",1.27655,103.84888,"Entire home/apt",281,4,18,"19.07.2019",1.12,15,344
"1347","24290323","Studio Apartment - Oakwood Premier",178584113,"Oakwood Premier OUE Singapore","Central Region","Downtown Core",1.27705,103.84905,"Entire home/apt",281,4,8,"27.06.2019",0.55,15,344
"1348","24292400","SG One & Only Luxurious Living Near Sentosa & CBD",44321809,"Kate","Central Region","Bukit Merah",1.26737,103.81082,"Entire home/apt",399,3,45,"11.08.2019",3.03,4,39
"1349","24294525","2 Discount Spacious Deluxe 2BR Superhost near City",17404486,"Cal","Central Region","Marine Parade",1.30782,103.90033,"Entire home/apt",214,2,25,"25.08.2019",1.5,9,162
"1350","24294559","3Superhost  Cosy Home Away from Home 2BR near City",90604639,"Zhen And Toni","Central Region","Marine Parade",1.30942,103.89981,"Entire home/apt",204,2,35,"26.08.2019",2.16,9,158
"1351","24294873","2 Discount 5 Stars Spacious 2BR near City & Beach",17404486,"Cal","Central Region","Marine Parade",1.30797,103.8999,"Entire home/apt",212,2,20,"14.08.2019",1.22,9,151
"1352","24294968","Studio Apt w Balcony /WIFI @ Orchard/Somerset Area",10248444,"Rc","Central Region","River Valley",1.29417,103.83786,"Entire home/apt",139,2,11,"21.07.2019",0.68,48,315
"1353","24303300","Lots of space and home with a view",142383246,"Andy","Central Region","Geylang",1.31188,103.88907,"Entire home/apt",92,5,12,"14.09.2018",0.72,1,1
"1354","24311158","Beach Glamping at ECP (5pax)",155745049,"Go","Central Region","Marine Parade",1.3011,103.91325,"Entire home/apt",235,1,5,"16.12.2018",0.32,6,0
"1355","24312879","2000sqft Detached House 独立式超大空间别墅",45003690,"James","Central Region","Kallang",1.32241,103.86506,"Entire home/apt",350,7,1,"22.06.2018",0.07,1,0
"1356","24357656","Ecstatic Studio Nearby Mustafa 24 hours",183618288,"Jimmy","Central Region","Kallang",1.31581,103.85779,"Entire home/apt",114,30,28,"17.03.2019",1.7,30,47
"1357","24358325","✪One BR @ Boon keng area",8492007,"Alvin","Central Region","Kallang",1.32254,103.86495,"Entire home/apt",140,8,4,"30.07.2019",0.52,203,365
"1358","24358858","Catchy Studio Nearby Farrer Park MRT",183618288,"Jimmy","Central Region","Kallang",1.31554,103.85653,"Entire home/apt",110,30,19,"22.04.2019",1.22,30,77
"1359","24359063","Airy Loft Nearby City Square Mall",183618288,"Jimmy","Central Region","Kallang",1.31406,103.85598,"Entire home/apt",150,30,3,"16.02.2019",0.23,30,6
"1360","24359228","Lively Loft Nearby City Square Mall (4 Pax)",183618288,"Jimmy","Central Region","Kallang",1.31437,103.85641,"Entire home/apt",150,30,4,"10.06.2019",0.26,30,70
"1361","24360251","Furnished Studio Nearby City Square Mall",183618288,"Jimmy","Central Region","Kallang",1.31628,103.85807,"Entire home/apt",110,30,9,"07.06.2019",0.6,30,14
"1362","24417860","❀❀ 2BR Cosy unit nearby dakota mrt station IMT",8492007,"Alvin","Central Region","Geylang",1.31093,103.88552,"Entire home/apt",131,3,6,"07.07.2019",0.45,203,322
"1363","24433101","1 BR Cozy and  comfy  near town ! (PS)",35691521,"Vinn","Central Region","Rochor",1.30142,103.84839,"Entire home/apt",112,15,1,"06.05.2018",0.06,45,174
"1364","24435647","1Queen size and 1 single bedroom for rent",32184450,"Apollo","Central Region","Geylang",1.31235,103.88531,"Entire home/apt",200,3,10,"03.07.2018",0.61,67,365
"1365","24439214","10 reason to stay- 3bedroom condo in bugis",32184450,"Apollo","Central Region","Rochor",1.29995,103.85002,"Entire home/apt",300,6,4,"29.07.2019",0.26,67,354
"1366","24463811","Luxurious Apartment 2BR @ Farrer Park MRT NE8",7756883,"Mamun","Central Region","Kallang",1.3119,103.8572,"Entire home/apt",261,2,6,"13.08.2019",0.37,2,87
"1367","24466269","1BR+Terrace Condo beside MRT",184792657,"Alee","Central Region","Geylang",1.31394,103.88278,"Entire home/apt",96,2,66,"07.08.2019",4.02,6,62
"1368","24477657","✪1BR River Valley near Robinson quay",8492007,"Alvin","Central Region","Museum",1.29476,103.84221,"Entire home/apt",150,10,5,"19.05.2019",0.47,203,317
"1369","24484786","10 reason to stay -bedroom condo in balestier",32184450,"Apollo","Central Region","Novena",1.32678,103.84787,"Entire home/apt",106,25,1,"18.02.2019",0.16,67,365
"1372","24503763","2 bedroom condo - penthouse- potong pasir mrt",32184450,"Apollo","Central Region","Kallang",1.32697,103.86566,"Entire home/apt",200,3,3,"21.07.2018",0.19,67,359
"1374","24582403","♥1BR Mackenzie MRT with Huge Balcony (8m8)",31464513,"Darcy","Central Region","Rochor",1.30671,103.84824,"Entire home/apt",160,14,3,"18.12.2018",0.25,114,243
"1375","24585441","3BR Purple Line Serviced Residences (ers)",31464513,"Darcy","Central Region","Kallang",1.32179,103.86404,"Entire home/apt",319,80,2,"25.06.2019",0.14,114,358
"1376","24585593","3BR Beside Purple Line MRT (ers)",31464513,"Darcy","North Region","Central Water Catchment",1.35238,103.82039,"Entire home/apt",281,75,1,"25.07.2018",0.08,114,358
"1379","24591317","Spacious 1BR with ocean view in premium condo",2729910,"Alexander","Central Region","Downtown Core",1.27463,103.84528,"Entire home/apt",200,3,12,"15.02.2019",0.76,1,0
"1381","24614743","City Apt with 3BRs&close to Orchard Rd@walk to MRT",80570036,"Chris","Central Region","Novena",1.31811,103.84241,"Entire home/apt",239,1,43,"13.08.2019",2.82,22,119
"1382","24636842","Tanjong Pagar Studio Apartment",23336011,"Heritage Apartments","Central Region","Outram",1.27864,103.84342,"Entire home/apt",106,7,15,"18.08.2019",1.13,40,363
"1383","24659042","Cosy Studio Apartment 2 at Heritage Tiong Bahru",186368904,"Diane","Central Region","Bukit Merah",1.28279,103.83395,"Entire home/apt",106,2,93,"03.08.2019",5.89,1,131
"1384","24660198","Large 2-bedroom apartment in orchard near subway",7210103,"Thanksgivings","Central Region","River Valley",1.29698,103.84021,"Entire home/apt",231,7,11,"06.06.2019",0.78,4,320
"1385","24664051","Roof Top Apartment 5 @ Heritage Tiong Bahru",186405513,"Diane","Central Region","Bukit Merah",1.2831,103.83596,"Entire home/apt",85,2,72,"12.08.2019",4.84,1,257
"1386","24667752","Awesome penthouse in down town",185506120,"Andy","Central Region","Kallang",1.31588,103.85519,"Entire home/apt",219,2,31,"22.08.2019",2.05,3,103
"1387","24681823","Studio Apartment - Oakwood Premier",178584113,"Oakwood Premier OUE Singapore","Central Region","Downtown Core",1.27764,103.84793,"Entire home/apt",300,2,13,"14.06.2019",0.86,15,237
"1388","24682167","Studio Apartment - Oakwood Premier",178584113,"Oakwood Premier OUE Singapore","Central Region","Downtown Core",1.27575,103.84732,"Entire home/apt",300,4,11,"22.06.2019",0.72,15,348
"1390","24701128","2 Bedroom Delux Penthouse next to MRT",153225818,"Anna","Central Region","Kallang",1.31412,103.85403,"Entire home/apt",244,2,5,"05.11.2018",0.32,2,0
"1391","24704585","Attic Hideaway in Heart of the City",71047039,"Amelia","Central Region","Outram",1.2818,103.84501,"Entire home/apt",175,3,27,"09.08.2019",1.77,16,24
"1392","24705997","❀❀❀Spacious Three bed Room @ Town bugis area",8492007,"Alvin","Central Region","Rochor",1.29961,103.84975,"Entire home/apt",300,7,2,"18.08.2018",0.13,203,255
"1393","24706270","❀❀❀3BR nearby boon keng metro",8492007,"Alvin","Central Region","Kallang",1.31957,103.86404,"Entire home/apt",287,7,6,"25.12.2018",0.39,203,264
"1394","24706274","❀❀❀3BR nearby metro station purple line",8492007,"Alvin","Central Region","Kallang",1.32022,103.86296,"Entire home/apt",287,7,3,"05.07.2018",0.2,203,262
"1395","24706479","✪1BR @ Mackenzi road nearby metro (8M8)",8492007,"Alvin","Central Region","Newton",1.30582,103.84645,"Entire home/apt",128,15,1,"18.08.2018",0.08,203,365
"1396","24739273","Comfy 3BR Apartment in Northeast Singapore",135298846,"Kay","North-East Region","Hougang",1.3761,103.87994,"Entire home/apt",310,6,5,"13.08.2019",0.54,22,361
"1397","24781937","Lovely Studio @ Nearby Farrer Park MRT",183618288,"Jimmy","Central Region","Kallang",1.31419,103.85662,"Entire home/apt",110,30,18,"08.07.2019",1.18,30,45
"1399","24782626","Ann Siang Hill Studio Premium Apartment",23336011,"Heritage Apartments","Central Region","Outram",1.28175,103.84597,"Entire home/apt",135,7,4,"06.07.2019",0.35,40,365
"1400","24784280","One Bedroom For Stay In Heart of City",60182736,"Huiting","Central Region","River Valley",1.29312,103.8363,"Entire home/apt",115,90,1,"11.11.2018",0.1,1,209
"1401","24785585","Entice Studio Nearby Chinatown (4 Pax)",183618288,"Jimmy","Central Region","Outram",1.28301,103.84679,"Entire home/apt",181,3,13,"03.04.2019",0.87,30,53
"1402","24786308","Alluring Studio @ Chinatown",183618288,"Jimmy","Central Region","Outram",1.28376,103.84527,"Entire home/apt",181,3,11,"08.08.2019",0.75,30,45
"1403","24804247","1br Central Orchard Next to MRT",8527085,"Ben","Central Region","Newton",1.30203,103.83936,"Entire home/apt",210,2,35,"12.08.2019",2.22,38,291
"1404","24804467","Luxury 2br Chinatown Executive Next to MRT",8527085,"Ben","Central Region","Outram",1.28134,103.84131,"Entire home/apt",319,2,39,"07.08.2019",2.55,38,310
"1405","24812343","3BR Near Beautiful Park and Mall (8sr)",31464513,"Darcy","Central Region","Novena",1.32491,103.8487,"Entire home/apt",350,28,3,"20.02.2019",0.2,114,362
"1406","24851345","Superhost 1BR APT in the heart of Tg Pagar",66406177,"Jay","Central Region","Downtown Core",1.27377,103.84405,"Entire home/apt",146,30,2,"21.12.2018",0.18,274,327
"1408","24881098","Premium Apt close to MRT station & Shopping Malls",41039458,"Zack","West Region","Jurong East",1.33503,103.74125,"Entire home/apt",135,28,2,"21.12.2018",0.15,10,245
"1409","24883109","nCentralised 3BRs near Orchard Rd近地铁市中心好房@near MRT",80570036,"Chris","Central Region","Novena",1.31815,103.84191,"Entire home/apt",239,1,30,"09.08.2019",2.03,22,143
"1410","24883137","2BR Family Suite near Marina Bay /Chinatown",71047039,"Amelia","Central Region","Outram",1.28324,103.84644,"Entire home/apt",300,3,30,"02.07.2019",2.05,16,36
"1412","24935845","Spacious 2-bedroom conservation apartment",9180813,"Marcus","Central Region","Bukit Merah",1.27599,103.83613,"Entire home/apt",350,1,3,"28.08.2018",0.19,1,0
"1414","24949420","4 Bedroom Luxe Penthouse combination next to MRT",144740166,"James","Central Region","Kallang",1.31373,103.85412,"Entire home/apt",439,4,2,"02.10.2018",0.13,5,0
"1415","24950322","Two Bedroom Apartment - Oakwood Premier",178584113,"Oakwood Premier OUE Singapore","Central Region","Downtown Core",1.27565,103.84815,"Entire home/apt",481,6,5,"18.06.2019",0.41,15,325
"1416","24950615","Two Bedroom Apartment - Oakwood Premier",178584113,"Oakwood Premier OUE Singapore","Central Region","Downtown Core",1.27566,103.84936,"Entire home/apt",481,4,11,"11.07.2019",0.77,15,315
"1417","24958774","NEW Home in the city! Mins to Novena MRT & Orchard",17922251,"Crystal","Central Region","Novena",1.31633,103.84537,"Entire home/apt",160,1,85,"10.08.2019",5.44,1,130
"1418","24984672","Entire Apartment @ Heritage Tiong Bahru+WIFI",187856464,"Diane","North Region","Central Water Catchment",1.35107,103.82031,"Entire home/apt",85,2,69,"07.08.2019",4.45,1,276
"1419","25008022","Cozy&lovely penthouse",185506120,"Andy","Central Region","Kallang",1.314,103.85426,"Entire home/apt",218,2,6,"04.08.2019",0.4,3,111
"1420","25012242","2 bedroom condo at city area 8mins to orchard",99951899,"Tony","Central Region","Toa Payoh",1.33182,103.8687,"Entire home/apt",299,2,47,"29.07.2019",3.12,1,225
"1421","25015675","2 Bedroom Luxury Duplex Penthouse near MRT",153225818,"Anna","Central Region","Kallang",1.31557,103.85522,"Entire home/apt",235,2,2,"18.08.2018",0.15,2,0
"1422","25020069","10 reason to stay-3bedroom in farrer park",32184450,"Apollo","Central Region","Kallang",1.31743,103.85195,"Entire home/apt",300,20,1,"31.07.2018",0.08,67,261
"1423","25034490","Central Business Studio Apartment Balcony Seaview",28204338,"Yan","Central Region","Downtown Core",1.27869,103.84986,"Entire home/apt",181,30,24,"27.07.2019",1.61,5,169
"1424","25044333","Luxury marina view 2BR NEXT to MRT Free pick up",189326474,"Kiwi Sg Home","Central Region","Downtown Core",1.29779,103.85723,"Entire home/apt",368,7,37,"02.08.2019",2.4,10,123
"1425","25044951","Contemporary Spacious Home in City Centre",189326474,"Kiwi Sg Home","Central Region","Rochor",1.30186,103.84978,"Entire home/apt",600,2,38,"20.08.2019",2.42,10,153
"1426","25058953","Snuggy Studio Nearby City Square Mall",183618288,"Jimmy","Central Region","Kallang",1.31477,103.85751,"Entire home/apt",100,30,7,"19.09.2018",0.47,30,57
"1427","25059372","Euphoric Studio Near Farrer Park Hospital",183618288,"Jimmy","Central Region","Kallang",1.31626,103.85636,"Entire home/apt",110,30,7,"29.08.2018",0.47,30,89
"1428","25060330","Studio Apartment - Oakwood Premier",178584113,"Oakwood Premier OUE Singapore","Central Region","Downtown Core",1.27734,103.84902,"Entire home/apt",300,4,4,"15.06.2019",0.53,15,351
"1429","25083771","Hidden 2BR Gem in Chinatown - Walk to Marina!",71047039,"Amelia","Central Region","Outram",1.28164,103.84527,"Entire home/apt",301,3,4,"18.06.2019",0.28,16,46
"1430","25092261","Cozy studio apartment (near city)",31241923,"Sally Seungeun","Central Region","Geylang",1.31249,103.9008,"Entire home/apt",90,1,1,"22.05.2018",0.06,1,0
"1432","25102785","75sm luxurious 1br apt. 3min to Tanjong Pagar MRT",66406177,"Jay","Central Region","Downtown Core",1.27531,103.84409,"Entire home/apt",165,21,6,"25.08.2019",0.47,274,0
"1433","25105657","Leisure 1BR APT located 5 mins from Tg Pagar MRT",66406177,"Jay","Central Region","Downtown Core",1.27323,103.84648,"Entire home/apt",151,30,2,"19.08.2018",0.16,274,301
"1434","25155990","Signature Luxury 2 BDR Condo in CBD heart by MRT",144740166,"James","Central Region","Downtown Core",1.27777,103.85649,"Entire home/apt",399,2,13,"06.11.2018",0.84,5,0
"1435","25158461","CBD Spacious Apt. 2min walk to Tanjong Pagar MRT",66406177,"Jay","Central Region","Downtown Core",1.27571,103.84531,"Entire home/apt",140,7,3,"16.06.2019",0.23,274,0
"1436","25186090","Compact Studio Apt / WIFI @ Orchard/Somerset Area",61619807,"Ong","Central Region","River Valley",1.29437,103.84026,"Entire home/apt",115,2,28,"30.07.2019",1.87,27,338
"1437","25200482","Fantastic Studio @ ClubResidences (Chinatown Area)",183618288,"Jimmy","Central Region","Outram",1.28294,103.84549,"Entire home/apt",190,3,15,"08.05.2019",1.05,30,78
"1438","25202450","❀❀2BR Owen Road @ Farrer park nearby shopping mall",8492007,"Alvin","Central Region","Kallang",1.31375,103.8544,"Entire home/apt",218,5,3,"12.03.2019",0.21,203,155
"1440","25273104","Designer 1 bed condo with balcony off Orchard Road",20380142,"Leena","Central Region","Newton",1.3035,103.84229,"Entire home/apt",90,5,6,"22.04.2019",0.43,1,69
"1442","25306121","Ember Room in Award Winning Shophouse",144936523,"Fang Ren","Central Region","Geylang",1.31225,103.88329,"Entire home/apt",110,6,2,"24.06.2019",0.49,12,88
"1443","25306790","Crimson Room in Award Winning Shophouse",144936523,"Fang Ren","Central Region","Geylang",1.31393,103.88521,"Entire home/apt",110,6,1,"14.06.2019",0.39,12,43
"1444","25307669","Scarlet Room in Award Winning Shophouse",144936523,"Fang Ren","Central Region","Geylang",1.31341,103.88452,"Entire home/apt",131,29,3,"28.07.2019",0.22,12,83
"1445","25308084","Mahogany Room in Award Winning Shophouse",144936523,"Fang Ren","Central Region","Geylang",1.31238,103.88368,"Entire home/apt",131,29,2,"04.08.2018",0.14,12,88
"1447","25328461","Lovely New 1Br & Hall @ MRT Novena Newton Orchard",22103887,"John","Central Region","Novena",1.3164,103.84213,"Entire home/apt",119,4,47,"31.07.2019",3.2,3,43
"1449","25428764","Exclusive Apartment next to MRT station",41039458,"Zack","Central Region","Queenstown",1.29491,103.8069,"Entire home/apt",125,90,3,"29.12.2018",0.26,10,129
"1451","25493161","Inviting & Cozy 1BR APT 3 mins from Tg Pagar MRT",66406177,"Jay","Central Region","Outram",1.2762,103.84414,"Entire home/apt",156,30,1,"04.01.2019",0.13,274,342
"1452","25591117","Ann Siang Hill Dapper Apartment for 4pax",71047039,"Amelia","Central Region","Outram",1.28191,103.84708,"Entire home/apt",175,3,31,"04.08.2019",2.12,16,33
"1454","25661108","♥♥Cozy 2BR @ Farrer Park MRT (fps1)",31464513,"Darcy","Central Region","Kallang",1.31354,103.85265,"Entire home/apt",225,4,5,"18.03.2019",0.36,114,155
"1455","25716192","Amazing apartment with a unique view!",2136599,"Ahmed","Central Region","Downtown Core",1.27415,103.84634,"Entire home/apt",250,5,2,"29.07.2018",0.13,1,0
"1456","25716782","3BR Newton/Novena MRT/Bus 3-5min to Orchard 9+ pax",176745294,"Kenny","Central Region","Novena",1.31717,103.84323,"Entire home/apt",249,1,44,"05.08.2019",3.03,2,164
"1457","25748458","Studio Apt Orchard/Stevens Area #4",6609641,"Catherine","Central Region","Tanglin",1.31566,103.82693,"Entire home/apt",160,7,3,"20.03.2019",0.21,19,365
"1458","25753432","Spacious 2BR @ Purple Line MRT (e4r9s)",31464513,"Darcy","Central Region","Kallang",1.3223,103.86384,"Entire home/apt",268,80,1,"18.07.2018",0.07,114,358
"1459","25760233","Cecil Street One Bedroom Apartment",23336011,"Heritage Apartments","Central Region","Downtown Core",1.2805,103.8492,"Entire home/apt",181,7,3,"02.01.2019",0.22,40,340
"1460","25783297","✪✪✪3BR Huge Space Near Novena (btk)",8492007,"Alvin","Central Region","Novena",1.32589,103.84858,"Entire home/apt",290,10,3,"06.08.2019",0.5,203,365
"1461","25787949","3BR Near Toa Payoh MRT (1g0a1)",31464513,"Darcy","Central Region","Novena",1.32908,103.84426,"Entire home/apt",350,80,1,"01.07.2018",0.07,114,358
"1462","25793757","Perfect for Couples",76505816,"Wei","Central Region","Geylang",1.31173,103.89071,"Entire home/apt",108,2,62,"24.08.2019",4.49,1,44
"1463","25810330","Cozy Studio 10 mins to Aljunied MRT",23722617,"Alex","Central Region","Geylang",1.31403,103.88852,"Entire home/apt",78,10,14,"12.08.2019",0.99,84,55
"1464","25816812","Compact Studio near Marina Bay",71047039,"Amelia","Central Region","Outram",1.28201,103.84483,"Entire home/apt",150,3,32,"10.05.2019",2.17,16,45
"1466","25821961","Gorgeous 1 BedRm Close to CBD District (4pax)",183618288,"Jimmy","Central Region","Outram",1.28327,103.84513,"Entire home/apt",200,3,9,"07.05.2019",0.67,30,62
"1467","25843604","Dazzle Studio @ Clubhouse (Chinatown) 4 pax",183618288,"Jimmy","Central Region","Outram",1.28336,103.845,"Entire home/apt",175,3,6,"05.06.2019",0.49,30,47
"1468","25848131","2bedroom beside hotel-Tyrwhitt Road",32184450,"Apollo","Central Region","Kallang",1.31099,103.86014,"Entire home/apt",181,3,1,"26.07.2019",0.88,67,365
"1469","25866359","Studio unit opposite Chinatown MRT",23722617,"Alex","Central Region","Outram",1.28385,103.84536,"Entire home/apt",110,8,3,"13.02.2019",0.23,84,89
"1471","25878538","Spacious 1BR walk to Orchard/Bugis/LASALLE",22274940,"Squirrel Homes","Central Region","Rochor",1.30326,103.84673,"Entire home/apt",178,3,28,"24.08.2019",1.92,2,47
"1472","25888807","glamping kaki singapore-Standard medium bell ten",182166388,"Glamping","East Region","Bedok",1.3127,103.9512,"Entire home/apt",181,1,12,"11.08.2019",1.11,3,173
"1473","25892078","2br City Suite Next to MRT",8527085,"Ben","Central Region","Downtown Core",1.28099,103.85008,"Entire home/apt",258,2,46,"13.08.2019",3.14,38,227
"1474","25959162","♥1BR Beside Ibis Hotel Novena MRT (dm)",31464513,"Darcy","Central Region","Novena",1.32508,103.84533,"Entire home/apt",140,10,2,"24.01.2019",0.14,114,320
"1475","25980558","Brisky Studio near Marina Bay",71047039,"Amelia","Central Region","Outram",1.2822,103.84629,"Entire home/apt",181,3,12,"31.05.2019",0.84,16,85
"1476","25980709","2BR/Homey Condo/Novena/Balestier Area",120674614,"Amy","Central Region","Novena",1.3204,103.85368,"Entire home/apt",250,5,2,"26.07.2019",0.29,6,55
"1477","25992872","10 reason to stay-1 bedroom condo for rent",32184450,"Apollo","Central Region","Novena",1.32417,103.85016,"Entire home/apt",106,14,5,"21.07.2019",0.36,67,318
"1478","26020344","✪1BR City View @ Balestier TT2",8492007,"Alvin","Central Region","Novena",1.32353,103.85085,"Entire home/apt",150,10,1,"25.07.2019",0.86,203,365
"1479","26040285","♥1BR Shaw Plaza Shopping Mall and Great Food (tt1)",31464513,"Darcy","Central Region","Novena",1.32372,103.8507,"Entire home/apt",140,7,3,"08.07.2019",0.22,114,322
"1481","26063632","PREMIER 1BEDROOM SUITES AT MARINA BAY CENTRE",112334807,"Gan","Central Region","Downtown Core",1.28004,103.84941,"Entire home/apt",276,1,7,"07.07.2019",0.61,3,162
"1482","26093769","***2 Bed Room @ 15 mins walk Kallang mrt station",8492007,"Alvin","Central Region","Geylang",1.31034,103.87624,"Entire home/apt",218,2,5,"30.10.2018",0.38,203,337
"1483","26094193","***3BR Geylang 15 mins walk to Kallang mrt station",8492007,"Alvin","Central Region","Geylang",1.30916,103.87812,"Entire home/apt",268,2,2,"11.09.2018",0.15,203,305
"1484","26109666","*2BR Kallang MRT Minutes drive to town (GL)",31464513,"Darcy","Central Region","Geylang",1.31127,103.87788,"Entire home/apt",237,3,3,"17.08.2018",0.22,114,362
"1485","26109753","**3BR Near Kallang MRT minutes drive to town (GL)",31464513,"Darcy","Central Region","Geylang",1.31005,103.87796,"Entire home/apt",268,3,1,"22.07.2018",0.07,114,362
"1486","26109755","****5BR Near town minutes walk to Kallang MRT (GL)",31464513,"Darcy","Central Region","Geylang",1.31163,103.87622,"Entire home/apt",587,3,5,"08.02.2019",0.4,114,362
"1488","26110112","*2BR Minutes Drive to Bugis near Kallang MRT (GL)",31464513,"Darcy","Central Region","Geylang",1.3115,103.87824,"Entire home/apt",237,3,17,"09.06.2019",1.19,114,358
"1489","26110216","**3BR Mins Drive to Town @ Kallang MRT (GL)",31464513,"Darcy","Central Region","Geylang",1.30993,103.87826,"Entire home/apt",318,3,10,"20.11.2018",0.72,114,358
"1490","26121640","***5 Bed Room @ nearby Kallang 10 mins walk to mrt",8492007,"Alvin","Central Region","Geylang",1.31101,103.87643,"Entire home/apt",468,2,4,"10.08.2018",0.29,203,365
"1491","26139798","10 reason to stay-1bedroom -river valley",32184450,"Apollo","Central Region","Museum",1.29434,103.84322,"Entire home/apt",150,12,4,"19.01.2019",0.39,67,361
"1492","26143674","♥1BR Farrer Park MRT Near Citysquare (rg1)",31464513,"Darcy","Central Region","Kallang",1.31572,103.85314,"Entire home/apt",140,7,2,"04.02.2019",0.21,114,329
"1493","26144223","♥1BR Beside UE Square @ Robertson (rvp2)",31464513,"Darcy","Central Region","Singapore River",1.29345,103.84173,"Entire home/apt",149,7,2,"25.05.2019",0.14,114,325
"1495","26176258","Heritage Home near Chinatown",71047039,"Amelia","Central Region","Outram",1.28151,103.84629,"Entire home/apt",181,3,10,"05.05.2019",0.7,16,47
"1496","26177110","YOUNEEDTOSTAYHERE-1bedroom condo",32184450,"Apollo","Central Region","Novena",1.323,103.85397,"Entire home/apt",100,5,6,"26.06.2019",0.46,67,340
"1497","26201262","11reason to stay - 1 bedroom condo in bugis",32184450,"Apollo","Central Region","Rochor",1.30212,103.84873,"Entire home/apt",131,12,2,"13.01.2019",0.24,67,353
"1498","26205199","2bedroom condo -opposite farrer park hospital",32184450,"Apollo","Central Region","Kallang",1.3141,103.85392,"Entire home/apt",219,5,2,"17.11.2018",0.15,67,305
"1499","26207649","*2BR Kallang MRT mins Drive to Bugis (GL7)",31464513,"Darcy","Central Region","Geylang",1.31192,103.8781,"Entire home/apt",237,3,7,"16.02.2019",0.51,114,362
"1500","26207768","**3BR Near Kallang MRT mins Drive to Bugis (GL7)",31464513,"Darcy","Central Region","Geylang",1.31042,103.87654,"Entire home/apt",318,3,6,"13.11.2018",0.43,114,362
"1502","26217724","Luxury 2br Opulent Next to MBS",8527085,"Ben","Central Region","Outram",1.28158,103.84871,"Entire home/apt",258,2,7,"20.07.2019",0.51,38,13
"1503","26218347","Ben's Lucky Lad",8527085,"Ben","Central Region","Orchard",1.30441,103.83354,"Entire home/apt",319,2,29,"07.08.2019",2.4,38,299
"1504","26221747","Premium Apt close to MRT station & Shopping Malls",41039458,"Zack","Central Region","Queenstown",1.28108,103.78316,"Entire home/apt",135,25,2,"07.05.2019",0.48,10,0
"1505","26261789","One Bedroom Deluxe Apartment - Oakwood Premier",178584113,"Oakwood Premier OUE Singapore","Central Region","Downtown Core",1.27794,103.85011,"Entire home/apt",350,4,4,"11.08.2019",0.34,15,330
"1507","26304624","Home Stweet home",129970872,"风","East Region","Bedok",1.31916,103.90977,"Entire home/apt",119,2,1,"10.09.2018",0.08,1,0
"1508","26309079","Hippie Studio at Town",71047039,"Amelia","Central Region","Outram",1.28191,103.84665,"Entire home/apt",150,3,40,"24.07.2019",3.22,16,70
"1509","26310349","♥1BR Beside Zhongshan Mall @ Novena District (vv)",31464513,"Darcy","Central Region","Novena",1.32869,103.84708,"Entire home/apt",131,7,3,"08.08.2019",0.55,114,357
"1510","26322683","Geylang near CBD/MRT 3BR 1-4 people",149288488,"Francis","Central Region","Geylang",1.31493,103.88193,"Entire home/apt",117,3,1,"12.11.2018",0.1,2,54
"1511","26325132","Marina Bay/Integrated Resort/CBD (a)",36177912,"Cynthia","Central Region","Downtown Core",1.27928,103.85342,"Entire home/apt",194,90,1,"17.08.2019",1,3,162
"1513","26340629","One Bedroom Deluxe Apartment - Oakwood Premier",178584113,"Oakwood Premier OUE Singapore","Central Region","Downtown Core",1.27742,103.84838,"Entire home/apt",350,4,7,"09.08.2019",0.79,15,345
"1514","26369349","eHome-Cozy Apartment (Tanah Merah MRT)",149873393,"Benny","East Region","Bedok",1.3277,103.94559,"Entire home/apt",115,3,42,"08.08.2019",2.96,3,86
"1515","26369880","♤♤可爱宽敞的两卧室公寓 酒店式公寓@ Geylang",159804766,"Xiaoyu","Central Region","Geylang",1.31124,103.87805,"Entire home/apt",250,5,1,"13.07.2018",0.07,79,336
"1517","26370803","One Bedroom Deluxe Apartment - Oakwood Premier",178584113,"Oakwood Premier OUE Singapore","Central Region","Downtown Core",1.27722,103.84828,"Entire home/apt",350,4,8,"01.08.2019",0.67,15,359
"1518","26405063","3BR (For 5)Apt Orchard/Stevens/UNESCO *MRT* Sui",6609641,"Catherine","Central Region","Tanglin",1.31723,103.8257,"Entire home/apt",300,7,4,"24.02.2019",0.32,19,351
"1519","26409674","New Luxury 2BDR Penthouse near MRT",144740166,"James","Central Region","Kallang",1.31548,103.85445,"Entire home/apt",235,2,1,"17.09.2018",0.09,5,0
"1520","26430186","☆高级公寓(RVP1)",159804766,"Xiaoyu","Central Region","Museum",1.29445,103.84283,"Entire home/apt",137,3,3,"15.07.2019",0.38,79,320
"1526","26435121","1 Bedroom Loft @ Rangoon RG",29420853,"Aaron","Central Region","Kallang",1.31596,103.85306,"Entire home/apt",131,10,4,"17.09.2018",0.31,141,332
"1527","26436348","1 Bedroom @ Novena MRT DmS",29420853,"Aaron","Central Region","Novena",1.32652,103.84606,"Entire home/apt",131,10,7,"05.08.2019",0.55,141,320
"1528","26464626","Supreme Central Apartment For Five",14326542,"Your Home Away From Home","Central Region","Museum",1.29849,103.84691,"Entire home/apt",419,1,84,"17.08.2019",6.03,4,322
"1529","26487298","✪✪2BR Bugis central resort feel apartment",8492007,"Alvin","Central Region","Rochor",1.30292,103.85151,"Entire home/apt",500,14,4,"20.07.2019",0.3,203,351
"1531","26503900","One Bedroom Whole House",20682139,"Shean","West Region","Choa Chu Kang",1.37869,103.7518,"Entire home/apt",50,5,14,"10.08.2019",1.07,1,310
"1532","26504288","1 Bedroom @ River Valley RvP",29420853,"Aaron","Central Region","Museum",1.29504,103.84309,"Entire home/apt",131,10,9,"29.04.2019",0.89,141,287
"1533","26544804","3 Bedroom @ Kallang MRT G",29420853,"Aaron","Central Region","Geylang",1.31165,103.87633,"Entire home/apt",258,3,7,"17.07.2019",0.63,141,339
"1534","26545297","1 Bedroom @ Bugis SsP",29420853,"Aaron","Central Region","Rochor",1.29974,103.85025,"Entire home/apt",131,10,2,"22.08.2018",0.16,141,260
"1536","26547527","2 Bedroom @ FP-O Suites",29420853,"Aaron","Central Region","Kallang",1.31125,103.86053,"Entire home/apt",168,3,1,"09.12.2018",0.11,141,307
"1537","26552882","2 Bedroom Bliss @ Central BlB",29420853,"Aaron","Central Region","Novena",1.32261,103.8536,"Entire home/apt",200,3,3,"10.08.2019",0.22,141,254
"1538","26553209","2 Bedroom @ Kallang Mrt G",29420853,"Aaron","Central Region","Geylang",1.31126,103.87671,"Entire home/apt",178,3,28,"16.08.2019",2.23,141,333
"1539","26555143","*300 meter to Metro*3BRs resort Style condo*地铁三房公寓",72997363,"DaoJJ","North-East Region","Serangoon",1.34547,103.87799,"Entire home/apt",228,3,36,"23.08.2019",3.35,1,94
"1540","26627387","Control Space by Parallel",109923209,"Joey","Central Region","Marine Parade",1.30531,103.90378,"Entire home/apt",681,1,1,"28.12.2018",0.12,2,85
"1541","26633522","Modern 3 bedroom flat in orchard shopping mall",138720463,"Sunny","Central Region","River Valley",1.2984,103.84121,"Entire home/apt",201,28,11,"30.06.2019",0.99,8,167
"1542","26683215","Heart of River Valley Full Amenities Condo",8097097,"Nat","Central Region","River Valley",1.2934,103.84021,"Entire home/apt",347,3,8,"14.08.2019",0.61,1,0
"1543","26693858","GREENHOUSE",200705490,"Tina","Central Region","Bukit Merah",1.28085,103.8257,"Entire home/apt",160,1,2,"19.09.2018",0.16,1,0
"1544","26706482","2 Bedroom @ 123 Suites",29420853,"Aaron","Central Region","Kallang",1.31568,103.85286,"Entire home/apt",168,3,10,"02.08.2019",0.78,141,329
"1545","26722597","[Central] Cozy Condo with Instagrammable Sea view",11852391,"Li","Central Region","Downtown Core",1.27741,103.85069,"Entire home/apt",160,1,14,"17.02.2019",1.15,1,0
"1547","26731319","2 Bedroom @ Kallang MRT G",29420853,"Aaron","Central Region","Geylang",1.3113,103.87765,"Entire home/apt",178,3,33,"22.08.2019",2.49,141,292
"1548","26731389","3 Bedroom @ Kallang MRT G",29420853,"Aaron","Central Region","Geylang",1.31021,103.87819,"Entire home/apt",258,3,19,"12.08.2019",1.65,141,299
"1549","26731899","5 Bedroom @ Walking to Kallang MRT",29420853,"Aaron","Central Region","Geylang",1.30997,103.87747,"Entire home/apt",500,5,2,"28.07.2019",0.3,141,360
"1550","26733957","Fantasy 2 bed room downtown luxury condo",117734470,"Mandelyn","Central Region","Novena",1.32112,103.85381,"Entire home/apt",149,2,43,"04.08.2019",3.17,8,66
"1551","26753305","Rochester Residences",150395781,"Greg","Central Region","Queenstown",1.30511,103.78942,"Entire home/apt",131,14,2,"09.09.2018",0.16,1,0
"1560","26755194","☆豪华公寓(MZ1B)",159804766,"Xiaoyu","Central Region","Kallang",1.31943,103.85326,"Entire home/apt",150,5,3,"07.04.2019",0.42,79,339
"1564","26755694","☆顶级豪华公寓ZSM1B1",159804766,"Xiaoyu","Central Region","Novena",1.32774,103.84904,"Entire home/apt",137,3,1,"25.02.2019",0.16,79,342
"1566","26756209","☆☆高级公寓 (OS)",159804766,"Xiaoyu","Central Region","Kallang",1.31511,103.85245,"Entire home/apt",190,5,1,"07.02.2019",0.15,79,307
"1569","26761652","10 reason to stay- 2 bedroom house",32184450,"Apollo","Central Region","Geylang",1.31447,103.88923,"Entire home/apt",200,7,5,"12.11.2018",0.44,67,361
"1570","26768425","✪✪2BR Suite @ Rangoon Road",8492007,"Alvin","Central Region","Kallang",1.31459,103.8547,"Entire home/apt",187,5,4,"27.10.2018",0.3,203,364
"1571","26849868","Lakeside Resort Paradise!!!",201937875,"Neeta","West Region","Jurong West",1.34512,103.72366,"Entire home/apt",119,2,13,"11.08.2019",0.99,2,277
"1572","26852016","3 BRs Condo❤️4 Min to MRT❤️Pool● Jacuzzi●BBQ●Sauna",201932923,"Emily","Central Region","Geylang",1.31411,103.89199,"Entire home/apt",250,3,31,"01.07.2019",2.4,2,8
"1573","26854105","Warmth 1 Bedroom @ Clubhouse Residences (4 pax)",183618288,"Jimmy","Central Region","Outram",1.28306,103.84547,"Entire home/apt",200,3,12,"10.08.2019",0.99,30,43
"1574","26880160","***3BR unit nearby kallang mrt station",8492007,"Alvin","Central Region","Geylang",1.31054,103.87685,"Entire home/apt",269,2,2,"16.06.2019",0.16,203,347
"1575","26880725","***2BR unit nearby kallang mrt station",8492007,"Alvin","Central Region","Geylang",1.31047,103.87613,"Entire home/apt",228,2,2,"11.09.2018",0.15,203,337
"1576","26885359","Bright and well-equipped studio @Katong",3274080,"Edwina","East Region","Bedok",1.3076,103.9118,"Entire home/apt",87,2,53,"24.08.2019",4.06,2,14
"1579","26908251","10 reason to stay- 2 bedroom house",32184450,"Apollo","Central Region","Geylang",1.30966,103.87672,"Entire home/apt",200,3,5,"22.01.2019",0.44,67,362
"1580","26908425","3bedroom apartment -for big family on burget",32184450,"Apollo","Central Region","Geylang",1.31196,103.87674,"Entire home/apt",225,25,1,"07.07.2019",0.57,67,361
"1581","26925552","Studio Apartment - Oakwood Premier",178584113,"Oakwood Premier OUE Singapore","Central Region","Downtown Core",1.27707,103.84808,"Entire home/apt",300,4,11,"22.06.2019",1.01,15,353
"1582","26930345","Enchanting 2BR @ Clubhouse Residences (6 Pax)",183618288,"Jimmy","Central Region","Outram",1.2818,103.84625,"Entire home/apt",300,3,1,"25.09.2018",0.09,30,27
"1583","26931333","Space Studio @ Chinatown & Business District",71047039,"Amelia","Central Region","Outram",1.28289,103.84523,"Entire home/apt",137,3,29,"05.08.2019",2.27,16,78
"1584","26935086","Autumn Lily with Complementary Airport Pickup",183618288,"Jimmy","Central Region","Tanglin",1.31662,103.828,"Entire home/apt",181,30,9,"31.03.2019",0.79,30,77
"1585","26959283","Summer Lily with Complementary Airport Pickup",183618288,"Jimmy","Central Region","Tanglin",1.31732,103.82925,"Entire home/apt",181,30,8,"19.05.2019",0.84,30,89
"1586","26960806","Winter Lily with Complementary Airport Pickup",183618288,"Jimmy","Central Region","Tanglin",1.31831,103.82829,"Entire home/apt",181,30,1,"19.09.2018",0.09,30,60
"1587","26961975","Home Away from Home @ Singapore",202873737,"Preciosa","North Region","Woodlands",1.43283,103.79032,"Entire home/apt",108,3,8,"01.01.2019",0.71,1,180
"1588","26964529","Smart Studio near CBD",71047039,"Amelia","Central Region","Outram",1.28367,103.84527,"Entire home/apt",150,3,34,"05.06.2019",2.74,16,41
"1589","26974882","***2BR city fringe Spacious unit near kallang mrt",8492007,"Alvin","Central Region","Geylang",1.31037,103.87591,"Entire home/apt",218,2,5,"09.06.2019",0.4,203,313
"1590","26979340","***3BR city fringe kallang mrt local food area",8492007,"Alvin","Central Region","Geylang",1.30974,103.87792,"Entire home/apt",287,7,1,"15.08.2018",0.08,203,322
"1591","26980329","❀❀2BR unit @ bugis area close to town",8492007,"Alvin","Central Region","Rochor",1.30123,103.85161,"Entire home/apt",237,3,4,"23.04.2019",0.48,203,256
"1602","27078318","Urban City Hab.",71047039,"Amelia","Central Region","Outram",1.28352,103.84501,"Entire home/apt",181,3,29,"16.07.2019",2.2,16,60
"1603","27102410","NEW Cosy Studio Apt w Wifi @Somerset/Orchard Area",130253885,"B.C","Central Region","River Valley",1.295,103.8393,"Entire home/apt",139,2,2,"13.05.2019",0.45,3,336
"1604","27105520","***5BR Cosy home for big family kallang MRT",8492007,"Alvin","Central Region","Geylang",1.31185,103.87655,"Entire home/apt",587,2,4,"01.06.2019",0.31,203,365
"1605","27145235","2 Bedroom @ Bugis SsP",29420853,"Aaron","Central Region","Rochor",1.29934,103.85159,"Entire home/apt",200,20,21,"23.07.2019",1.89,141,256
"1606","27147776","Urban-Chic City Studio in the City (III)",60024674,"Mike","Central Region","Novena",1.31598,103.84505,"Entire home/apt",74,30,1,"31.01.2019",0.14,5,240
"1608","27150191","Singapore Serviced Apartment",182541452,"PARKROYAL Serviced Suites","Central Region","Kallang",1.30037,103.86125,"Entire home/apt",364,7,4,"24.02.2019",0.46,2,354
"1609","27173162","3BR Spacious Family Home Near Mount Elizabeth 8sr",31464513,"Darcy","Central Region","Novena",1.32654,103.84702,"Entire home/apt",350,13,2,"04.11.2018",0.16,114,362
"1610","27177948","✪✪2BR @ Cosy gelyang lorong 14",8492007,"Alvin","Central Region","Geylang",1.31269,103.87959,"Entire home/apt",199,10,1,"10.10.2018",0.09,203,90
"1611","27178946","1 Bedroom @ Farrer Park MRT RG",29420853,"Aaron","Central Region","Kallang",1.3138,103.85437,"Entire home/apt",131,10,7,"27.07.2019",0.54,141,337
"1612","27239761","**3BR Mins Drive to Bugis @ Kallang (gl3brn)",31464513,"Darcy","Central Region","Geylang",1.31188,103.87818,"Entire home/apt",318,3,2,"28.09.2018",0.16,114,362
"1613","27242079","3BRs Apt near Orchard Rd近地铁市中心公寓@5mins walk to MRT",80570036,"Chris","Central Region","Novena",1.31798,103.84356,"Entire home/apt",239,1,31,"13.08.2019",2.45,22,116
"1614","27253602","Glampingkaki-Singapore-Couple Deluxe Med Bell Tent",182166388,"Glamping","East Region","Bedok",1.31277,103.95342,"Entire home/apt",150,1,6,"11.08.2019",0.67,3,358
"1615","27266929","M - Brand New Airy & Stylish Loft @ City.",189449378,"Mindy","Central Region","Tanglin",1.29397,103.82991,"Entire home/apt",129,2,36,"28.06.2019",2.76,26,294
"1616","27270305","1 Bedroom @ RV Road Orchard RvP",29420853,"Aaron","Central Region","River Valley",1.29481,103.84179,"Entire home/apt",131,10,6,"26.07.2019",0.54,141,325
"1617","27271318","1 Bedroom Best City View Near Novena Tr",29420853,"Aaron","Central Region","Novena",1.32454,103.85245,"Entire home/apt",131,10,5,"20.07.2019",0.51,141,322
"1619","27342137","2BR (For 3) Apt Orchard/Stevens/UNESCO *MRT* 3",6609641,"Catherine","Central Region","Tanglin",1.31772,103.82755,"Entire home/apt",240,7,6,"28.07.2019",0.48,19,333
"1622","27377001","Cozy Apt 2BR near the Mall and East Coast Beach",118794258,"Aisya Amira","Central Region","Marine Parade",1.30326,103.90629,"Entire home/apt",194,90,13,"23.09.2018",1.03,1,0
"1623","27378153","RiverFront ClarkQuay 1bedroom Luxury Suites",28204338,"Yan","Central Region","Singapore River",1.29033,103.84141,"Entire home/apt",832,1,4,"13.01.2019",0.35,5,180
"1624","27379875","✪1BR@River valley edge",8492007,"Alvin","Central Region","Tanglin",1.29549,103.82815,"Entire home/apt",168,10,1,"23.12.2018",0.12,203,365
"1625","27381955","2 Bedroom Beside Aljiunied MRT IR",29420853,"Aaron","Central Region","Geylang",1.31072,103.88393,"Entire home/apt",168,5,1,"23.10.2018",0.1,141,325
"1626","27382312","2 Bedroom @ Novena MRT N48",29420853,"Aaron","Central Region","Novena",1.32628,103.84832,"Entire home/apt",168,3,4,"09.06.2019",0.35,141,345
"1627","27405538","Spacious Studio in Chinatown",71047039,"Amelia","Central Region","Outram",1.28151,103.84653,"Entire home/apt",181,3,10,"11.06.2019",0.79,16,33
"1629","27418882","Lovely & Cozy 2BR in Central/Near MRT 3min",197593752,"Apt","Central Region","Geylang",1.31469,103.88175,"Entire home/apt",144,2,18,"24.04.2019",1.38,3,115
"1630","27428758","Newly and cozy 2BR condo 2mins to Farrer park mrt.",206696856,"Moon&Kim","Central Region","Kallang",1.31576,103.85462,"Entire home/apt",225,2,41,"11.07.2019",3.4,6,283
"1631","27439646","*2BR 5mins drive to Bugis (GL)",31464513,"Darcy","Central Region","Geylang",1.30982,103.8767,"Entire home/apt",228,3,2,"27.08.2018",0.16,114,362
"1632","27462710","Lovely home near city可爱的家",168863351,"Ting","Central Region","Kallang",1.3215,103.86445,"Entire home/apt",189,1,78,"10.08.2019",6.22,2,192
"1633","27470104","✪1BR Loft @ Rangoon",8492007,"Alvin","Central Region","Kallang",1.31401,103.85441,"Entire home/apt",137,5,1,"31.10.2018",0.1,203,365
"1634","27470374","❀❀❀3BR Sophie Road walking distance to plaza sing",8492007,"Alvin","Central Region","Rochor",1.30249,103.8476,"Entire home/apt",337,7,1,"29.12.2018",0.12,203,241
"1635","27470571","3 Bedroom Apartment Near Dhaut Ghaut SL",29420853,"Aaron","Central Region","Rochor",1.30116,103.84742,"Entire home/apt",268,3,27,"07.08.2019",2.45,141,239
"1636","27470725","***2 BED ROOM Spacious unit nearby kallang mrt",8492007,"Alvin","Central Region","Geylang",1.31059,103.87679,"Entire home/apt",228,2,8,"01.06.2019",1.05,203,345
"1637","27476632","***3BR new cosy kallang area unit",8492007,"Alvin","Central Region","Geylang",1.31162,103.87669,"Entire home/apt",287,2,1,"03.09.2018",0.08,203,333
"1638","27496445","*Amazing Seaview* canvas tent outdoor experience",201704887,"Kelaideng","East Region","Bedok",1.31227,103.94612,"Entire home/apt",94,1,1,"08.08.2018",0.08,1,0
"1639","27554484","✪✪2BR 4mins to Bugis Luxury Stay (ar)",8492007,"Alvin","Central Region","Geylang",1.31299,103.88133,"Entire home/apt",189,5,1,"15.11.2018",0.1,203,365
"1640","27584211","2 Bedroom @ Aljiunied MRT AR",29420853,"Aaron","Central Region","Geylang",1.3132,103.88152,"Entire home/apt",168,3,3,"03.07.2019",0.32,141,321
"1641","27593840","M-SUITES near Paya Lebar",208207840,"Kent","Central Region","Geylang",1.31664,103.89942,"Entire home/apt",118,20,5,"20.04.2019",0.5,1,146
"1642","27616642","♥♥2BR Aljunied MRT Serviced Residences (ar)",31464513,"Darcy","Central Region","Geylang",1.31273,103.8812,"Entire home/apt",168,5,1,"01.10.2018",0.09,114,321
"1643","27618712","M-Sunlit Charismatic Art Deco Pte Suite at City",189449378,"Mindy","Central Region","Bukit Merah",1.284,103.83328,"Entire home/apt",136,2,20,"24.03.2019",1.59,26,314
"1644","27638361","Tanjong Pagar Pristine Studio Premium Apartment",23336011,"Heritage Apartments","Central Region","Outram",1.27888,103.8435,"Entire home/apt",160,5,4,"15.08.2019",0.37,40,273
"1645","27640661","♥1BR Bugis MRT Near Dhoby Ghaut and Orchard (sp1b)",31464513,"Darcy","Central Region","Rochor",1.30119,103.85157,"Entire home/apt",144,5,1,"04.08.2019",1,114,260
"1646","27675139","CBD 3BR 1MinMRT high F ocean view金融中心高楼层海景3房三卫",208254017,"Hanna","Central Region","Downtown Core",1.2785,103.85215,"Entire home/apt",378,2,13,"04.06.2019",1.09,2,99
"1647","27675580","★Superb Location @ Bugis City Central 用心的民宿★",24997642,"Regina & Co.","Central Region","Rochor",1.30108,103.85195,"Entire home/apt",281,2,56,"19.08.2019",4.58,6,228
"1648","27706221","♥♥2BR Shaw Plaza Direct Bus to Orchard (1tBL)",31464513,"Darcy","Central Region","Novena",1.32264,103.85241,"Entire home/apt",218,4,1,"28.08.2018",0.08,114,330
"1649","27724182","2br Business Class Next to MRT",8527085,"Ben","Central Region","Downtown Core",1.27455,103.84541,"Entire home/apt",289,2,28,"30.07.2019",2.43,38,210
"1651","27737495","♥1BR Farrer Park MRT @ Rangoon (rg2)",31464513,"Darcy","Central Region","Kallang",1.31395,103.85392,"Entire home/apt",140,3,2,"25.06.2019",0.31,114,325
"1652","27738463","♥1BR Near Citysquare Mall Farrer Park MRT (cl2)",31464513,"Darcy","Central Region","Kallang",1.3145,103.85623,"Entire home/apt",131,3,6,"25.07.2019",0.74,114,334
"1656","27741066","♥♥2BR Luxury Farrer Suites @ Farrer Park MRT (12s)",31464513,"Darcy","Central Region","Kallang",1.31595,103.85443,"Entire home/apt",168,5,2,"02.06.2019",0.16,114,329
"1657","27741231","♥♥2BR Luxurious Stay @ Farrer Park MRT (os)",31464513,"Darcy","Central Region","Kallang",1.31192,103.86032,"Entire home/apt",181,7,3,"30.03.2019",0.25,114,307
"1658","27754006","Sweet Entire Home Near MRT & City Center",43591543,"Donald","Central Region","Kallang",1.32231,103.86414,"Entire home/apt",144,7,31,"30.07.2019",2.55,15,6
"1659","27761437","♥♥2BR Local Food Heaven Mins Drive to Town (ci)",31464513,"Darcy","Central Region","Geylang",1.31225,103.87805,"Entire home/apt",187,28,2,"25.07.2019",0.52,114,365
"1660","27764842","******Spacious Unit at Sophia Dhoby Ghaut MRT (sl)",31464513,"Darcy","Central Region","Rochor",1.30116,103.84914,"Entire home/apt",300,3,2,"13.10.2018",0.18,114,336
"1661","27788114","Gains hdici",114665989,"Fous","East Region","Bedok",1.32074,103.91132,"Entire home/apt",90,2,25,"06.07.2019",2.03,1,0
"1663","27790452","♪Cozy Loft @ Farrer Park MRT (rg1)",31464513,"Darcy","Central Region","Kallang",1.31564,103.8527,"Entire home/apt",125,10,3,"25.08.2019",0.43,114,351
"1664","27790457","♪Cityfringe Cozy Loft @ MRT (rg2)",31464513,"Darcy","Central Region","Kallang",1.31394,103.8549,"Entire home/apt",131,10,2,"30.07.2019",1.11,114,365
"1668","27790831","1 Bedroom @ Farrer Park MRT RG L",29420853,"Aaron","Central Region","Kallang",1.31608,103.85416,"Entire home/apt",131,25,1,"30.04.2019",0.25,141,365
"1670","27791327","♥♥Luxurious Penthouse Serviced Apartment (msl2)",31464513,"Darcy","Central Region","Kallang",1.32927,103.86511,"Entire home/apt",250,5,2,"01.05.2019",0.38,114,309
"1671","27791464","♪♪Serviced Penthouse w Balcony for lease (msl2)",31464513,"Darcy","Central Region","Kallang",1.328,103.86423,"Entire home/apt",250,10,1,"30.07.2019",1,114,365
"1673","27791754","♪UE Square Serviced Residences (rvp1)",31464513,"Darcy","Central Region","Singapore River",1.29337,103.84314,"Entire home/apt",149,10,1,"21.02.2019",0.16,114,359
"1675","27792660","1 Bedroom Near Shaw Plaza BlB",29420853,"Aaron","Central Region","Novena",1.32237,103.85383,"Entire home/apt",131,10,1,"03.05.2019",0.25,141,332
"1680","27793192","1 Bedroom @ City Central Loft CL",29420853,"Aaron","Central Region","Kallang",1.31451,103.85558,"Entire home/apt",128,10,3,"11.05.2019",0.25,141,365
"1681","27794106","2 Bedroom @ Central G",29420853,"Aaron","Central Region","Geylang",1.31033,103.87688,"Entire home/apt",178,3,21,"17.08.2019",1.73,141,315
"1682","27794323","3 Bedroom @ Central G",29420853,"Aaron","Central Region","Geylang",1.31191,103.87737,"Entire home/apt",258,3,6,"20.04.2019",0.5,141,333
"1683","27794536","2 Bedroom Spacious Apartment G",29420853,"Aaron","Central Region","Geylang",1.31025,103.87602,"Entire home/apt",178,3,22,"15.08.2019",1.91,141,333
"1684","27794712","3 Bedroom Spacious Apartment G",29420853,"Aaron","Central Region","Geylang",1.31134,103.87666,"Entire home/apt",258,3,19,"14.07.2019",1.68,141,299
"1685","27794882","2 Bedroom @ Town G",29420853,"Aaron","Central Region","Geylang",1.30985,103.87671,"Entire home/apt",178,3,7,"11.08.2019",0.64,141,317
"1686","27794894","2 Bedroom Amazing Apartment G",29420853,"Aaron","Central Region","Geylang",1.31011,103.87791,"Entire home/apt",178,3,10,"11.08.2019",0.82,141,330
"1687","27794933","3 Bedroom @ Town G",29420853,"Aaron","Central Region","Geylang",1.31159,103.8781,"Entire home/apt",258,3,3,"21.06.2019",0.52,141,317
"1688","27795026","3 Bedroom Amazing Apartment G",29420853,"Aaron","Central Region","Geylang",1.31019,103.8783,"Entire home/apt",258,3,3,"23.06.2019",0.28,141,322
"1689","27799885","Onan Loft Apt Clean & Stylish",209913841,"Richards","Central Region","Geylang",1.31552,103.89822,"Entire home/apt",160,14,5,"01.03.2019",0.41,157,365
"1690","27809331","Spacious Centrally Located 260sqm apartment",2977470,"Ian","Central Region","Bukit Merah",1.26732,103.82352,"Entire home/apt",250,3,1,"22.09.2018",0.09,2,1
"1694","27841023","2BR - Heart of downtown Singapore & Attractions",7075258,"Neil","Central Region","Outram",1.28268,103.84582,"Entire home/apt",300,5,3,"24.11.2018",0.26,1,0
"1696","27886100","Onan  一室套房",209913841,"Richards","Central Region","Geylang",1.31547,103.89666,"Entire home/apt",96,15,2,"08.11.2018",0.17,157,365
"1698","27909737","1 Bedroom Near Orchard Zion RvE",29420853,"Aaron","Central Region","Tanglin",1.29431,103.82853,"Entire home/apt",158,30,2,"09.12.2018",0.2,141,365
"1699","27912933","Modern 1BR Apartment in Jurong East",20762765,"Avril","West Region","Jurong East",1.33345,103.74372,"Entire home/apt",144,4,3,"28.07.2019",0.24,7,0
"1700","27914193","1 Bedroom City View ZsM",29420853,"Aaron","Central Region","Novena",1.32655,103.84694,"Entire home/apt",131,25,1,"29.07.2019",1,141,365
"1701","27914357","2 Bedroom Near Lavendar OS",29420853,"Aaron","Central Region","Kallang",1.31063,103.86052,"Entire home/apt",168,20,1,"09.02.2019",0.15,141,365
"1702","27914769","2 Bedroom 1 Min Walk to Mrt Farrer Park",29420853,"Aaron","Central Region","Kallang",1.3138,103.85412,"Entire home/apt",200,10,5,"16.07.2019",0.46,141,365
"1703","27915805","✪✪2BR Lavender mrt station",8492007,"Alvin","Central Region","Kallang",1.31221,103.86052,"Entire home/apt",187,10,1,"17.02.2019",0.16,203,365
"1705","27918325","Pinnacle",190528532,"Glenn","Central Region","Singapore River",1.29291,103.8314,"Entire home/apt",250,5,1,"08.09.2018",0.08,1,177
"1706","27923001","***3BR Kallang Mrt @ gelyang local food",8492007,"Alvin","Central Region","Geylang",1.31122,103.87647,"Entire home/apt",287,2,2,"24.03.2019",0.17,203,317
"1707","27923351","***3BR Cosy nearby kallang mrt new food around",8492007,"Alvin","Central Region","Geylang",1.31016,103.87811,"Entire home/apt",287,7,2,"11.09.2018",0.17,203,299
"1708","27945121","2 Bedroom 1min Walk Aljiunied MRT IR",29420853,"Aaron","Central Region","Geylang",1.31206,103.8859,"Entire home/apt",168,10,1,"18.01.2019",0.13,141,365
"1709","27967589","❀❀2BR moonstone mrt purple line (MSL)",8492007,"Alvin","Central Region","Kallang",1.32801,103.86398,"Entire home/apt",258,2,4,"10.03.2019",0.36,203,264
"1710","27970365","Cozy and New Loft condo near NOVENA mrt",211210302,"Sunny&Lucy","Central Region","Novena",1.32456,103.84874,"Entire home/apt",299,2,42,"09.08.2019",3.5,4,323
"1712","27981551","Cosy 2 bedroom condo fully equipped",90942366,"Rani","North Region","Yishun",1.41823,103.84698,"Entire home/apt",144,90,15,"08.03.2019",1.26,1,89
"1713","27993739","❀❀2BR @ novena area mins walk to shopping mall",8492007,"Alvin","Central Region","Novena",1.32402,103.84862,"Entire home/apt",139,3,4,"04.08.2019",0.38,203,345
"1714","28015320","✪✪2BR Nearby dakota mrt station 5mins to down IMT",8492007,"Alvin","Central Region","Geylang",1.31068,103.88576,"Entire home/apt",158,10,2,"29.05.2019",0.29,203,335
"1715","28015955","✪1BR RV @ Robinson area (RVP)",8492007,"Alvin","Central Region","Singapore River",1.29318,103.84268,"Entire home/apt",150,5,1,"10.05.2019",0.27,203,356
"1717","28033518","✪1BR mins walk to citysquare mall & Mustafa (CL2)",8492007,"Alvin","Central Region","Kallang",1.31408,103.85563,"Entire home/apt",128,14,2,"20.07.2019",0.35,203,365
"1720","28059550","1 Bedroom Near Novena CityView Tr",29420853,"Aaron","Central Region","Novena",1.32227,103.85088,"Entire home/apt",131,20,1,"22.02.2019",0.16,141,338
"1721","28063799","Geylang lodge@City Center/Aljunied MRT/Nice View",211993014,"Zoe","Central Region","Geylang",1.31259,103.88006,"Entire home/apt",149,2,56,"25.08.2019",4.79,1,47
"1722","28064097","Super Promo! Cozy 2bedrms Condo near MRT & City",49970123,"23 Lees","Central Region","Geylang",1.31327,103.88126,"Entire home/apt",178,2,31,"11.08.2019",2.74,3,151
"1723","28067163","Whole Luxury condo unit just 3 min walk to Mrt",143892668,"Chin","West Region","Jurong West",1.34627,103.72341,"Entire home/apt",268,7,2,"29.01.2019",0.18,13,87
"1728","28088178","Bright Spacious Maisonette apartment 3mins to MRT",90613922,"Jiayi","Central Region","Rochor",1.30977,103.85368,"Entire home/apt",169,3,22,"31.05.2019",1.91,10,0
"1729","28088965","☆令人惊叹的宽敞一卧室公寓楼 @ BALESTIER (BL1B2)",159804766,"Xiaoyu","Central Region","Novena",1.32385,103.85225,"Entire home/apt",139,3,1,"24.02.2019",0.16,79,332
"1731","28089131","♥♥2BR Cozy Food Heaven Direct Bus to CBD (ci)",31464513,"Darcy","Central Region","Geylang",1.31144,103.87815,"Entire home/apt",151,3,1,"02.05.2019",0.25,114,326
"1732","28089148","2 Bedroom 5min Walk to Aljiunied to MRT CI",29420853,"Aaron","Central Region","Geylang",1.31136,103.87861,"Entire home/apt",137,3,8,"21.08.2019",0.74,141,326
"1736","28090081","☆令人惊叹的宽敞一卧室公寓楼 @ Serangoon Rd (VV)",159804766,"Xiaoyu","Central Region","Rochor",1.30462,103.8517,"Entire home/apt",139,3,2,"12.02.2019",0.21,79,121
"1742","28110060","1 Bedroom @ River Valley Point RvP",29420853,"Aaron","Central Region","River Valley",1.29461,103.84166,"Entire home/apt",131,10,1,"11.06.2019",0.38,141,327
"1743","28112230","❀❀2BR Central near CBD @ Food heaven (ci)",8492007,"Alvin","Central Region","Geylang",1.31097,103.88005,"Entire home/apt",199,2,4,"07.05.2019",0.36,203,326
"1745","28136949","Marina Bay View One Bedroom Luxury Residences",28204338,"Yan","Central Region","Downtown Core",1.28038,103.84903,"Entire home/apt",554,1,8,"28.06.2019",0.69,5,360
"1748","28190671","View of sunset and hill 100sqm open plan apartment",26667589,"Ben","West Region","Bukit Batok",1.35835,103.75945,"Entire home/apt",900,1,2,"19.05.2019",0.47,1,178
"1749","28198489","3BR Condo in Singapore near MBS/MRT/CBD",149288488,"Francis","Central Region","Geylang",1.31303,103.88263,"Entire home/apt",231,3,2,"23.10.2018",0.17,2,0
"1751","28230186","***3BR Local Food Heaven (GL)",31464513,"Darcy","Central Region","Geylang",1.31141,103.87792,"Entire home/apt",318,3,3,"01.11.2018",0.28,114,362
"1753","28231891","5 Bedroom Unit Located @ Geylang Lorong 8 Spacious",35691521,"Vinn","Central Region","Geylang",1.31058,103.87676,"Entire home/apt",568,2,3,"21.06.2019",0.27,45,365
"1757","28261567","❀❀❀3BR Penthouse @ Somerset Town (or)",8492007,"Alvin","Central Region","River Valley",1.29802,103.84081,"Entire home/apt",268,14,4,"15.06.2019",0.57,203,253
"1758","28264364","Spacious & Bright Shophouse Apartment 3 min to MRT",90613922,"Jiayi","Central Region","Rochor",1.30239,103.84935,"Entire home/apt",144,4,14,"07.08.2019",1.2,10,256
"1759","28268204","Cosy 3 Bedroom+2BathRM for bigger group Close City",194823170,"Olivia","Central Region","Geylang",1.31171,103.88037,"Entire home/apt",158,1,6,"29.07.2019",1.96,3,148
"1760","28271558","Beautiful Central Orchard Rd Lucky Plaza Apartment",41721275,"Vicky","Central Region","Orchard",1.30557,103.83289,"Entire home/apt",331,1,59,"12.08.2019",5.27,2,325
"1761","28322248","Super Promo! Comfy 2bedrm Condo near MRT & City",49970123,"23 Lees","Central Region","Geylang",1.31322,103.88116,"Entire home/apt",187,2,24,"16.08.2019",2.07,3,54
"1763","28354271","Apartment near Aljunied Mrt / Supermarket 24 hours",1725521,"Benny","Central Region","Geylang",1.31495,103.87984,"Entire home/apt",149,2,27,"27.07.2019",2.35,16,120
"1764","28359844","Beautiful apartment right above MRT in Chinatown!",205516032,"Kelvin","Central Region","Outram",1.2814,103.83933,"Entire home/apt",258,2,67,"24.08.2019",5.79,1,159
"1765","28376148","City area 2 bed room apartment",9653330,"Cozy","Central Region","Novena",1.32644,103.8489,"Entire home/apt",258,2,28,"23.07.2019",2.41,3,162
"1767","28445930","M - Peaceful & Relaxed Studio @ City",189449378,"Mindy","Central Region","Bukit Merah",1.28255,103.8321,"Entire home/apt",118,2,12,"06.03.2019",1.08,26,349
"1768","28467645","Singapore Apartment (P2)",97868124,"Lucy","Central Region","River Valley",1.29448,103.83753,"Entire home/apt",249,1,27,"24.06.2019",2.47,4,23
"1769","28468667","Stylish & Modern Deluxe Condominium in Katong",198046784,"Kent","Central Region","Geylang",1.31384,103.8941,"Entire home/apt",50,3,22,"16.08.2019",2.04,1,3
"1772","28505075","Little Ben",8527085,"Ben","Central Region","Kallang",1.31163,103.85683,"Entire home/apt",250,2,9,"10.08.2019",0.85,38,60
"1773","28513594","M - Quiet Park View City Studio at Tiong Bahru",189449378,"Mindy","Central Region","Bukit Merah",1.28222,103.83192,"Entire home/apt",122,2,8,"08.03.2019",0.69,26,326
"1774","28532737","***3 BED ROOM Spacious local food Area to Town G7B",8492007,"Alvin","Central Region","Geylang",1.31466,103.88967,"Entire home/apt",287,3,1,"08.10.2018",0.09,203,333
"1775","28533022","2 bedroom condo for rent at kk hospital",32184450,"Apollo","Central Region","Kallang",1.31435,103.8476,"Entire home/apt",160,3,1,"07.12.2018",0.11,67,365
"1777","28547839","luxury yacht for party Max 25.豪华游艇party",58692882,"Lily","Central Region","Bukit Merah",1.26478,103.81762,"Entire home/apt",300,1,4,"25.03.2019",0.39,12,80
"1778","28570820","Best location! Cosy & spacious Apt near  bugis MRT",28004549,"Kenneth","Central Region","Downtown Core",1.29688,103.85562,"Entire home/apt",143,12,51,"07.08.2019",4.49,6,30
"1779","28571914","Brand new contemporary apartment rental",43543631,"Eddie","Central Region","Rochor",1.30261,103.849,"Entire home/apt",200,1,1,"23.12.2018",0.12,2,0
"1780","28601616","Cosy Home near Orchard Rd",56581820,"Jacelyn","Central Region","Tanglin",1.29387,103.82844,"Entire home/apt",139,5,2,"12.01.2019",0.21,5,180
"1781","28621576","1 minute walk to Queenstown MRT 2BR Apartment",20762765,"Avril","Central Region","Queenstown",1.29461,103.80552,"Entire home/apt",185,5,2,"18.03.2019",0.19,7,0
"1782","28673109","Apartment at Aljunied Mrt",1725521,"Benny","Central Region","Geylang",1.31406,103.88269,"Entire home/apt",139,2,35,"11.08.2019",3.41,16,127
"1783","28700772","New 2BR Jurong East -3mins MRT/Shopping/Food",152267975,"Ray","West Region","Jurong East",1.33405,103.74159,"Entire home/apt",181,3,2,"15.07.2019",0.97,11,0
"1784","28728124","2Br central apt just 5min walk to Aljunied MRT",66406177,"Jay","Central Region","Geylang",1.31896,103.88079,"Entire home/apt",131,30,1,"15.02.2019",0.15,274,321
"1785","28728987","Stylish 1BR Located 7 mins from Tg Pagar MRT",66406177,"Jay","Central Region","Downtown Core",1.27445,103.84507,"Entire home/apt",156,30,1,"31.01.2019",0.14,274,326
"1787","28731998","spacious and luxury 2BR near novena",216709250,"Li","Central Region","Novena",1.32463,103.85207,"Entire home/apt",178,3,67,"17.08.2019",5.93,2,100
"1788","28748709","GREAT City View 2200sft Apartment @ CBD Chinatown",24997642,"Regina & Co.","Central Region","Outram",1.28625,103.84409,"Entire home/apt",519,2,55,"18.08.2019",5.14,6,188
"1789","28750532","Cozy and convenient 4BR + 2BAapartment in Central",81428257,"Michael","Central Region","Bukit Merah",1.28872,103.82821,"Entire home/apt",381,2,14,"02.07.2019",1.32,8,303
"1791","28821061","Cosy Budget Apartment Aljunied Mrt",1725521,"Benny","Central Region","Geylang",1.31196,103.88194,"Entire home/apt",119,2,34,"14.08.2019",3.24,16,118
"1793","28853924","Serviced Apartment across Kembangan MRT",108773366,"RedDoorz","East Region","Bedok",1.3193,103.91305,"Entire home/apt",117,6,5,"13.08.2019",0.46,109,351
"1794","28859348","Best Location. 1 minute walk from Kembangan MRT",108773366,"RedDoorz","East Region","Bedok",1.32071,103.9111,"Entire home/apt",100,6,2,"23.06.2019",0.32,109,326
"1795","28859498","Comfortable Serviced apartment @ Kembangan",108773366,"RedDoorz","East Region","Bedok",1.31985,103.91288,"Entire home/apt",100,6,2,"05.08.2019",0.31,109,355
"1796","28859690","Cozy Room Studio Apartment near Kembangan MRT",108773366,"RedDoorz","East Region","Bedok",1.31954,103.91343,"Entire home/apt",100,6,3,"19.06.2019",0.47,109,358
"1797","28871530","❀❀2Bed Room @ aljuined mins walk to metro station",8492007,"Alvin","Central Region","Geylang",1.31436,103.88318,"Entire home/apt",181,7,15,"15.07.2019",1.58,203,321
"1798","28896892","2 bed room fantastic luxury condo near orchard",117734470,"Mandelyn","Central Region","Novena",1.3207,103.8525,"Entire home/apt",179,3,45,"23.08.2019",4.09,8,49
"1800","28977161","The Cozy Place",112957276,"Jim K. Y.","North-East Region","Ang Mo Kio",1.3852,103.83916,"Entire home/apt",200,3,2,"19.12.2018",0.19,1,0
"1802","28996484","2 Bedroom @ Farrer Park MRT 123",29420853,"Aaron","Central Region","Kallang",1.31486,103.85239,"Entire home/apt",168,20,2,"16.07.2019",1.09,141,365
"1803","29004038","Luxury 2 bedroom apartment in Singapore CBD",142193353,"Ay","Central Region","Downtown Core",1.27657,103.84677,"Entire home/apt",250,2,5,"29.06.2019",1.46,2,309
"1804","29015280","2 Bedroom Very Near Novena MRT N48",29420853,"Aaron","Central Region","Novena",1.32614,103.84958,"Entire home/apt",168,30,1,"10.08.2019",1,141,365
"1805","29038233","Private Room near United Square Mall & Orchard",55611829,"Christine","Central Region","Novena",1.31763,103.84843,"Entire home/apt",81,3,21,"13.08.2019",2.02,15,41
"1806","29040534","❀1BR Nice View Near City Square Shopping & MRT RG2",8492007,"Alvin","Central Region","Kallang",1.31527,103.8549,"Entire home/apt",137,7,1,"26.12.2018",0.12,203,325
"1810","29040758","❀ 1BR Amazing View Near Novena MRT Station TT2",8492007,"Alvin","Central Region","Novena",1.32237,103.85228,"Entire home/apt",140,3,1,"12.03.2019",0.18,203,318
"1811","29041136","❀❀ 2BR Amazing View @ Bencoolen MRT Station BS",8492007,"Alvin","Central Region","Rochor",1.30155,103.85351,"Entire home/apt",228,3,2,"10.08.2019",0.49,203,219
"1815","29041306","❀❀ 2BR Amazing View @ Balestier Rd Near MRT ZSM1",8492007,"Alvin","Central Region","Novena",1.32697,103.84838,"Entire home/apt",228,3,1,"23.01.2019",0.14,203,208
"1816","29041310","❀❀ 2BR Amazing View Apartment @Balestier MZ2",8492007,"Alvin","Central Region","Novena",1.32104,103.85364,"Entire home/apt",228,3,1,"14.04.2019",0.22,203,186
"1817","29041314","❀❀ 2BR Amazing View Apartment @ Geylang Lor 14 CI",8492007,"Alvin","Central Region","Geylang",1.31168,103.88015,"Entire home/apt",228,3,1,"27.10.2018",0.1,203,105
"1821","29041959","❀❀❀3BR Amazing View @ Boon Keng Near MRT ERS3B5",8492007,"Alvin","Central Region","Novena",1.32367,103.85393,"Entire home/apt",289,7,1,"20.12.2018",0.12,203,265
"1825","29042415","2br Chic Raffles next to MRT",7690967,"Daniel","Central Region","Outram",1.2815,103.84896,"Entire home/apt",258,2,24,"05.08.2019",2.52,6,139
"1826","29044004","✪✪✪3BR Spacious local food @ Lovely homely G2B",8492007,"Alvin","Central Region","Geylang",1.3147,103.88771,"Entire home/apt",287,2,5,"26.07.2019",0.54,203,365
"1828","29044242","✪✪✪3 BED ROOM Spacious local food Area to Town G5B",8492007,"Alvin","Central Region","Geylang",1.31293,103.88842,"Entire home/apt",258,2,5,"09.06.2019",0.55,203,358
"1829","29044246","✪✪✪3 BED ROOM Spacious unit nearby kallang mrt G6B",8492007,"Alvin","Central Region","Geylang",1.31465,103.8876,"Entire home/apt",289,10,1,"10.02.2019",0.15,203,365
"1838","29049341","Inviting & Cozy Loft APT 3 mins from Tg Pagar MRT",66406177,"Jay","Central Region","Downtown Core",1.27476,103.84362,"Entire home/apt",157,30,2,"29.03.2019",0.26,274,286
"1840","29049813","Leisure 1BR APT located 5 mins from Tg Pagar MRT",66406177,"Jay","Central Region","Downtown Core",1.27472,103.84536,"Entire home/apt",151,30,3,"11.05.2019",0.31,274,182
"1841","29063078","Best place near novena mrt 2Bedroom",216709250,"Li","Central Region","Novena",1.32207,103.84228,"Entire home/apt",158,3,11,"19.08.2019",1.15,2,100
"1842","29076699","Convenient Studio opp Chinatown MRT",23722617,"Alex","Central Region","Outram",1.28376,103.84523,"Entire home/apt",110,10,5,"03.08.2019",0.5,84,76
"1843","29089948","New Modern 2BR @Near MRT",24038248,"Lim","Central Region","Geylang",1.31728,103.8853,"Entire home/apt",146,2,52,"14.08.2019",4.98,5,5
"1844","29095850","2 Bedroom Apartment @ Central MRT Onan",29420853,"Aaron","Central Region","Geylang",1.31457,103.89749,"Entire home/apt",178,3,4,"16.05.2019",0.38,141,52
"1845","29096206","2 Bed Loft 1 @ Central MRT Onan",29420853,"Aaron","Central Region","Geylang",1.31513,103.89773,"Entire home/apt",137,3,14,"22.08.2019",1.45,141,48
"1846","29096538","2 Bed Loft 3 @ Central MRT Onan",29420853,"Aaron","Central Region","Geylang",1.31603,103.89736,"Entire home/apt",137,3,8,"24.07.2019",0.78,141,49
"1847","29096591","2 Bedroom  @ Central MRT Onan",29420853,"Aaron","Central Region","Geylang",1.31514,103.89768,"Entire home/apt",178,3,1,"20.10.2018",0.1,141,43
"1848","29106981","!!!Studio Amazing ART Apartment @ Katong ON4",8492007,"Alvin","Central Region","Geylang",1.3143,103.8975,"Entire home/apt",100,3,2,"30.12.2018",0.21,203,41
"1849","29106984","!!!Studio Amazing ART Apartment @ Katong ON3",8492007,"Alvin","Central Region","Geylang",1.31384,103.89886,"Entire home/apt",108,2,2,"02.01.2019",0.24,203,48
"1850","29106987","!!!Studio ART Boutique Apartment @ Katong ON2",8492007,"Alvin","Central Region","Geylang",1.31559,103.89701,"Entire home/apt",100,3,3,"28.04.2019",0.34,203,41
"1851","29106990","!!!Studio Amazing Art Apartment @ Katong ON1",8492007,"Alvin","Central Region","Geylang",1.31404,103.89735,"Entire home/apt",100,2,1,"15.02.2019",0.15,203,51
"1852","29107131","!!!Amazing ART Loft Apartment Suites @ Katong ON9",8492007,"Alvin","Central Region","Geylang",1.31556,103.89677,"Entire home/apt",168,2,1,"17.04.2019",0.22,203,45
"1854","29107137","!!!2BR Amazing Apartment Phenthouse @ Katong ON7",8492007,"Alvin","Central Region","Geylang",1.31418,103.89679,"Entire home/apt",199,2,1,"23.10.2018",0.1,203,49
"1855","29107199","!!!Cosy Loft Apartment Unit @ Katong ON11",8492007,"Alvin","Central Region","Geylang",1.31601,103.89885,"Entire home/apt",168,2,3,"05.04.2019",0.31,203,45
"1857","29107480","2 Bedroom Apartment @ MZK Central",29420853,"Aaron","Central Region","Rochor",1.30637,103.84784,"Entire home/apt",168,15,3,"19.01.2019",0.33,141,365
"1859","29108576","♡Amazing Spacious Apartment Unit @ Katong ON1",159804766,"Xiaoyu","Central Region","Geylang",1.31223,103.90045,"Entire home/apt",100,3,1,"13.02.2019",0.15,79,51
"1860","29108731","♡Amazing Spacious Apartment Unit @ Katong ON2",159804766,"Xiaoyu","Central Region","Geylang",1.31093,103.89927,"Entire home/apt",100,3,5,"24.03.2019",0.54,79,41
"1862","29108745","♡Amazing Spacious Apartment Unit @ Katong ON4",159804766,"Xiaoyu","Central Region","Geylang",1.3111,103.89987,"Entire home/apt",100,3,1,"30.06.2019",0.5,79,41
"1864","29111770","Spacious studio unit for 4 in Central!",219377996,"Lulier","Central Region","Outram",1.28288,103.84675,"Entire home/apt",137,1,19,"20.02.2019",1.87,13,0
"1865","29112446","``Loft Unit @ Lovely Katong Heritage Trail (Loft)",31464513,"Darcy","Central Region","Geylang",1.31523,103.89855,"Entire home/apt",168,3,1,"01.11.2018",0.1,114,45
"1868","29112596","``2BR Katong Heritage Serviced Suites (on2BR)",31464513,"Darcy","Central Region","Geylang",1.31426,103.89816,"Entire home/apt",200,3,2,"19.02.2019",0.2,114,52
"1873","29114876","Awesome city view loft apt in Clarke Quay摩天轮金沙完美夜景",126737279,"Char","Central Region","Singapore River",1.28652,103.84744,"Entire home/apt",287,2,27,"18.08.2019",3.36,3,48
"1882","29116469","!!!2BR Spacious ART Katong near shopping mall ON6",8492007,"Alvin","Central Region","Geylang",1.31542,103.89759,"Entire home/apt",168,2,3,"26.05.2019",0.74,203,52
"1883","29125697","600个评价的房东-loft unit in katong area for rent",32184450,"Apollo","Central Region","Geylang",1.31426,103.89883,"Entire home/apt",150,1,6,"05.01.2019",0.58,67,363
"1884","29126128","2 bedroom apartment in katong area for rent",32184450,"Apollo","Central Region","Geylang",1.31576,103.89825,"Entire home/apt",140,3,10,"31.07.2019",1.01,67,305
"1885","29134069","Riverview One bedroom suites at clark quay",31773419,"Teo","Central Region","River Valley",1.29231,103.84014,"Entire home/apt",235,1,7,"24.07.2019",0.67,5,72
"1887","29136859","2 bdr rumah 4 keluarga pasien mencari akomodasi",32184450,"Apollo","Central Region","Geylang",1.31569,103.89716,"Entire home/apt",179,1,8,"21.07.2019",1.09,67,360
"1890","29140830","☺☺2BR Spacious & Clean @ Onan ON6",209913841,"Richards","Central Region","Geylang",1.31442,103.8969,"Entire home/apt",181,2,1,"15.06.2019",0.4,157,49
"1892","29141129","☺❤Clean & Modern Loft Apt @ Onan",209913841,"Richards","Central Region","Geylang",1.31466,103.89742,"Entire home/apt",169,3,2,"08.08.2019",0.63,157,48
"1894","29141473","☺❤Loft Apt for rent!! @ Onan ON10",209913841,"Richards","Central Region","Geylang",1.31591,103.89707,"Entire home/apt",169,2,1,"27.10.2018",0.1,157,45
"1895","29141475","☺ ❤Loft Apt@ Onan road (Fully Furnished)",209913841,"Richards","Central Region","Geylang",1.31567,103.89858,"Entire home/apt",169,2,1,"14.10.2018",0.09,157,52
"1896","29141674","❤❤ 2BR Spacious & Clean w/ WIFI @ Geylang",209913841,"Richards","Central Region","Geylang",1.3112,103.87613,"Entire home/apt",187,2,3,"15.07.2019",1.5,157,334
"1898","29141801","❤❤2BR Experience SG like a Local @Geylang",209913841,"Richards","Central Region","Geylang",1.30996,103.87821,"Entire home/apt",187,2,1,"22.07.2019",0.79,157,317
"1899","29141808","❤❤2BR Spacious & Good Location @ Geylang",209913841,"Richards","Central Region","Geylang",1.30975,103.87627,"Entire home/apt",187,3,1,"05.08.2019",1,157,318
"1901","29142155","❤❤❤3BR Spacious & Clean w/WIFI @ Geylang  G2B",209913841,"Richards","Central Region","Geylang",1.31053,103.87684,"Entire home/apt",250,2,1,"06.01.2019",0.13,157,347
"1902","29142245","❤❤❤3BR Spacious Near National Stadium@ Geylang G3B",209913841,"Richards","Central Region","Geylang",1.31029,103.87671,"Entire home/apt",268,3,1,"08.05.2019",0.27,157,305
"1904","29142251","❤❤❤3BR 10Mins to Kallang MRT @ Geylang",209913841,"Richards","Central Region","Geylang",1.31043,103.8766,"Entire home/apt",250,2,1,"03.03.2019",0.17,157,299
"1905","29142254","❤❤❤3BR Clean & Spacious 10mins to Kallang MRT!",209913841,"Richards","Central Region","Geylang",1.31106,103.87764,"Entire home/apt",260,2,1,"01.04.2019",0.2,157,317
"1907","29142914","600 review host-2 bedroom apartment-kallang mrt",32184450,"Apollo","Central Region","Geylang",1.3102,103.87809,"Entire home/apt",200,3,12,"16.05.2019",1.18,67,365
"1908","29163836","2 Bedroom @ Bugis Central BS",29420853,"Aaron","Central Region","Rochor",1.30288,103.85179,"Entire home/apt",200,7,13,"07.08.2019",1.49,141,219
"1909","29164486","2 Bedroom Great Apartment @ Boon Keng Mrt ErS",29420853,"Aaron","Central Region","Kallang",1.321,103.86211,"Entire home/apt",200,25,8,"18.07.2019",0.94,141,254
"1910","29165650","Studio unit for 2 in Central! Near Food and MRT!",219377996,"Lulier","Central Region","Outram",1.28341,103.84499,"Entire home/apt",139,1,26,"20.02.2019",2.61,13,0
"1911","29166457","2 Bedroom Amazing House @ Central TM",29420853,"Aaron","Central Region","Novena",1.32134,103.85346,"Entire home/apt",200,20,1,"03.04.2019",0.2,141,261
"1912","29167635","2 Bedroom Best City View @ ZSM",29420853,"Aaron","Central Region","Novena",1.32839,103.84846,"Entire home/apt",200,5,7,"06.08.2019",0.83,141,251
"1914","29171248","3 Bedrooms @ 3Min Walk Boon Keng MRT",29420853,"Aaron","Central Region","Kallang",1.32167,103.86454,"Entire home/apt",299,5,1,"01.02.2019",0.14,141,262
"1915","29171304","CENTRAL ORCHARD / 2 BEDROOM / MINS TO MRT",189270725,"Tom","Central Region","Museum",1.30001,103.8448,"Entire home/apt",250,2,50,"23.08.2019",4.78,2,3
"1916","29171939","3 Bedroom Condo @ Boon Keng Mrt",29420853,"Aaron","Central Region","Kallang",1.32254,103.86481,"Entire home/apt",299,25,4,"04.08.2019",1.97,141,262
"1917","29172875","4-Story Town House in Heart of City/Walk to 4 MRTs",39207304,"Sophie","Central Region","Rochor",1.30382,103.84887,"Entire home/apt",600,2,7,"11.06.2019",0.65,12,98
"1919","29191948","3 Bedroom @ Boon Keng MRT",29420853,"Aaron","Central Region","Kallang",1.32137,103.86486,"Entire home/apt",299,25,3,"21.07.2019",0.35,141,262
"1920","29192219","3 Bedroom @ Walking to Novena MRT N48",29420853,"Aaron","Central Region","Novena",1.32564,103.84796,"Entire home/apt",287,20,1,"03.04.2019",0.2,141,365
"1921","29194351","♪♪2BR Onan Suites Near Paya Lebar MRT (on2br)",31464513,"Darcy","Central Region","Geylang",1.31426,103.89682,"Entire home/apt",144,4,1,"06.01.2019",0.13,114,49
"1923","29194624","2 Bedroom @ Central SG Onan",29420853,"Aaron","Central Region","Geylang",1.31577,103.89715,"Entire home/apt",187,3,6,"29.06.2019",0.6,141,49
"1924","29194795","``2BR Paya Lebar Katong Heritage trail (on2br2t)",31464513,"Darcy","Central Region","Geylang",1.31554,103.8974,"Entire home/apt",200,3,1,"02.02.2019",0.14,114,55
"1925","29194869","2 Bedroom @ SG Central Onan",29420853,"Aaron","Central Region","Geylang",1.31404,103.89807,"Entire home/apt",187,3,1,"29.01.2019",0.14,141,55
"1926","29200233","ဆေးဘက်အိမ်သူအိမ်သား 2 အိပ်ခန်",32184450,"Apollo","Central Region","Geylang",1.31443,103.89703,"Entire home/apt",200,1,9,"10.03.2019",0.89,67,365
"1928","29207126","Studio 2 @ SG Central Min Walk To MRT",29420853,"Aaron","Central Region","Geylang",1.31439,103.89855,"Entire home/apt",87,3,4,"19.08.2019",0.38,141,41
"1929","29210089","NEW Compact Studio Apt/WIFI @Orchard/Somerset Area",10248444,"Rc","Central Region","River Valley",1.29747,103.8393,"Entire home/apt",118,2,22,"05.08.2019",2.43,48,329
"1930","29211600","NEW City Studio Apt /WIFI@ Orchard/ Central Area",109333133,"Pat","Central Region","River Valley",1.29649,103.83978,"Entire home/apt",135,2,8,"26.05.2019",1.1,18,319
"1931","29224499","Luck Room/city center/Geylang/Aljunied MRT",220176276,"Weidong","Central Region","Geylang",1.31687,103.89058,"Entire home/apt",368,1,1,"20.10.2018",0.1,1,88
"1932","29243650","!!!Amazing 2 Bedroom Penthouse View @ Katong ON8",8492007,"Alvin","Central Region","Geylang",1.31403,103.89693,"Entire home/apt",228,3,1,"24.06.2019",0.45,203,55
"1933","29245382","10 reason to book- studio house",32184450,"Apollo","Central Region","Geylang",1.3143,103.89824,"Entire home/apt",100,14,2,"15.08.2019",0.19,67,358
"1934","29253018","City 1 Room Studio Apt/WIFI@ Somerset/Orchard Area",61619807,"Ong","Central Region","River Valley",1.29512,103.83996,"Entire home/apt",108,2,7,"07.08.2019",1.16,27,346
"1935","29275864","Sweet & Quiet Home  1min to MRT on Orchard Road",43591543,"Donald","Central Region","Museum",1.29905,103.8465,"Entire home/apt",368,5,45,"23.08.2019",4.43,15,147
"1942","29288090","☺Lovely Studio Apt @ Onan ON1",209913841,"Richards","Central Region","Geylang",1.3161,103.89903,"Entire home/apt",100,28,4,"29.06.2019",0.48,157,51
"1943","29288147","☺Lovely Studio Apt @ Onan(ON2)",209913841,"Richards","Central Region","Geylang",1.31468,103.8974,"Entire home/apt",100,2,6,"23.08.2019",0.63,157,41
"1944","29288149","☺Full Furnish Cosy Studio Apt @ Onan (ON3)",209913841,"Richards","Central Region","Geylang",1.31461,103.89855,"Entire home/apt",99,2,3,"27.02.2019",0.37,157,65
"1945","29288157","☺Fully Furnish w/ Wifi @ Onan (StudioApt) ON4",209913841,"Richards","Central Region","Geylang",1.31591,103.89891,"Entire home/apt",100,2,3,"14.07.2019",1.32,157,41
"1952","29290211","HUGE+MODERN 3 BR APT @ CENTRAL/GEYLANG w/QUEEN BED",219550151,"Rain","Central Region","Geylang",1.31317,103.88788,"Entire home/apt",300,5,1,"23.11.2018",0.11,113,322
"1965","29292274","KINEX/GEYLANG SERAI/EUNOS MRT MODERN 2BR FR STAY",219550151,"Rain","Central Region","Geylang",1.31417,103.89686,"Entire home/apt",199,5,1,"04.03.2019",0.17,113,43
"1967","29292771","Family Home Away from Home",220675517,"Casa Preciosa","North Region","Central Water Catchment",1.35312,103.81946,"Entire home/apt",169,3,30,"12.08.2019",2.96,1,19
"1968","29293411","2 Bed Loft 4 @ Central MRT Onan",29420853,"Aaron","Central Region","Geylang",1.31593,103.89827,"Entire home/apt",137,3,26,"11.08.2019",2.68,141,41
"1969","29293441","2 Bed Loft 2 @ Central MRT Onan",29420853,"Aaron","Central Region","Geylang",1.3147,103.89829,"Entire home/apt",137,3,16,"29.07.2019",1.67,141,39
"1971","29316379","nhà y tế-studio unit in katong for rent",32184450,"Apollo","Central Region","Geylang",1.31593,103.89711,"Entire home/apt",100,3,3,"25.04.2019",0.47,67,364
"1972","29323476","Near somerset 313 classic codo",81428257,"Michael","Central Region","River Valley",1.29676,103.83445,"Entire home/apt",181,2,3,"04.08.2019",0.76,8,307
"1973","29323656","NEW Compact Studio Apt/WIFI @Orchard/Somerset Area",10248444,"Rc","Central Region","River Valley",1.29701,103.83823,"Entire home/apt",118,2,11,"09.06.2019",1.17,48,341
"1974","29324339","City/Orchard 2 BR near Somerset MRT",66406177,"Jay","Central Region","Orchard",1.29924,103.83784,"Entire home/apt",290,30,2,"12.04.2019",0.2,274,291
"1977","29396677","♪♪2BR Serviced Suites @ Farrer Park MRT (os)",31464513,"Darcy","Central Region","Kallang",1.31062,103.85919,"Entire home/apt",219,7,1,"13.03.2019",0.18,114,307
"1978","29398198","Smith Street Studio Apartment",23336011,"Heritage Apartments","Central Region","Outram",1.28179,103.844,"Entire home/apt",135,7,1,"16.12.2018",0.12,40,365
"1981","29412602","[Green] Quiet Studio Unit with Reservoir View",52404087,"Zhi","North-East Region","Sengkang",1.39546,103.88036,"Entire home/apt",54,90,2,"23.05.2019",0.29,1,164
"1982","29424688","studio unit-10 min to paya lebar",32184450,"Apollo","Central Region","Geylang",1.3145,103.8989,"Entire home/apt",100,1,2,"30.06.2019",0.21,67,364
"1983","29424749","10 reason to stay- studio house",32184450,"Apollo","Central Region","Geylang",1.31553,103.89898,"Entire home/apt",119,5,2,"02.12.2018",0.21,67,365
"1984","29424787","studio unit for rent-katong area",32184450,"Apollo","Central Region","Geylang",1.31593,103.89685,"Entire home/apt",101,1,4,"06.08.2019",0.94,67,365
"1987","29450842","2br Raffles City  next to MRT",7690967,"Daniel","Central Region","Downtown Core",1.27993,103.84882,"Entire home/apt",258,2,36,"11.08.2019",3.69,6,104
"1988","29469242","1 Bedroom City View @ Novena ZSM",29420853,"Aaron","Central Region","Novena",1.32757,103.84867,"Entire home/apt",131,10,1,"20.03.2019",0.19,141,342
"1989","29469683","M - UNIQUE! Sunlit Loft In The Heart of Town",189449378,"Mindy","Central Region","Tanglin",1.29437,103.83011,"Entire home/apt",142,2,3,"16.03.2019",0.33,26,262
"1991","29469930","M - Brand New Airy & Stylish Loft at City.",189449378,"Mindy","Central Region","Tanglin",1.29442,103.82795,"Entire home/apt",139,2,1,"05.02.2019",0.15,26,294
"1992","29470621","2 Bedroom Penthouse @ Central Mrt",29420853,"Aaron","Central Region","Kallang",1.32794,103.86465,"Entire home/apt",200,5,3,"15.07.2019",1.14,141,304
"1995","29472000","M - Quiet Park View City Studio @ Tiong Bahru",189449378,"Mindy","Central Region","Bukit Merah",1.28393,103.83031,"Entire home/apt",106,2,5,"30.01.2019",0.52,26,326
"1996","29472133","M - Beautiful Comfortable Park View Apartment",189449378,"Mindy","Central Region","Bukit Merah",1.28308,103.83131,"Entire home/apt",118,2,1,"07.02.2019",0.15,26,0
"1997","29472215","☀1BR Apt Near Clark Quay & MRT RVP1",209913841,"Richards","Central Region","Singapore River",1.29338,103.8428,"Entire home/apt",137,3,1,"05.05.2019",0.26,157,287
"1998","29472242","☀1BR Near Clark Quay & Fort Canning MRT! RVP3",209913841,"Richards","Central Region","Museum",1.29462,103.84329,"Entire home/apt",135,3,1,"02.06.2019",0.34,157,327
"1999","29472416","M- Peaceful & Relaxed Studio at City",189449378,"Mindy","Central Region","Bukit Merah",1.28256,103.83208,"Entire home/apt",111,2,2,"15.02.2019",0.27,26,349
"2000","29482778","Charming 1BR APT w Balcony near Queenstown MRT",66406177,"Jay","Central Region","Queenstown",1.2952,103.80594,"Entire home/apt",125,30,2,"01.08.2019",0.36,274,313
"2001","29494102","*Charming & Spacious* Apartment in Clarke Quay",7223111,"Katherine","Central Region","Singapore River",1.29021,103.84489,"Entire home/apt",340,3,44,"21.08.2019",4.33,2,234
"2002","29498259","☀1BR Near to MRT & Bugis!  (SP1B)",209913841,"Richards","Central Region","Rochor",1.30142,103.84993,"Entire home/apt",137,3,1,"16.12.2018",0.12,157,260
"2004","29498333","☀1BR WIFI/POOL/GYM @ ZhongShanMall Area",209913841,"Richards","Central Region","Novena",1.32666,103.84696,"Entire home/apt",137,10,1,"01.03.2019",0.17,157,365
"2006","29500883","☀☀2BR Clean & Near Farrer Park MRT FPS2",209913841,"Richards","Central Region","Kallang",1.31265,103.85253,"Entire home/apt",199,3,2,"12.07.2019",0.47,157,247
"2008","29500892","☀❄2 Bedroom Apt for Rent @Lavender OS",209913841,"Richards","Central Region","Kallang",1.31184,103.8591,"Entire home/apt",161,3,8,"10.08.2019",0.96,157,305
"2009","29521466","Outstanding & Lavish 1BR APT near Orchard MRT",66406177,"Jay","Central Region","River Valley",1.29983,103.83303,"Entire home/apt",144,90,1,"23.07.2019",0.81,274,240
"2010","29522642","Capacious  Homely 2BR APT in Orchard Area",66406177,"Jay","Central Region","Newton",1.30846,103.82857,"Entire home/apt",204,30,4,"30.03.2019",0.49,274,271
"2012","29533187","COSY APARTMENT SLEEPS 4 NEAR TO ORCHARD & SENTOSA",189270725,"Tom","Central Region","Rochor",1.30619,103.85003,"Entire home/apt",150,2,41,"23.08.2019",4.07,2,0
"2016","29548114","1-bedroom luxury penthouse 5 star + BBQ terrace",800558,"Kim (金)","Central Region","Rochor",1.31198,103.85479,"Entire home/apt",771,2,1,"04.01.2019",0.13,6,364
"2019","29552115","Chinatown Skylight Studio Single",23336011,"Heritage Apartments","Central Region","Outram",1.28321,103.84494,"Entire home/apt",125,7,6,"22.04.2019",0.67,40,350
"2020","29552643","Chinatown Skylight Studio Apartment",23336011,"Heritage Apartments","Central Region","Outram",1.28209,103.8449,"Entire home/apt",125,7,6,"24.07.2019",0.7,40,362
"2021","29559500","SG ^^Entire 3 bedroom 2 bathroom near city",194823170,"Olivia","Central Region","Geylang",1.31086,103.87952,"Entire home/apt",179,1,14,"25.07.2019",1.56,3,254
"2022","29579499","Chinatown Brand New Studio Premium Apartment",23336011,"Heritage Apartments","Central Region","Outram",1.28153,103.84684,"Entire home/apt",156,5,16,"30.07.2019",1.77,40,357
"2023","29580481","Chinatown Brand New Skylight Loft Apartment",23336011,"Heritage Apartments","Central Region","Outram",1.2821,103.84682,"Entire home/apt",135,7,2,"23.02.2019",0.27,40,338
"2024","29581373","Chinatown Premium Loft Apartment",23336011,"Heritage Apartments","Central Region","Outram",1.2831,103.8448,"Entire home/apt",156,7,10,"20.08.2019",1.08,40,356
"2025","29603152","1br Bright Novena near to MRT",8527085,"Ben","Central Region","Novena",1.3174,103.84694,"Entire home/apt",169,2,23,"14.08.2019",2.35,38,126
"2026","29603794","2br City Park next to MRT",7690967,"Daniel","Central Region","Kallang",1.31289,103.85641,"Entire home/apt",250,2,28,"12.08.2019",3.72,6,161
"2027","29605657","Bay view Two Bedrooms Super High Level CBD",183775270,"Joe","Central Region","Kallang",1.30054,103.86239,"Entire home/apt",200,2,11,"11.08.2019",1.13,5,66
"2028","29613493","SG Cosy 2 Bedroom with 2 Bathroom Close to City",52897090,"Elle","Central Region","Geylang",1.31291,103.8798,"Entire home/apt",168,1,15,"13.08.2019",1.58,5,25
"2029","29662678","COMFY STUDIO APT @ ORCHARD/SOMERSET",223263203,"Joel","Central Region","River Valley",1.29615,103.83777,"Entire home/apt",150,2,36,"09.08.2019",3.65,3,310
"2031","29665981","Gem of the West 2BR Loft 3 mins from Jurong E MRT",66406177,"Jay","West Region","Jurong East",1.33594,103.74306,"Entire home/apt",144,30,1,"31.12.2018",0.12,274,326
"2032","29691687","Studio 3 @ SG Central Min Walk To MRT",29420853,"Aaron","Central Region","Geylang",1.3152,103.89814,"Entire home/apt",87,3,5,"27.07.2019",0.84,141,62
"2035","29719225","Trendy & Bright 2BR beside Aljunied MRT",66406177,"Jay","Central Region","Geylang",1.31489,103.88514,"Entire home/apt",131,90,1,"30.05.2019",0.33,274,349
"2037","29720589","3 Bedroom Apartment @ Boon Keng MRT",29420853,"Aaron","Central Region","Kallang",1.32219,103.86495,"Entire home/apt",299,5,1,"29.06.2019",0.49,141,262
"2038","29721171","3 Bedroom  Apartment Boon Keng MRT",29420853,"Aaron","Central Region","Kallang",1.32232,103.86342,"Entire home/apt",299,25,2,"14.07.2019",0.24,141,265
"2039","29721827","4BR Townhouse @ West of Singapore",31464513,"Darcy","West Region","Jurong West",1.35237,103.698,"Entire home/apt",687,7,1,"04.01.2019",0.13,114,365
"2040","29731372","☀☀2BR Perfect for Family stays @ Balestier 1TBL",209913841,"Richards","Central Region","Novena",1.32362,103.85361,"Entire home/apt",200,3,2,"22.07.2019",0.25,157,330
"2041","29731477","☀☀2BR Ideal for families @ Balestier BL1",209913841,"Richards","Central Region","Novena",1.32218,103.85344,"Entire home/apt",208,3,1,"28.04.2019",0.24,157,254
"2045","29731509","☀☀2BR Clean & Spacious Apt @ Balestier BL5",209913841,"Richards","Central Region","Novena",1.32287,103.85192,"Entire home/apt",200,3,4,"08.08.2019",0.6,157,260
"2046","29741953","Private Apartment in Central Singapore",23125569,"Oscar","Central Region","Tanglin",1.29663,103.82879,"Entire home/apt",119,5,2,"02.01.2019",0.23,2,0
"2047","29742465","Leisure 1BR APT located 5 mins from Tg Pagar MRT",66406177,"Jay","Central Region","Downtown Core",1.27529,103.84583,"Entire home/apt",142,30,2,"28.01.2019",0.25,274,271
"2049","29745033","Luxurious CBD 1BR with sea view",66406177,"Jay","Central Region","Downtown Core",1.27537,103.84558,"Entire home/apt",151,30,1,"29.06.2019",0.49,274,252
"2050","29745923","3 Bedroom Spacious Unit @ Bugis MRT SsP",29420853,"Aaron","Central Region","Rochor",1.30007,103.85163,"Entire home/apt",237,7,2,"13.07.2019",1.07,141,256
"2051","29746139","3 Bedroom Cosy Apartment Min Walk to Bugis MRT SsP",29420853,"Aaron","Central Region","Rochor",1.30156,103.85031,"Entire home/apt",237,30,1,"11.06.2019",0.38,141,254
"2052","29747347","Studio 4 @ SG Central Min Walk To MRT",29420853,"Aaron","Central Region","Geylang",1.31545,103.89888,"Entire home/apt",99,3,1,"29.03.2019",0.2,141,65
"2053","29802053","5BR Spacious Units nearby town Big family 15 pax",159804766,"Xiaoyu","Central Region","Geylang",1.31149,103.87794,"Entire home/apt",487,2,2,"10.02.2019",0.29,79,365
"2056","29829950","Newly renovated 3 rooms 2 baths central Singapore",92189808,"Darius","Central Region","Kallang",1.31553,103.84747,"Entire home/apt",160,2,27,"21.08.2019",3.12,4,318
"2057","29830408","En Flat Kitchen Balcony Pool 3min to Aljunied MRT",165989549,"Jing","Central Region","Geylang",1.31505,103.88332,"Entire home/apt",100,90,20,"15.03.2019",2.05,1,49
"2058","29836188","❤180º Marina Bay View 2B2B  Downtown MRT 金莎景近地铁!",224422788,"Nathan","Central Region","Downtown Core",1.28105,103.85168,"Entire home/apt",350,2,22,"25.08.2019",2.32,2,87
"2059","29842716","Lovely breezy place in the heart of Singapore",30048201,"Debora","Central Region","Downtown Core",1.27513,103.84672,"Entire home/apt",160,1,2,"03.01.2019",0.24,1,0
"2060","29860691","Fully furnish CBD 2br w balcony and city view",66406177,"Jay","Central Region","Downtown Core",1.27337,103.84728,"Entire home/apt",169,30,1,"19.08.2019",1,274,264
"2063","29911456","Superhost 1BR APT in the heart of Tg Pagar",66406177,"Jay","Central Region","Downtown Core",1.2753,103.8458,"Entire home/apt",310,18,1,"26.07.2019",0.88,274,22
"2064","29913912","5 Bedroom 5 Bathroom House near MRT Station!",223622603,"Tanya","East Region","Bedok",1.31796,103.90908,"Entire home/apt",250,2,19,"13.08.2019",2.18,4,239
"2065","29917321","Glamping kaki-Singapore-Superior Large Bell Tent",182166388,"Glamping","East Region","Bedok",1.31256,103.95279,"Entire home/apt",240,1,2,"09.08.2019",0.31,3,356
"2066","29928739","3 Bed Room Luxury Suite near Ochard RoadnextMRT",158218013,"Z","Central Region","River Valley",1.29389,103.83754,"Entire home/apt",287,1,54,"09.08.2019",5.83,7,5
"2068","金融中心高层海景三个房间","游泳池",225207610,"Linda","Central Region","Downtown Core",1.27851,103.84739,"Entire home/apt",378,2,9,"27.06.2019",1.02,1,73
"2069","29962235","Orchard Resort-Style Apartment with Doorstep Pool!",160018769,"Ken And Rain","Central Region","Tanglin",1.29505,103.82647,"Entire home/apt",300,1,34,"16.08.2019",3.66,2,338
"2070","29967395","Leisure 1BR APT located 5 mins from Tg Pagar MRT",66406177,"Jay","Central Region","Downtown Core",1.27538,103.84635,"Entire home/apt",151,30,1,"28.02.2019",0.16,274,248
"2071","29968236","A - Comfy Quiet Studio @ City",225311799,"Ada","Central Region","Bukit Merah",1.28344,103.82968,"Entire home/apt",124,1,13,"04.08.2019",1.36,30,312
"2072","29968924","Superhost 1BR APT in the heart of Tg Pagar",66406177,"Jay","Central Region","Downtown Core",1.27475,103.84374,"Entire home/apt",146,30,1,"12.06.2019",0.38,274,278
"2073","29969867","Inviting & Cozy 1BR APT 3 mins from Tg Pagar MRT",66406177,"Jay","Central Region","Downtown Core",1.27451,103.84416,"Entire home/apt",156,30,1,"03.07.2019",0.53,274,242
"2074","29971710","M - ZR3 Brand New Airy & Stylish Loft @ City.",189449378,"Mindy","Central Region","Tanglin",1.29297,103.82783,"Entire home/apt",122,2,3,"07.04.2019",0.31,26,294
"2075","29973157","Superhost 1BR APT in the heart of Tg Pagar",66406177,"Jay","Central Region","Downtown Core",1.27555,103.84533,"Entire home/apt",310,30,1,"06.01.2019",0.13,274,240
"2077","29999288","1 Bedroom @ Dhoby Ghout MRT MSS",29420853,"Aaron","Central Region","Rochor",1.30126,103.84628,"Entire home/apt",131,25,1,"07.02.2019",0.15,141,345
"2078","30000466","T - NEW! Sunny & Modern Apt 4 mins to Orchard Rd",229339,"Tom","Central Region","Tanglin",1.29393,103.83004,"Entire home/apt",122,2,2,"24.07.2019",0.95,26,328
"2079","30000787","T -  Brand New Airy & Stylish Loft @ City.",229339,"Tom","Central Region","Tanglin",1.29409,103.82992,"Entire home/apt",146,2,1,"18.03.2019",0.18,26,294
"2080","30003840","Charming 2BR APT w Balcony near Queenstown MRT",66406177,"Jay","Central Region","Queenstown",1.29544,103.80568,"Entire home/apt",158,30,1,"20.01.2019",0.14,274,260
"2081","30004231","Stylish 1BR Located 7 mins from Tg Pagar MRT",66406177,"Jay","Central Region","Downtown Core",1.27302,103.84434,"Entire home/apt",156,6,1,"28.07.2019",0.94,274,0
"2082","30004765","Stylish 1BR Located 7 mins from Tg Pagar MRT",66406177,"Jay","Central Region","Downtown Core",1.27439,103.84458,"Entire home/apt",156,30,2,"08.01.2019",0.24,274,192
"2083","30007877","5 star Downtown Studio Apartment with Full Kitchen",225565785,"Betty","Central Region","Downtown Core",1.28071,103.85129,"Entire home/apt",200,90,2,"08.12.2018",0.21,1,300
"2085","30019271","Pan Pacific Serviced Suites Orchard 1-BR Executive",225641992,"David","Central Region","Newton",1.30215,103.83863,"Entire home/apt",340,6,1,"21.02.2019",0.16,6,312
"2086","30023796","H - Comfy Quiet Spacious studio at City",225666624,"Han","Central Region","Bukit Merah",1.28166,103.82997,"Entire home/apt",125,2,1,"14.04.2019",0.22,24,312
"2087","30024441","Ben's Concrete Jungle",8527085,"Ben","Central Region","Downtown Core",1.28059,103.84938,"Entire home/apt",250,2,16,"09.08.2019",1.95,38,289
"2088","30026102","M - SPACIOUS QUIET 1 BEDROOM CITY APT",189449378,"Mindy","Central Region","Bukit Merah",1.28301,103.83112,"Entire home/apt",131,1,2,"29.12.2018",0.24,26,266
"2089","30026353","Superhost Loft APT in the heart of Tg Pagar",66406177,"Jay","Central Region","Downtown Core",1.27549,103.84515,"Entire home/apt",144,30,1,"31.01.2019",0.14,274,321
"2091","30027435","Stylish 1BR APT Located 7 mins from Tg Pagar MRT",66406177,"Jay","Central Region","Downtown Core",1.27455,103.84574,"Entire home/apt",156,30,2,"11.08.2019",0.39,274,308
"2092","30033286","Cosy 2 Bedrooms Apartment in Center (2)",225722966,"Sarah","Central Region","Rochor",1.30926,103.85255,"Entire home/apt",190,1,53,"18.08.2019",5.64,4,242
"2093","30034375","Cosy 2 Bedrooms Apartment in Center",225722966,"Sarah","Central Region","Rochor",1.30898,103.85098,"Entire home/apt",171,1,37,"15.08.2019",4.01,4,289
"2094","30046125","Gem of the West 1BR APT 3 mins from Jurong E MRT",66406177,"Jay","West Region","Jurong East",1.33396,103.74166,"Entire home/apt",260,30,1,"16.02.2019",0.15,274,306
"2095","30046922","Cosy Studio Beside MRT station",225722966,"Sarah","Central Region","Geylang",1.31499,103.8842,"Entire home/apt",142,1,50,"21.08.2019",5.47,4,302
"2096","30047798","Luxury Stay at Whole condo just in front of Mrt",146100311,"Cindy","West Region","Jurong West",1.34521,103.72241,"Entire home/apt",268,5,3,"29.07.2019",1.76,10,90
"2099","30049585","A - Comfy Modern Apt 3 min to Orchard Rd",225311799,"Ada","Central Region","Tanglin",1.2961,103.82902,"Entire home/apt",181,1,3,"25.12.2018",0.33,30,208
"2100","30050107","Inviting & Cozy Loft APT 3 mins from Tg Pagar MRT",66406177,"Jay","Central Region","Downtown Core",1.27556,103.84409,"Entire home/apt",156,30,2,"28.01.2019",0.25,274,240
"2101","30050561","Inviting & Cozy Loft APT 3 mins from Tg Pagar MRT",66406177,"Jay","Central Region","Downtown Core",1.27442,103.84459,"Entire home/apt",310,14,1,"03.01.2019",0.13,274,3
"2102","30050848","Inviting & Cozy 1BR loft 3 mins from Tg Pagar MRT",66406177,"Jay","Central Region","Downtown Core",1.27585,103.84591,"Entire home/apt",161,30,2,"18.03.2019",0.25,274,300
"2105","30071219","A - Brand New Airy & Stylish Loft @ City",225311799,"Ada","Central Region","Tanglin",1.29305,103.83055,"Entire home/apt",128,2,9,"17.07.2019",2.21,30,294
"2106","30071518","Superb & Comfy 2BR 5 mins from Aljunied MRT",66406177,"Jay","Central Region","Geylang",1.31961,103.8823,"Entire home/apt",250,30,1,"06.02.2019",0.15,274,287
"2107","30071947","A - New 1 Bdrm Apt 3mins to Orchard Road",225311799,"Ada","Central Region","Tanglin",1.29762,103.82911,"Entire home/apt",153,1,1,"03.07.2019",0.53,30,208
"2108","30072597","A - Calm & Quiet City Apt 5 mins to MRT",225311799,"Ada","Central Region","Bukit Merah",1.28269,103.83086,"Entire home/apt",104,1,16,"08.08.2019",2.07,30,326
"2110","30075131","Accessible  Chic 1BR APT 5 mins from Redhill MRT",66406177,"Jay","Central Region","Bukit Merah",1.29023,103.81599,"Entire home/apt",204,90,2,"30.06.2019",0.26,274,305
"2111","3mins to subway"," 24hr check-in",207764427,"Tsubasa","Central Region","Geylang",1.31399,103.88343,"Entire home/apt",129,1,62,"17.08.2019",6.91,1,69
"2112","30096510","1BR private condo in the city (15min to Orchard)",23545711,"Li","Central Region","Toa Payoh",1.3289,103.86941,"Entire home/apt",119,2,2,"29.11.2018",0.22,1,0
"2113","30097599","A - Peaceful & Relaxed Studio @ City",225311799,"Ada","Central Region","Bukit Merah",1.28203,103.83239,"Entire home/apt",132,2,2,"29.04.2019",0.4,30,349
"2114","30098803","A - Sunlit Charismatic Art Deco Studio @ City",225311799,"Ada","Central Region","Bukit Merah",1.28544,103.83443,"Entire home/apt",125,1,12,"04.08.2019",1.38,30,314
"2115","30133260","M - Plush City Studio at Tiong Bahru",189449378,"Mindy","Central Region","Bukit Merah",1.28216,103.8317,"Entire home/apt",132,2,1,"24.12.2018",0.12,26,291
"2116","30133789","A -  Plush City Studio @ Tiong Bahru",225311799,"Ada","Central Region","Bukit Merah",1.28158,103.83189,"Entire home/apt",111,1,7,"04.08.2019",0.85,30,291
"2118","30134249","A - SPACIOUS QUIET 1 BEDROOM CITY APT",225311799,"Ada","Central Region","Bukit Merah",1.28357,103.8318,"Entire home/apt",118,1,1,"26.12.2018",0.12,30,266
"2119","30134694","Stylish 1BR APT Located 7 mins from Tg Pagar MRT",66406177,"Jay","Central Region","Downtown Core",1.27423,103.84576,"Entire home/apt",156,30,1,"03.03.2019",0.17,274,305
"2122","30168978","Serviced Apartment @ Kembangan",108773366,"RedDoorz","East Region","Bedok",1.31933,103.91124,"Entire home/apt",110,1,24,"13.08.2019",2.82,109,350
"2125","30186784","1 bedroom apartment in modern condo",21442904,"Chris","Central Region","Geylang",1.31896,103.88165,"Entire home/apt",135,3,1,"10.08.2019",1,1,17
"2126","30188440","3BR Big & stylish apt near novena",66406177,"Jay","Central Region","Novena",1.32691,103.85018,"Entire home/apt",165,30,2,"04.08.2019",0.95,274,293
"2127","30188702","Delightful & Spacious 3BR APT near Novena MRT",66406177,"Jay","Central Region","Novena",1.32824,103.85059,"Entire home/apt",165,30,2,"12.03.2019",0.3,274,260
"2129","30204154","1minMRT 1分钟地铁 市中心高楼海景CBD 2BR High Flr Seaview 7pax",49255774,"Kelly","Central Region","Downtown Core",1.27556,103.84589,"Entire home/apt",299,2,8,"19.07.2019",1.15,6,131
"2130","30213414","♪Lovely 1BR home for medical tourists (blb14)",31464513,"Darcy","Central Region","Novena",1.32288,103.85222,"Entire home/apt",150,7,1,"22.01.2019",0.14,114,365
"2133","30219680","5000 Sqft 6 En-suite Bdrm @ Katong Nxt to MRT",9774294,"Steve","East Region","Bedok",1.31491,103.90701,"Entire home/apt",700,3,23,"18.08.2019",3.18,1,269
"2134","30237246","2 Bedroom Cosy Apartment @ Shaw Plaza BlB",29420853,"Aaron","Central Region","Novena",1.32409,103.85396,"Entire home/apt",200,20,1,"08.06.2019",0.37,141,365
"2135","30237502","2 Bedroom Cosy Apartment @ Central SG BlB",29420853,"Aaron","Central Region","Novena",1.32229,103.85238,"Entire home/apt",200,3,1,"20.12.2018",0.12,141,301
"2136","30238238","Studio Apartment - Oakwood Premier",178584113,"Oakwood Premier OUE Singapore","Central Region","Downtown Core",1.27644,103.84907,"Entire home/apt",281,4,7,"26.06.2019",0.79,15,352
"2137","30240141","2 Bedroom 1 Stop Away From Novena",29420853,"Aaron","Central Region","Novena",1.31969,103.85282,"Entire home/apt",200,20,1,"12.12.2018",0.12,141,365
"2138","30243920","Central area Marina Bay view 2BREntire整套滨海湾景高层2房2卫",58692882,"Lily","Central Region","Singapore River",1.28778,103.84681,"Entire home/apt",378,2,30,"16.08.2019",3.41,12,46
"2139","30258463","BEST SERVICE APT 1 BEDROOM 3 MIN NOVENA CITY MRT",22103887,"John","Central Region","Novena",1.31858,103.84607,"Entire home/apt",150,4,11,"03.08.2019",1.83,3,88
"2140","30297882","3 Bedroom @ River Valley SG",29420853,"Aaron","Central Region","River Valley",1.29593,103.83641,"Entire home/apt",258,25,14,"22.07.2019",1.6,141,361
"2141","30299123","Spacious condo with balcony near trendy Haji Lane",6540712,"Kristin","Central Region","Kallang",1.30099,103.86228,"Entire home/apt",156,3,4,"15.08.2019",0.92,1,10
"2142","30300197","Studio Apartment - Oakwood Premier",178584113,"Oakwood Premier OUE Singapore","Central Region","Downtown Core",1.2779,103.84976,"Entire home/apt",281,4,6,"17.05.2019",0.81,15,356
"2145","30326010","3 Bedroom @ Novena MRT 8S",29420853,"Aaron","Central Region","Novena",1.32448,103.84534,"Entire home/apt",287,30,4,"23.05.2019",0.54,141,264
"2146","30332470","New 2 bedroom condo at Bishan/Upper Thomson",32036006,"Stella","Central Region","Bishan",1.36007,103.82955,"Entire home/apt",125,90,5,"15.05.2019",0.55,1,0
"2147","30337969","Bright&Airy Tropical Chic Loft in 1920s Shophouse!",17032962,"Shu","Central Region","Kallang",1.31106,103.85763,"Entire home/apt",165,2,22,"06.08.2019",2.58,16,63
"2148","30352581","❀❀❀3BR Amazing View @ Somerset Near MRT PM",8492007,"Alvin","Central Region","River Valley",1.29409,103.83578,"Entire home/apt",287,3,1,"17.12.2018",0.12,203,255
"2150","30355615","H - Peaceful & Relaxed Studio @ City",225666624,"Han","Central Region","Bukit Merah",1.28277,103.83186,"Entire home/apt",111,2,3,"19.07.2019",0.35,24,349
"2152","30358928","♥♥♥Spacious River Valley Home not Hotel (pm)",31464513,"Darcy","Central Region","River Valley",1.29443,103.83785,"Entire home/apt",287,3,2,"11.02.2019",0.26,114,70
"2153","30369336","Gorgeous Heritage Straits Suite in 1920s Shophouse",17032962,"Shu","Central Region","Kallang",1.31199,103.85751,"Entire home/apt",185,2,23,"11.08.2019",2.72,16,49
"2154","30378141","Studio unit for 2 in Central!",219377996,"Lulier","Central Region","Outram",1.28306,103.84495,"Entire home/apt",150,1,2,"15.12.2018",0.23,13,0
"2155","30378730","1BR unit for 4 pax in Central!",219377996,"Lulier","Central Region","Outram",1.28167,103.84654,"Entire home/apt",172,1,5,"02.02.2019",0.57,13,0
"2156","30380577","H -  Brand New Dazzling Studio @ city",225666624,"Han","Central Region","Bukit Merah",1.28327,103.83336,"Entire home/apt",114,2,9,"04.08.2019",1.25,24,331
"2158","30386671","Leisure 1BR APT located 5 mins from Tg Pagar MRT",66406177,"Jay","Central Region","Downtown Core",1.27406,103.84564,"Entire home/apt",151,30,1,"01.01.2019",0.13,274,240
"2160","30388746","Beautiful large 1 bedroom apartment with balcony",53281424,"Mairéad","Central Region","Downtown Core",1.27652,103.84931,"Entire home/apt",125,2,1,"01.01.2019",0.13,2,17
"2163","30429465","10 reason to stay-1bedroom condo balestier area",32184450,"Apollo","Central Region","Novena",1.32688,103.84897,"Entire home/apt",106,25,1,"25.01.2019",0.14,67,365
"2164","30436340","Hoang Mappp 03",228522337,"Kal","Central Region","Rochor",1.30295,103.84784,"Entire home/apt",137,1,1,"05.12.2018",0.11,1,0
"2165","30450807","Bay view Two Bedrooms Super High Level CBD",183775270,"Joe","Central Region","Kallang",1.30022,103.86174,"Entire home/apt",200,2,22,"13.08.2019",2.86,5,66
"2166","30485907","1BR in Central with sea and city view!",219377996,"Lulier","Central Region","Downtown Core",1.28133,103.84964,"Entire home/apt",218,4,1,"06.01.2019",0.13,13,0
"2167","30486140","1BR in Central with Sea & City view! MRT nearby!",219377996,"Lulier","Central Region","Downtown Core",1.28043,103.84864,"Entire home/apt",218,30,1,"08.01.2019",0.13,13,0
"2168","30487030","Clean & Comfortable Studio Apartment Near Airport",42243497,"Michael","East Region","Pasir Ris",1.37706,103.96056,"Entire home/apt",87,1,6,"21.08.2019",4.09,1,5
"2169","30489284","Homely 1 BR @ Farrer Park",183618288,"Jimmy","Central Region","Kallang",1.31527,103.85319,"Entire home/apt",156,30,1,"10.05.2019",0.27,30,60
"2172","30510645","☀☀☀3BR Clean & tidy w/  WIFI POOL GYM ERS3B5",209913841,"Richards","Central Region","Kallang",1.32046,103.86524,"Entire home/apt",287,7,2,"06.07.2019",0.24,157,265
"2174","30510827","☀☀☀3BR Clean & Modern Apt@ Balestier",209913841,"Richards","Central Region","Novena",1.3277,103.84311,"Entire home/apt",281,28,1,"27.03.2019",0.19,157,275
"2176","30510956","☀☀☀3BR Bright & Airy Opp ZhongShanMall  8SR",209913841,"Richards","Central Region","Novena",1.32461,103.8467,"Entire home/apt",281,20,1,"08.05.2019",0.27,157,264
"2177","30510962","☀☀☀3BR Clean & Spacious @Bugis Area SP3B2",209913841,"Richards","Central Region","Rochor",1.30114,103.85114,"Entire home/apt",289,3,2,"10.08.2019",1.28,157,255
"2180","30517253","Pleasant 1 BR Near City Square Mall",183618288,"Jimmy","Central Region","Kallang",1.3133,103.85321,"Entire home/apt",156,30,1,"01.01.2019",0.13,30,53
"2181","30517482","Staycation Studio Nearby Novena MRT Station",183618288,"Jimmy","Central Region","Novena",1.31911,103.84757,"Entire home/apt",81,3,15,"09.08.2019",1.77,30,36
"2182","30518084","Daycation Studio Nearby Velocity",183618288,"Jimmy","Central Region","Novena",1.31912,103.8486,"Entire home/apt",81,3,19,"28.07.2019",2.2,30,52
"2184","30532652","Orchard Loft- private pool entrance from Balcony",160018769,"Ken And Rain","Central Region","Tanglin",1.2948,103.82606,"Entire home/apt",250,1,5,"11.08.2019",0.64,2,338
"2185","30545797","❀❀Amazing Spacious 2 Bedroom @ Little India 8M82",8492007,"Alvin","Central Region","Rochor",1.30711,103.84728,"Entire home/apt",168,3,2,"18.07.2019",0.27,203,248
"2188","30578632","Downtown CBD2BR High Floor 1 min to MRT 6pax",130088842,"Fiona","Central Region","Downtown Core",1.27948,103.853,"Entire home/apt",299,90,3,"21.06.2019",0.56,1,87
"2189","30578891","1min mrt downtownCBD2BR high flr 1分钟直达地铁 市中心高楼8pax",131894662,"Stone","Central Region","Downtown Core",1.27534,103.8442,"Entire home/apt",299,2,21,"19.08.2019",2.42,2,40
"2190","30594823","Urban City 2 Bedroom House!",99375086,"Frank","Central Region","Kallang",1.31496,103.8476,"Entire home/apt",261,1,35,"20.08.2019",4.12,1,56
"2192","30597710","Spacious 3 bedroom Panoramic Bay and City View*",174094852,"Home","Central Region","Kallang",1.30034,103.86069,"Entire home/apt",308,3,2,"28.02.2019",0.29,5,50
"2193","30687199","The Nest - Modern Living in the food paradise",20788085,"Sherrie","Central Region","Marine Parade",1.30543,103.9053,"Entire home/apt",135,2,30,"16.08.2019",3.63,1,101
"2199","30748968","♪1BR Rivervalley Beside UE Square (rvp46)",31464513,"Darcy","Central Region","River Valley",1.29458,103.84126,"Entire home/apt",149,6,1,"26.02.2019",0.16,114,365
"2203","30786501","1 Bedroom @ River Valley RvP",29420853,"Aaron","Central Region","Museum",1.29449,103.84317,"Entire home/apt",131,10,1,"16.07.2019",0.68,141,302
"2204","30805348","Luxury Duplex Corner Unit with Ocean View @ CBD",11466232,"Kaye","Central Region","Downtown Core",1.2754,103.84358,"Entire home/apt",250,2,11,"11.02.2019",1.29,1,0
"2205","30807139","3 Bedroom Near Dhoby Ghaut SL",29420853,"Aaron","Central Region","Rochor",1.30108,103.84876,"Entire home/apt",268,3,6,"25.07.2019",0.79,141,76
"2206","30814430","Great Location Compact Studio near Orchard Area",61619807,"Ong","Central Region","River Valley",1.29501,103.83886,"Entire home/apt",118,2,6,"21.04.2019",0.95,27,338
"2207","30829097","Modern Design Meets Historical Shophouse",230280001,"Stacy","Central Region","Bukit Merah",1.27743,103.83832,"Entire home/apt",140,4,6,"06.08.2019",0.75,18,65
"2208","30833385","Spacious Studio in Neil Road Shophouse",230280001,"Stacy","Central Region","Bukit Merah",1.27661,103.83842,"Entire home/apt",200,2,2,"29.07.2019",1.62,18,81
"2209","30835401","Heritage town house near Orchard",138720463,"Sunny","Central Region","Rochor",1.30194,103.8475,"Entire home/apt",687,2,18,"19.08.2019",2.16,8,169
"2210","30848481","1 min Bugis MRT LUXURY Condo free airport pickup",183775270,"Joe","Central Region","Downtown Core",1.29894,103.85721,"Entire home/apt",190,2,37,"01.08.2019",4.89,5,69
"2212","30857870","温馨之家-Lovely Home",198555113,"Haiyan","Central Region","Geylang",1.31116,103.87891,"Entire home/apt",187,1,40,"16.08.2019",5.13,2,226
"2213","30879249","Modern luxurious 4BR Apartment next to Orchard Rd",2690036,"Tania","Central Region","Newton",1.31069,103.83115,"Entire home/apt",800,5,1,"04.01.2019",0.13,1,16
"2214","30881232","Cozy & convenient apt 10 mins to Aljunied MRT",23722617,"Alex","Central Region","Geylang",1.31376,103.88788,"Entire home/apt",87,9,1,"09.02.2019",0.15,84,74
"2215","30894928","The Sail  Marina Bay",111933734,"Olga","Central Region","Downtown Core",1.28093,103.85346,"Entire home/apt",169,5,4,"09.06.2019",0.51,1,9
"2216","30896151","NEW 2 Bedroom Apt @ City/ Orchard/Somerset Area",61619807,"Ong","Central Region","River Valley",1.29511,103.83917,"Entire home/apt",190,2,19,"24.07.2019",2.35,27,295
"2217","30896885","Comfy Studio Apt/ WIFI @ Somerset/Orchard Area",61619807,"Ong","Central Region","River Valley",1.2958,103.8395,"Entire home/apt",125,2,3,"19.07.2019",0.44,27,330
"2218","30898777","New Studio w 2 Queen beds @Central/ Orchard Area..",46685310,"L","Central Region","River Valley",1.29733,103.83802,"Entire home/apt",158,2,10,"12.08.2019",1.33,28,312
"2219","30898825","Elite 1 BR Studio Apt/WIFI@Orchard/Somerset Area",46685310,"L","Central Region","River Valley",1.2955,103.83875,"Entire home/apt",115,2,7,"06.07.2019",0.87,28,346
"2220","30900061","New Cosy Studio Apt @ City/ Orchard/ Somerset Area",109333133,"Pat","Central Region","River Valley",1.29694,103.83985,"Entire home/apt",137,2,4,"26.03.2019",0.58,18,328
"2221","30900063","NEW Cosy & Comfy Studio Apt -Somerset/Orchard Area",109333133,"Pat","Central Region","River Valley",1.29694,103.8394,"Entire home/apt",137,2,2,"05.04.2019",0.37,18,329
"2223","30918694","❀❀Amazing Spacious 2 Bedroom Unit @ Ochard RVP1A",8492007,"Alvin","Central Region","Museum",1.29468,103.84335,"Entire home/apt",187,7,2,"08.07.2019",0.25,203,242
"2224","30969285","Fantastic Location 2 Bedroom 2 Bathroom Apartment!",223622603,"Tanya","Central Region","Rochor",1.30077,103.85132,"Entire home/apt",235,2,32,"08.08.2019",4.64,4,167
"2225","31001544","Haus Ser 201",231534188,"Vu","Central Region","Marine Parade",1.30634,103.89965,"Entire home/apt",118,3,3,"16.03.2019",0.41,17,127
"2226","31003554","Byte1 ~ cosy Studio Apt / WIFI & 3x Housekeeping",159031223,"Bob","Central Region","Kallang",1.29873,103.88474,"Entire home/apt",126,7,5,"28.07.2019",0.63,15,146
"2227","31029255","❀Amazing Spacious 1 Bedroom Apt @ Central CBD RVP4",8492007,"Alvin","Central Region","River Valley",1.29488,103.84172,"Entire home/apt",132,3,6,"12.07.2019",0.73,203,302
"2229","31044541","Haus Ser 301",231534188,"Vu","Central Region","Marine Parade",1.30613,103.89859,"Entire home/apt",118,3,1,"23.02.2019",0.16,17,127
"2230","31044803","Haus Ser 302",231534188,"Vu","Central Region","Marine Parade",1.30762,103.90026,"Entire home/apt",118,3,1,"14.04.2019",0.22,17,120
"2232","31077114","A - Brand New Dazzling Studio at City Centre",225311799,"Ada","Central Region","Bukit Merah",1.28332,103.83335,"Entire home/apt",139,2,15,"23.07.2019",2.63,30,331
"2233","31079639","H - Cozy City Studio @ Tiong Bahru",225666624,"Han","Central Region","Bukit Merah",1.28324,103.83326,"Entire home/apt",114,2,3,"04.05.2019",0.4,24,333
"2234","31080274","A - Cozy City Studio at Tiong Bahru",225311799,"Ada","Central Region","Bukit Merah",1.28494,103.83376,"Entire home/apt",132,1,11,"19.07.2019",1.38,30,333
"2235","31080348","H - Cosy Quiet City Apt in Tiong Bahru",225666624,"Han","Central Region","Bukit Merah",1.28211,103.83405,"Entire home/apt",139,1,2,"05.07.2019",0.25,24,239
"2236","31096983","Cosy 2BR 2BR Modern Home beside Subway",232352285,"Sunny","Central Region","Toa Payoh",1.33216,103.86843,"Entire home/apt",219,2,21,"12.07.2019",2.94,8,71
"2237","31104513","Haus Sims 302",231534188,"Vu","Central Region","Geylang",1.3149,103.88726,"Entire home/apt",199,3,2,"06.06.2019",0.42,17,106
"2238","31105493","Haus Sims 301",231534188,"Vu","Central Region","Kallang",1.31095,103.86206,"Entire home/apt",199,3,5,"12.08.2019",1.61,17,87
"2239","31105962","Haus Sims 201",231534188,"Vu","Central Region","Geylang",1.3161,103.88817,"Entire home/apt",199,3,3,"12.08.2019",0.9,17,117
"2240","31106470","Haus Ava 401",231534188,"Vu","Central Region","Novena",1.3216,103.85341,"Entire home/apt",106,3,1,"10.08.2019",1,17,133
"2243","31107161","Trendy & Bright 2BR beside Aljunied MRT",66406177,"Jay","Central Region","Geylang",1.31534,103.88599,"Entire home/apt",135,90,1,"01.05.2019",0.25,274,243
"2245","31107387","M - Brand New Dazzling Studio at Tiong Bahru",189449378,"Mindy","Central Region","Bukit Merah",1.28392,103.83386,"Entire home/apt",104,2,1,"08.02.2019",0.15,26,331
"2247","31107733","M - Cozy City Studio at Tiong Bahru",189449378,"Mindy","Central Region","Bukit Merah",1.28363,103.83369,"Entire home/apt",107,2,1,"01.03.2019",0.17,26,333
"2248","31107858","Haus Ava 202",231534188,"Vu","Central Region","Novena",1.32141,103.8537,"Entire home/apt",118,3,1,"30.07.2019",1,17,141
"2249","31110236","☀1BR Bright & Airy beside Whampoa Market BL1B2",209913841,"Richards","Central Region","Novena",1.32419,103.85188,"Entire home/apt",137,3,2,"26.05.2019",0.25,157,332
"2250","31114726","Very large comfortable room. Brand new.",23666,"Maryanne","Central Region","Marine Parade",1.3107,103.90671,"Entire home/apt",108,2,17,"19.08.2019",2.33,1,327
"2252","31130219","A - BEAUTIFUL CHIC 3 BEDROOM APT",225311799,"Ada","Central Region","Bukit Merah",1.28392,103.83302,"Entire home/apt",250,2,3,"30.04.2019",0.37,30,328
"2254","31132213","BEAUTIFUL LOFT 2 BR IN JURONG EAST",156409670,"Rajan","West Region","Jurong East",1.33662,103.74138,"Entire home/apt",260,28,2,"03.06.2019",0.25,78,364
"2255","31152416","M - BEAUTIFUL CHIC THREE BEDROOM APARTMENT",189449378,"Mindy","Central Region","Bukit Merah",1.28311,103.83256,"Entire home/apt",292,2,5,"18.06.2019",0.69,26,328
"2256","31156276","Pleasant & Comfy Studio APT near Potong Pasir MRT",66406177,"Jay","Central Region","Toa Payoh",1.32968,103.86852,"Entire home/apt",110,30,1,"27.07.2019",0.91,274,332
"2258","31156864","2BR Rivervalley Beside UE Square (RvP2BR)",31464513,"Darcy","Central Region","River Valley",1.29441,103.84119,"Entire home/apt",181,7,3,"10.06.2019",0.42,114,362
"2260","31157531","A - Cozy Comfortable 2 bedroom Apartment",225311799,"Ada","Central Region","Bukit Merah",1.28357,103.83499,"Entire home/apt",211,1,5,"29.07.2019",0.64,30,293
"2261","31162237","M - Cozy Comfortable 2  bedroom Apartment",189449378,"Mindy","Central Region","Bukit Merah",1.2836,103.8336,"Entire home/apt",208,2,4,"03.02.2019",0.5,26,293
"2262","31178204","Penthouse+1 BedroomKitchenLivingWIFI SeaCityViews",52590953,"Ann","East Region","Bedok",1.30851,103.92457,"Entire home/apt",168,4,3,"14.05.2019",0.45,4,325
"2263","31204361","Leisure 1BR APT 5mins from Tg Pagar Mrt",66406177,"Jay","Central Region","Downtown Core",1.27533,103.84503,"Entire home/apt",151,30,1,"11.05.2019",0.27,274,244
"2264","31204526","Leisure 1BR APT 5min from Tg Pagar MRT",66406177,"Jay","Central Region","Downtown Core",1.27547,103.84558,"Entire home/apt",144,30,1,"10.07.2019",0.6,274,286
"2265","31212381","T - Cozy Comfortable 2 bedroom Apt",229339,"Tom","Central Region","Bukit Merah",1.28518,103.8335,"Entire home/apt",233,2,2,"26.05.2019",0.28,26,293
"2266","31213150","2 Bedroom @ River Valley RvP",29420853,"Aaron","Central Region","Museum",1.29416,103.84258,"Entire home/apt",168,5,3,"11.05.2019",0.46,141,242
"2268","31242076","KINEX/GEYLANG SERAI/EUNOS MRT MODERN 2BR FR STAY",219550151,"Rain","Central Region","Geylang",1.31522,103.89859,"Entire home/apt",200,5,1,"12.03.2019",0.18,113,49
"2269","31242152","KINEX/GEYLANG SERAI/EUNOS MRT MODERN 2BR APT",219550151,"Rain","Central Region","Geylang",1.31473,103.89844,"Entire home/apt",200,5,1,"20.02.2019",0.16,113,55
"2270","31244479","Apartment Within City",38303962,"Chi Siang","Central Region","Rochor",1.30256,103.84869,"Entire home/apt",200,30,4,"24.07.2019",1.09,2,233
"2271","31265984","Serene 3 Bedroom Apartment in Northeast Singapore",135298846,"Kay","North-East Region","Hougang",1.37753,103.88317,"Entire home/apt",310,6,2,"22.07.2019",0.3,22,361
"2273","31271677","Clarke Central area Nice view high floor市中央区克拉码头",58692882,"Lily","Central Region","Museum",1.29072,103.84836,"Entire home/apt",268,2,22,"24.08.2019",2.82,12,58
"2275","31295898","Pleasant & Comfy Studio APT near Potong Pasir MRT",66406177,"Jay","Central Region","Toa Payoh",1.33163,103.86722,"Entire home/apt",118,30,1,"25.04.2019",0.24,274,344
"2276","31295956","Pleasant & Comfy 1BR APT 3 mins from Potong Pasir",66406177,"Jay","Central Region","Toa Payoh",1.32978,103.86724,"Entire home/apt",219,90,2,"29.06.2019",0.63,274,301
"2278","31297591","Outstanding & Lavish 1BR APT near Orchard MRT",66406177,"Jay","Central Region","River Valley",1.29854,103.83413,"Entire home/apt",144,90,3,"11.07.2019",0.47,274,256
"2281","31298028","Furnished Homely 2BR Apt near Buona Vista MRT",66406177,"Jay","Central Region","Queenstown",1.30342,103.78484,"Entire home/apt",156,3,1,"05.03.2019",0.17,274,0
"2282","31326007","COZY STUDIO APT @ ORCHARD/SOMERSET",223263203,"Joel","Central Region","River Valley",1.29529,103.83817,"Entire home/apt",129,2,31,"05.08.2019",4.04,3,333
"2283","31344812","Modern & Spacious 1br in prime Robertson Quay",28776100,"Jeff","Central Region","Singapore River",1.29135,103.83677,"Entire home/apt",114,6,5,"20.08.2019",0.64,1,64
"2285","31368481","2br Plaza Orchard Next to MRT",7690967,"Daniel","Central Region","Museum",1.30009,103.84526,"Entire home/apt",249,2,22,"13.08.2019",3.22,6,122
"2287","31390991","Superior Central Apartment For Five",14326542,"Your Home Away From Home","Central Region","Museum",1.30002,103.84668,"Entire home/apt",446,1,44,"22.08.2019",6,4,311
"2288","31405419","Live in the city(3BRs)近地铁市区三房公寓@MRT&Swimming Pool",80570036,"Chris","Central Region","Geylang",1.31658,103.89127,"Entire home/apt",214,1,20,"31.07.2019",3.09,22,0
"2289","31408475","French Window 2BR+2BA 1 min to MRT Sky Swimming",232352285,"Sunny","Central Region","Toa Payoh",1.33053,103.86773,"Entire home/apt",219,3,5,"09.08.2019",0.75,8,340
"2291","31420451","Big Ben's Victorian",8527085,"Ben","Central Region","Rochor",1.30318,103.85339,"Entire home/apt",319,2,12,"13.08.2019",1.73,38,155
"2299","31448220","Central One BR Near Paya Lebar MRT 2",234870042,"Kevin","Central Region","Geylang",1.31379,103.8982,"Entire home/apt",108,3,1,"07.05.2019",0.26,28,41
"2303","31450954","Two BR 5min Walk to Kallang MRT 2",234870042,"Kevin","Central Region","Geylang",1.30991,103.87819,"Entire home/apt",178,3,1,"27.03.2019",0.19,28,337
"2304","31451234","Two BR 5min Walk to Kallang MRT 1",234870042,"Kevin","Central Region","Geylang",1.31139,103.87672,"Entire home/apt",178,3,1,"02.08.2019",1,28,336
"2308","31451872","Two BR 5min Walk to Kallang MRT 6",234870042,"Kevin","Central Region","Geylang",1.31035,103.87676,"Entire home/apt",178,3,1,"06.02.2019",0.15,28,319
"2309","31457968","Elegant Suite @ CG!  ( Brand new condo )",173904781,"James","Central Region","Downtown Core",1.30013,103.85844,"Entire home/apt",119,30,2,"29.05.2019",0.44,8,305
"2310","31462394","Huge Penthouse in town near SENTOSA  2层复式楼靠近市中心圣淘沙",206696856,"Moon&Kim","Central Region","Queenstown",1.28014,103.78483,"Entire home/apt",360,2,24,"13.08.2019",3.43,6,321
"2311","31473836","❀Amazing Spacious 1 Bedroom Unit @ Balestier JD",8492007,"Alvin","Central Region","Novena",1.32701,103.84432,"Entire home/apt",228,3,1,"12.03.2019",0.18,203,262
"2318","31476173","H - Modern Luxe City Apt at Tiong Bahru",225666624,"Han","Central Region","Bukit Merah",1.2833,103.83369,"Entire home/apt",125,1,7,"19.05.2019",1.01,24,303
"2322","31478267","2BR Katong Heritage Trail (4ona02)",31464513,"Darcy","Central Region","Geylang",1.31417,103.8985,"Entire home/apt",250,4,1,"26.01.2019",0.14,114,362
"2323","31478346","2 Bedroom Near MRT High Floor Great View",29420853,"Aaron","Central Region","Novena",1.32614,103.84302,"Entire home/apt",168,3,1,"16.06.2019",0.41,141,262
"2324","31479102","温馨之家-Lovely Home.",198555113,"Haiyan","Central Region","Geylang",1.31302,103.87998,"Entire home/apt",187,1,1,"17.03.2019",0.18,2,226
"2326","31498154","Artistic Heritage townhouse in heart of city",39207304,"Sophie","Central Region","Rochor",1.30239,103.84678,"Entire home/apt",600,2,6,"17.08.2019",0.91,12,173
"2327","31522914","BUGIS - 这间公寓距离地铁交通和餐厅只需1分钟的路程",9794916,"Sara","Central Region","Rochor",1.30113,103.85288,"Entire home/apt",356,3,4,"02.06.2019",0.66,3,80
"2330","31582998","Super Bay view Entire 4BR 1Min MRT超级金沙景4卧室近地铁包接送机",58692882,"Lily","Central Region","Downtown Core",1.27793,103.85221,"Entire home/apt",458,2,25,"20.08.2019",3.64,12,44
"2331","31599406","MI - Luxe Modern Cozy Studio at City",189449378,"Mindy","Central Region","Bukit Merah",1.28452,103.8327,"Entire home/apt",108,2,3,"01.04.2019",0.42,26,277
"2333","31603793","A - Luxe Modern Cozy Studio @ City",225311799,"Ada","Central Region","Bukit Merah",1.28236,103.83387,"Entire home/apt",101,1,3,"20.02.2019",0.41,30,277
"2334","31653300","★★★3BR Penthouse Near Orchard Road (oxph)",31464513,"Darcy","Central Region","Museum",1.29922,103.84198,"Entire home/apt",450,9,2,"07.08.2019",0.46,114,365
"2335","31656668","Cosy 2 bedrooms apt beside MRT station",225722966,"Sarah","Central Region","Geylang",1.31443,103.88434,"Entire home/apt",165,3,15,"20.08.2019",2.27,4,307
"2336","31656915","1minMRT CBD1分钟地铁 市区高楼海景Cetrl High fr  Seaview 7pax",49255774,"Kelly","Central Region","Downtown Core",1.28015,103.85492,"Entire home/apt",287,2,17,"24.08.2019",2.59,6,127
"2337","31684530","1Bed Room Luxury Suite near Ochard RoadnextMRT@Z01",158218013,"Z","Central Region","River Valley",1.29564,103.83773,"Entire home/apt",168,1,4,"28.06.2019",0.56,7,0
"2338","31686487","如家",137422496,"Chaoran","Central Region","Geylang",1.31454,103.88863,"Entire home/apt",199,2,1,"26.01.2019",0.14,1,0
"2339","31722863","Resort Style Seaview Luxury Apt Near SENTOSA CBD",44321809,"Kate","Central Region","Bukit Merah",1.2667,103.81127,"Entire home/apt",358,3,24,"12.08.2019",3.51,4,153
"2340","31723065","4BR Cozy Apartment in Orchard Road.",145285119,"Tien","Central Region","Orchard",1.30379,103.83402,"Entire home/apt",349,2,9,"04.08.2019",1.33,3,54
"2341","31724061","Studio in Tanjong Pagar",11915175,"Mathieu","Central Region","Downtown Core",1.27478,103.84455,"Entire home/apt",250,1,4,"12.03.2019",0.62,1,0
"2342","31725594","2BR Fully Furnished Nearby Food Center @Lavender",209913841,"Richards","Central Region","Kallang",1.3107,103.85883,"Entire home/apt",165,14,1,"26.02.2019",0.16,157,354
"2343","31727506","Orchard RD Modern Home 1 min to MRT",43591543,"Donald","Central Region","Museum",1.29805,103.84596,"Entire home/apt",453,5,26,"22.08.2019",3.64,15,149
"2344","31729758","Lofty Hideout @ CG! ( Brand new condo )",173904781,"James","Central Region","Downtown Core",1.30024,103.85846,"Entire home/apt",92,30,1,"05.05.2019",0.26,8,262
"2347","31812254","Classic One Bedroom Premier Apt located in Orchard",238195069,"Jo","Central Region","Tanglin",1.31123,103.82572,"Entire home/apt",231,3,3,"26.08.2019",3,5,167
"2348","31839553","Casa Ser203",16305681,"Ace Beautiful Homes","Central Region","Marine Parade",1.3072,103.89862,"Entire home/apt",187,3,4,"12.07.2019",0.75,17,35
"2349","31843188","1 Bedroom @ Central Singapore River Valley",29420853,"Aaron","Central Region","River Valley",1.29321,103.84109,"Entire home/apt",131,20,3,"05.07.2019",0.47,141,362
"2350","31844833","2 Bed Loft 5 @ Central MRT Onan",29420853,"Aaron","Central Region","Geylang",1.31537,103.89829,"Entire home/apt",137,3,7,"08.07.2019",1.39,141,45
"2352","31851838","★Superb Location @ Orchard City Central 超值民宿★",238709651,"Zoe & Friends","Central Region","Orchard",1.30357,103.83433,"Entire home/apt",419,2,28,"02.08.2019",4.18,3,233
"2353","31861383","Haus Ser 303",231534188,"Vu","Central Region","Marine Parade",1.30723,103.90012,"Entire home/apt",187,3,2,"18.05.2019",0.55,17,104
"2357","31930801","S - Peaceful & Relaxed Studio at City",239242652,"Shasha","Central Region","Tanglin",1.29449,103.82978,"Entire home/apt",137,2,2,"24.05.2019",0.3,25,349
"2358","31935622","Stylish 1BR APT Located 7 mins from Tg Pagar MRT",66406177,"Jay","Central Region","Downtown Core",1.27436,103.8459,"Entire home/apt",156,30,1,"27.08.2019",1,274,236
"2359","31936204","2BR Lakefront apartment 3mins away from MRT",66406177,"Jay","West Region","Jurong West",1.3434,103.71841,"Entire home/apt",165,30,3,"08.08.2019",0.45,274,355
"2360","31938057","Spacious 3BR Apt | Walks to Somerset MRT | Orchard",120674614,"Amy","Central Region","Newton",1.30505,103.84163,"Entire home/apt",287,10,1,"28.02.2019",0.16,6,0
"2361","31964337","3 Bedroom Modern Design Condo @ River Valley",29420853,"Aaron","Central Region","River Valley",1.29544,103.84096,"Entire home/apt",287,20,4,"10.08.2019",0.97,141,253
"2363","32000920","H - Plush City Studio @ Tiong Bahru",225666624,"Han","Central Region","Bukit Merah",1.28333,103.83056,"Entire home/apt",125,2,1,"10.03.2019",0.17,24,291
"2364","32003564","Apartment for long term rent. Prefer couple/single",52897090,"Elle","North-East Region","Hougang",1.37417,103.90431,"Entire home/apt",185,75,1,"22.04.2019",0.23,5,303
"2365","32006217","Central location apartment for long term rent",154015448,"Angela","Central Region","Geylang",1.31662,103.88729,"Entire home/apt",100,32,1,"02.06.2019",0.34,4,122
"2366","32023032","H - Brand New Airy & Stylish Loft @ City",225666624,"Han","Central Region","Tanglin",1.29259,103.83044,"Entire home/apt",133,2,2,"26.03.2019",0.37,24,294
"2367","32024459","❀Amazing Spacious 1 Bedroom Unit @ Farrer Park JS",8492007,"Alvin","Central Region","Kallang",1.31451,103.85594,"Entire home/apt",150,3,1,"24.05.2019",0.31,203,341
"2368","32024930","cozy and huge 4BR apartment in town near MRT 回忆客栈",206696856,"Moon&Kim","Central Region","Rochor",1.31041,103.85322,"Entire home/apt",450,2,16,"05.08.2019",2.36,6,326
"2369","32031648","市中心1分钟地铁海景房周边设施全1min MRT CBD high flr seaview 7pax",228823978,"Mabel","Central Region","Downtown Core",1.28147,103.85389,"Entire home/apt",299,2,3,"17.07.2019",0.49,2,126
"2375","32054563","Self-contained Studio in Shophouse Along Neil Road",230280001,"Stacy","Central Region","Bukit Merah",1.27818,103.83792,"Entire home/apt",108,3,3,"21.07.2019",1.64,18,67
"2376","32058632","1br Cozy Somerset  Next to MRT",8527085,"Ben","Central Region","Orchard",1.30172,103.83955,"Entire home/apt",210,2,12,"14.08.2019",1.95,38,297
"2377","32113276","Deluxe2 - 1BR Serviced Apartment @ East Coast",159031223,"Bob","Central Region","Kallang",1.29923,103.88405,"Entire home/apt",199,7,2,"20.07.2019",0.48,15,51
"2378","32113481","Byte2 ~ cosy Studio Apt / WIFI & 3x Housekeeping",159031223,"Bob","Central Region","Kallang",1.2999,103.88529,"Entire home/apt",126,7,5,"18.08.2019",1.04,15,155
"2380","32114293","Amaze7 - cosy Serviced Apartment w/ WiFi near CBD",159031223,"Bob","Central Region","Marine Parade",1.29884,103.88546,"Entire home/apt",147,7,9,"07.08.2019",1.38,15,295
"2381","32147418","Dover Parkview condo",236455304,"Umair","Central Region","Queenstown",1.30436,103.78396,"Entire home/apt",169,5,1,"16.02.2019",0.15,1,146
"2387","32198422","Sleek & Modern 2BR APT 5 mins from Bishan MRT",66406177,"Jay","Central Region","Bishan",1.34832,103.85584,"Entire home/apt",290,21,2,"20.08.2019",0.48,274,329
"2388","32198860","Sleek & Modern 2BR APT 5 mins from Bishan MRT",66406177,"Jay","Central Region","Bishan",1.34673,103.8538,"Entire home/apt",140,90,1,"01.05.2019",0.25,274,8
"2405","32227343","☀❄2BR Beautiful w/ WIFI POOL GYM @Balestier BTK1B",209913841,"Richards","Central Region","Novena",1.32446,103.85044,"Entire home/apt",175,3,1,"28.05.2019",0.32,157,345
"2408","32245578","Wish you a pleasant stay here in Singapore",155391722,"Steven","Central Region","Geylang",1.3101,103.88103,"Entire home/apt",150,2,4,"19.07.2019",0.98,3,89
"2409","32269571","n3BRs Apt in good location近地铁市区好房@MRT&Food street",80570036,"Chris","Central Region","Geylang",1.31295,103.87548,"Entire home/apt",208,1,20,"30.07.2019",3.23,22,134
"2410","32275343","House of the Rising Sun",7690967,"Daniel","Central Region","Newton",1.30639,103.84705,"Entire home/apt",110,2,19,"13.08.2019",3.65,6,260
"2412","32292005","Nifty & Cosy 2BR APT near Clementi MRT",66406177,"Jay","West Region","Clementi",1.31547,103.75631,"Entire home/apt",136,30,2,"27.07.2019",0.5,274,334
"2414","32292453","Humble & Conveniently Located 1BR in Katong Area",66406177,"Jay","Central Region","Marine Parade",1.30714,103.89978,"Entire home/apt",103,30,1,"01.06.2019",0.34,274,332
"2415","32295549","2BR/Condo/5 mins walk to Farrer Park Mrt/City",120674614,"Amy","Central Region","Kallang",1.31318,103.85647,"Entire home/apt",240,10,1,"28.04.2019",0.24,6,95
"2416","32296304","2 BR Condo Next to Train Station Min 3 Mths Rent",109741357,"Lorraine","Central Region","Queenstown",1.27755,103.79268,"Entire home/apt",231,90,8,"14.06.2019",1.29,3,364
"2420","32317003","Byte3 - cozy Serviced Apartment",159031223,"Bob","Central Region","Kallang",1.30029,103.88536,"Entire home/apt",128,7,5,"20.08.2019",1.04,15,149
"2421","32317824","H - BEAUTIFUL CHIC 2 BEDROOM APT",225666624,"Han","Central Region","Bukit Merah",1.28415,103.8327,"Entire home/apt",264,1,7,"27.06.2019",1.15,24,328
"2422","32318920","H - Luxe Modern Cozy Studio @ City",225666624,"Han","Central Region","Bukit Merah",1.28298,103.83386,"Entire home/apt",97,2,20,"04.08.2019",3.59,24,277
"2426","32320788","Pleasant & Comfy Studio APT near Potong Pasir MRT",66406177,"Jay","Central Region","Toa Payoh",1.33104,103.86802,"Entire home/apt",115,31,1,"30.04.2019",0.25,274,333
"2427","32320894","Pleasant & Comfy Studio APT near Potong Pasir MRT",66406177,"Jay","Central Region","Toa Payoh",1.33161,103.86767,"Entire home/apt",110,30,1,"15.03.2019",0.18,274,209
"2428","32320934","Making your stay an enjoyable one",155391722,"Steven","Central Region","Geylang",1.31246,103.88253,"Entire home/apt",181,1,20,"15.08.2019",3.43,3,89
"2434","32343985","2 Bedroom @ River Valley RvP L",29420853,"Aaron","Central Region","Museum",1.29457,103.8431,"Entire home/apt",168,20,1,"29.06.2019",0.49,141,365
"2435","32344101","2 Bedroom Apartment High Floor Great View L",29420853,"Aaron","Central Region","Novena",1.32689,103.84429,"Entire home/apt",168,10,1,"15.04.2019",0.22,141,365
"2437","32344282","City-located Studio Apartment* BRAND NEW*",66406177,"Jay","Central Region","Rochor",1.30193,103.86199,"Entire home/apt",146,30,2,"31.05.2019",0.4,274,261
"2438","32345603","Stylish 1BR APT Located 7 mins from Tg Pagar MRT",66406177,"Jay","Central Region","Downtown Core",1.27458,103.84651,"Entire home/apt",149,7,1,"05.08.2019",1,274,0
"2447","32388996","CBD Spacious Apt. 2min walk to Tanjong Pagar MRT",66406177,"Jay","Central Region","Downtown Core",1.27594,103.84512,"Entire home/apt",144,7,1,"28.02.2019",0.16,274,0
"2454","32391429","1 Bedroom Amazing Condo @ Farrer Park MRT",29420853,"Aaron","Central Region","Kallang",1.31482,103.85405,"Entire home/apt",131,14,3,"14.08.2019",0.72,141,365
"2456","32398110","安静 清爽的住宅区",208192255,"小姐","Central Region","Toa Payoh",1.3358,103.86754,"Entire home/apt",100,3,1,"01.05.2019",0.25,1,0
"2458","32452018","City-centered 1BR apartment *BRAND NEW*",66406177,"Jay","Central Region","Downtown Core",1.27968,103.8483,"Entire home/apt",151,30,1,"02.08.2019",1,274,348
"2460","32454678","3 Bedroom Apartment @ Boon Keng MRT",29420853,"Aaron","Central Region","Kallang",1.32041,103.86472,"Entire home/apt",287,14,1,"28.07.2019",0.94,141,365
"2461","32454891","A - Cosy Bright City Apt in Tiong Bahru",225311799,"Ada","Central Region","Bukit Merah",1.28375,103.83147,"Entire home/apt",101,1,20,"03.08.2019",3.51,30,329
"2462","32455081","Spacious 3-Bedroom Apartment in Orchard Road",242442283,"Ying","Central Region","Orchard",1.30693,103.83324,"Entire home/apt",369,6,4,"04.08.2019",1.71,1,360
"2464","32458080","Cosy & clean 2BR Apt @Aljunied geylang",37483803,"Lily","Central Region","Geylang",1.3114,103.88569,"Entire home/apt",190,2,9,"28.07.2019",1.7,3,81
"2466","32475286","2br City Orchard next to MRT",7690967,"Daniel","Central Region","Orchard",1.304,103.83296,"Entire home/apt",319,2,8,"07.06.2019",2.09,6,122
"2467","32475586","City-located studio apartment * BRAND NEW*",66406177,"Jay","Central Region","Kallang",1.30195,103.86211,"Entire home/apt",106,30,1,"19.05.2019",0.29,274,211
"2473","32478049","H - Cosy Bright City Apt in Tiong Bahru",225666624,"Han","Central Region","Bukit Merah",1.28402,103.83072,"Entire home/apt",101,1,3,"09.07.2019",0.64,24,329
"2475","32478682","H - Spacious  1100sqft 2 Bedroom City Apt",225666624,"Han","Central Region","Bukit Merah",1.28509,103.83386,"Entire home/apt",219,1,7,"05.06.2019",1.27,24,293
"2477","32479538","Two-bedroom apartment in the City Center",12642081,"Kiril","Central Region","Bukit Merah",1.28573,103.82936,"Entire home/apt",154,1,4,"25.03.2019",0.64,1,0
"2478","32479873","Entire unit in the City",158404113,"Cecy","Central Region","Kallang",1.32773,103.86327,"Entire home/apt",128,1,3,"16.06.2019",0.78,3,0
"2479","32480037","H - SPACIOUS QUIET 1 BEDROOM CITY APT",225666624,"Han","Central Region","Bukit Merah",1.28376,103.82998,"Entire home/apt",133,1,2,"14.06.2019",0.38,24,266
"2480","32481898","City Sentosa Marina Sands Orchard CBD乌节路金沙圣淘沙",244049717,"Peter","Central Region","Geylang",1.31264,103.88202,"Entire home/apt",128,1,1,"29.06.2019",0.49,1,296
"2481","32502191","Pan Pacific Serviced Suites Orchard 1-BR Deluxe",225641992,"David","Central Region","Orchard",1.30118,103.83675,"Entire home/apt",308,6,3,"05.08.2019",0.69,6,330
"2484","32503412","S -  Calm & Quiet City Apt 5 mins to MRT",239242652,"Shasha","Central Region","Bukit Merah",1.28258,103.83235,"Entire home/apt",124,1,4,"11.08.2019",0.68,25,326
"2486","32503862","1 BEDRM MODERN HOME @ CITY @  EATING PARADISE",168659658,"Julian","Central Region","Novena",1.32432,103.85357,"Entire home/apt",119,3,14,"22.08.2019",2.71,9,59
"2487","32504842","75sm luxurious 1br apt. 3min to Tanjong Pagar MRT",66406177,"Jay","Central Region","Downtown Core",1.27355,103.84445,"Entire home/apt",168,30,1,"26.07.2019",0.88,274,198
"2489","32526213","Comfy Premium Studio 3 mins to MRT (300 sqft)",111065775,"Abegail","Central Region","River Valley",1.29732,103.83687,"Entire home/apt",149,6,7,"04.06.2019",1.32,19,261
"2491","32528723","Gem of the West 2BR Loft 3 mins from Jurong E MRT",66406177,"Jay","West Region","Jurong East",1.33404,103.7436,"Entire home/apt",144,30,1,"15.05.2019",0.28,274,289
"2494","32534020","Pleasant & Comfy 1BR APT 3 mins from Potong Pasir",66406177,"Jay","Central Region","Toa Payoh",1.33102,103.86718,"Entire home/apt",112,29,2,"07.07.2019",0.5,274,193
"2495","32605119","Sunny 4-story house with modern interior",43591543,"Donald","Central Region","Geylang",1.31279,103.89924,"Entire home/apt",599,3,21,"26.08.2019",3.66,15,127
"2497","32621960","Cosy 2 Bedroom Apartment in Central Singapore CBD",148161755,"Jan","Central Region","Rochor",1.2984,103.85173,"Entire home/apt",300,7,1,"13.04.2019",0.22,11,0
"2499","32641495","Charming APT in the HEART of CBD. Unbeatable LOC",16310915,"Stephen","Central Region","Singapore River",1.28704,103.84824,"Entire home/apt",265,2,22,"15.08.2019",4.1,1,44
"2501","32644068","City-located 1BR loft apartment * BRAND NEW*",66406177,"Jay","Central Region","Rochor",1.30202,103.86126,"Entire home/apt",136,30,1,"04.04.2019",0.2,274,312
"2505","32670774","City-located studio loft apartment *BRAND NEW*",66406177,"Jay","Central Region","Kallang",1.30274,103.86315,"Entire home/apt",106,30,2,"19.08.2019",0.46,274,264
"2507","32671190","City-located studio loft apartment*BRAND NEW*",66406177,"Jay","Central Region","Kallang",1.30252,103.86198,"Entire home/apt",106,30,1,"19.08.2019",1,274,273
"2509","32671381","City-located studio loft apartment *BRAND NEW*",66406177,"Jay","Central Region","Rochor",1.30279,103.86149,"Entire home/apt",106,30,1,"25.04.2019",0.24,274,261
"2516","32673258","BRAND-NEW high rise 1BR aparment at Redhill",66406177,"Jay","Central Region","Bukit Merah",1.28979,103.81731,"Entire home/apt",135,30,1,"28.06.2019",0.48,274,318
"2521","32706307","橙子小屋 town condo and coast park. 市区公寓靠近金沙和东海岸",245877303,"Jay","Central Region","Kallang",1.30798,103.86271,"Entire home/apt",122,1,3,"03.05.2019",0.6,1,292
"2523","32729524","Leisure 1BR APT located 5 mins from Tg Pagar MRT",66406177,"Jay","Central Region","Downtown Core",1.27339,103.84635,"Entire home/apt",189,10,1,"23.08.2019",1,274,0
"2524","32729720","Superhost 1BR APT in the heart of Tg Pagar",66406177,"Jay","Central Region","Downtown Core",1.27337,103.84411,"Entire home/apt",162,14,1,"07.08.2019",1,274,0
"2529","32748781","Exclusive Apartment next to MRT Station",246282778,"Toy","Central Region","Queenstown",1.29666,103.8059,"Entire home/apt",119,5,1,"12.08.2019",1,1,94
"2530","32749133","1+1 BR Condo Next To Train Station & Food Centre",109741357,"Lorraine","Central Region","Queenstown",1.27527,103.7918,"Entire home/apt",169,5,10,"07.08.2019",1.73,3,23
"2532","32797566","City view apt in town near food  street 城市观景房近美食街",206696856,"Moon&Kim","Central Region","Novena",1.3223,103.85164,"Entire home/apt",265,2,8,"06.08.2019",1.51,6,335
"2533","32815398","Brand New Studio  Citygate Plaza Residence",246860189,"Han","Central Region","Downtown Core",1.2974,103.85898,"Entire home/apt",119,90,3,"10.05.2019",0.55,1,261
"2536","32820979","Gem of the West 2BR Loft 3 mins from Jurong E MRT",66406177,"Jay","West Region","Jurong East",1.33555,103.74417,"Entire home/apt",140,7,1,"27.07.2019",0.91,274,0
"2537","32821141","City-located 1 bedroom loft apartment * BRAND NEW*",66406177,"Jay","Central Region","Rochor",1.30175,103.86128,"Entire home/apt",146,7,2,"06.08.2019",0.38,274,0
"2538","32824620","The Bugis Food Street",236444601,"Jin Chwee","Central Region","Downtown Core",1.29835,103.8557,"Entire home/apt",107,5,5,"20.07.2019",0.92,1,3
"2539","32825957","❀❀❀3BR Spacious Condo @ Boon Keng Area MLS3",8492007,"Alvin","Central Region","Kallang",1.32941,103.86388,"Entire home/apt",289,7,1,"08.07.2019",0.58,203,263
"2540","32837794","Cozy Studio Apt /WIfi @ Orchard/Somerset/City Area",10248444,"Rc","Central Region","River Valley",1.29592,103.83928,"Entire home/apt",135,2,5,"12.08.2019",1.14,48,334
"2541","32852530","Serviced Luxury 2Brm Loft in the Heart of Orchard",153699183,"Matthew","Central Region","Newton",1.30922,103.83066,"Entire home/apt",250,14,1,"04.08.2019",1,1,57
"2542","32852937","☀☀2BR WIFI POOL GYM @Aljunied AR",209913841,"Richards","Central Region","Geylang",1.3133,103.88136,"Entire home/apt",169,3,1,"02.05.2019",0.25,157,321
"2544","32874958","❀❀❀Amazing Spacious 3 Bedroom Unit @ Bugis PS 七",8492007,"Alvin","Central Region","Rochor",1.30085,103.84727,"Entire home/apt",337,7,1,"03.08.2019",1,203,76
"2545","32877386","☀❄2BR Rooftop Pool Near to FortCanningMRT RVP1A",209913841,"Richards","Central Region","Museum",1.29437,103.84241,"Entire home/apt",178,3,2,"07.08.2019",0.9,157,242
"2547","32890965","Cozy and convenient 4BR + 2BAapartment in Central",232352285,"Sunny","Central Region","Bukit Merah",1.29039,103.82838,"Entire home/apt",419,2,3,"09.08.2019",0.76,8,305
"2548","32891648","Cosy 2BR 3BA Condo Near Farrer Park MRT 1分钟到地铁站",232352285,"Sunny","Central Region","Kallang",1.31531,103.85501,"Entire home/apt",260,2,6,"11.06.2019",1.32,8,208
"2549","32892531","Cozy and Nicely new 3BR condo in downtown area",232352285,"Sunny","Central Region","Geylang",1.31194,103.88718,"Entire home/apt",299,2,8,"20.07.2019",1.73,8,303
"2550","32903109","Fresh New Apartment at Club",71047039,"Amelia","Central Region","Outram",1.28153,103.84639,"Entire home/apt",181,3,7,"12.06.2019",1.31,16,34
"2552","32904861","Maple 1 Bedroom at Club",108818897,"Amy","Central Region","Outram",1.28175,103.84536,"Entire home/apt",185,3,5,"21.07.2019",1.05,13,62
"2553","32907309","10 reason to stay- 2 bedroom house-geylang",32184450,"Apollo","Central Region","Geylang",1.31168,103.87623,"Entire home/apt",200,3,4,"05.08.2019",0.86,67,325
"2554","32907905","kondominium farrer park hospital-1 kamar tidur",32184450,"Apollo","Central Region","Kallang",1.31593,103.85336,"Entire home/apt",125,3,2,"03.05.2019",0.46,67,365
"2555","32908869","Less than 5 mins to Orchard",56581820,"Jacelyn","Central Region","Tanglin",1.29339,103.82865,"Entire home/apt",181,4,1,"28.03.2019",0.19,5,180
"2556","32922026","City-located studio loft apartment *BRAND NEW*",66406177,"Jay","Central Region","Kallang",1.30342,103.86172,"Entire home/apt",106,5,1,"23.04.2019",0.23,274,0
"2557","32922175","Trendy & Bright 3BR beside Aljunied MRT",66406177,"Jay","Central Region","Geylang",1.3164,103.88451,"Entire home/apt",165,14,1,"07.04.2019",0.21,274,0
"2560","32945017","Cozy Convenient 4 Bedroom Home @ MRT / CITY",168659658,"Julian","Central Region","Toa Payoh",1.33025,103.86734,"Entire home/apt",349,3,11,"28.07.2019",2.12,9,77
"2561","32946375","Citylights @ Live in the city center 市中心公寓",171083434,"Guoqi","Central Region","Kallang",1.30864,103.86215,"Entire home/apt",181,2,4,"31.03.2019",0.76,1,0
"2562","32947749","PRIME 1-Bedroom apartment~Robertson Quay",21033748,"David","Central Region","River Valley",1.29336,103.83824,"Entire home/apt",131,4,7,"11.08.2019",1.27,1,0
"2563","32954596","Cosy 2BR 3BA Condo Near Farrer Park MRT 1分钟到地铁站",220918641,"Sharon","Central Region","Kallang",1.3154,103.85566,"Entire home/apt",265,2,7,"23.06.2019",1.49,14,327
"2564","32955521","Super big cozy apartment for large group near MRT",220918641,"Sharon","Central Region","Bukit Merah",1.28939,103.82838,"Entire home/apt",419,2,5,"09.08.2019",0.92,14,277
"2565","32965614","♥♥♥ Town house @ Novena 3BR (btk)",31464513,"Darcy","Central Region","Novena",1.32629,103.85036,"Entire home/apt",308,28,1,"18.03.2019",0.18,114,264
"2566","32968093","Cozy 2Bedroom apartment close to MRT",220918641,"Sharon","Central Region","Rochor",1.30909,103.85185,"Entire home/apt",260,2,12,"06.08.2019",2.63,14,329
"2567","32968471","Cosy & relaxing Homestay 3BR 2BA in town",220918641,"Sharon","Central Region","Novena",1.32205,103.84736,"Entire home/apt",381,2,6,"31.07.2019",1.55,14,310
"2568","32970748","2BR 3BA condo with cozy balcony",81596134,"Lucy","Central Region","Kallang",1.31567,103.85592,"Entire home/apt",219,2,5,"05.08.2019",1.25,16,315
"2569","32976976","6pax - Apartment in the heart of Joo Chiat Road!",248187410,"K.","Central Region","Geylang",1.31124,103.9006,"Entire home/apt",111,1,41,"23.08.2019",7.32,2,35
"2570","32995990","Amazing Location 2 Bedroom 2 Bathroom  Apartment !",223622603,"Tanya","Central Region","Rochor",1.30167,103.85027,"Entire home/apt",200,2,13,"08.08.2019",2.71,4,279
"2574","33025531","Private Studio @ Chinatown's Coolest Spot",55611829,"Christine","Central Region","Outram",1.28156,103.84516,"Entire home/apt",150,3,3,"27.07.2019",1.58,15,62
"2576","33026305","Studio for 4pax in Chinatown Eclave!",55611829,"Christine","Central Region","Outram",1.28163,103.84686,"Entire home/apt",160,3,2,"28.04.2019",0.4,15,47
"2586","33050985","S - BEAUTIFUL CHIC 3 BEDROOM APT",239242652,"Shasha","Central Region","Bukit Merah",1.28431,103.83306,"Entire home/apt",243,2,2,"02.07.2019",0.65,25,328
"2587","33053615","S - Charming City Studio in Tiong Bahru",239242652,"Shasha","Central Region","Bukit Merah",1.28389,103.83046,"Entire home/apt",125,2,5,"06.08.2019",0.95,25,292
"2588","33055288","Affordable Studio in Shophouse along Havelock Road",230280001,"Stacy","Central Region","Bukit Merah",1.28844,103.82918,"Entire home/apt",99,5,3,"07.08.2019",0.75,18,59
"2589","33057988","Spacious Studio in Shophouse Along Havelock Rd",230280001,"Stacy","Central Region","Bukit Merah",1.28898,103.82767,"Entire home/apt",99,5,2,"16.08.2019",0.48,18,64
"2590","33059886","2BR CONDO* CITY VIEW* SKY PARK@CBD市中心高层海湾景*新高级公寓",39207304,"Sophie","Central Region","Kallang",1.30302,103.86172,"Entire home/apt",281,7,16,"13.08.2019",2.89,12,128
"2598","33083022","❀1BR @ Balestier Jalan Rajah",8492007,"Alvin","Central Region","Novena",1.32829,103.84735,"Entire home/apt",118,5,2,"17.06.2019",0.69,203,333
"2599","33088273","BALESTIER- 1 bedroom",32184450,"Apollo","Central Region","Novena",1.32807,103.84729,"Entire home/apt",100,3,2,"24.06.2019",0.58,67,327
"2600","33123681","Orchard and Marina cosy apt near CBD [市区整套时尚公寓]",249353341,"Fiona","Central Region","Geylang",1.3143,103.88271,"Entire home/apt",118,1,8,"09.08.2019",1.55,1,107
"2602","33148773","3BR CONDO SEAVIEW@CBD市中心全海景新高级公寓",189326474,"Kiwi Sg Home","Central Region","Rochor",1.30208,103.86187,"Entire home/apt",528,7,14,"24.08.2019",2.9,10,161
"2603","33168542","4BR Cozy in Orchard Road.",249311381,"Ngoc","Central Region","Orchard",1.30357,103.83345,"Entire home/apt",450,2,3,"09.08.2019",1.38,3,51
"2604","33172452","S - Brand New Dazzling Studio at Tiong Bahru",239242652,"Shasha","Central Region","Bukit Merah",1.28476,103.8338,"Entire home/apt",132,2,1,"20.03.2019",0.19,25,331
"2605","33172596","S - Cozy City Studio at Tiong Bahru",239242652,"Shasha","Central Region","Bukit Merah",1.28329,103.83375,"Entire home/apt",111,2,4,"11.08.2019",0.74,25,333
"2608","33174391","❀❀Amazing Spacious 2 Bedroom Unit @ Balestier BL5",8492007,"Alvin","Central Region","Novena",1.32353,103.85207,"Entire home/apt",218,3,1,"25.04.2019",0.24,203,260
"2614","33230865","S - Modern Luxe City Apt @ Tiong Bahru",239242652,"Shasha","Central Region","Bukit Merah",1.28376,103.83533,"Entire home/apt",129,2,1,"22.03.2019",0.19,25,303
"2615","33231437","H - Charming City Studio in Tiong Bahru",225666624,"Han","Central Region","Bukit Merah",1.28204,103.83088,"Entire home/apt",122,1,12,"03.08.2019",2.25,24,292
"2616","33232136","Cozy Spacious Attic 1 BR in Chinatown!",55611829,"Christine","Central Region","Outram",1.28173,103.84536,"Entire home/apt",149,3,2,"16.04.2019",0.4,15,64
"2617","33233259","One Bedroom Cozy Studio Apartment @ Robertson Quay",99033830,"Estelle","Central Region","River Valley",1.29275,103.83864,"Entire home/apt",219,13,1,"05.05.2019",0.26,1,334
"2618","33259000","S - SPACIOUS QUIET 1 BEDROOM CITY APT",239242652,"Shasha","Central Region","Bukit Merah",1.28283,103.83153,"Entire home/apt",132,1,1,"23.03.2019",0.19,25,266
"2619","33259308","S - Luxe Modern Cozy Studio @ City",239242652,"Shasha","Central Region","Bukit Merah",1.28236,103.83243,"Entire home/apt",104,1,6,"11.08.2019",1.13,25,277
"2621","33320480","☀ HUGE & MODERN 2BR w/ QUEEN SIZE BED FOR STAY ☀",219550151,"Rain","Central Region","Kallang",1.32174,103.86343,"Entire home/apt",199,7,3,"31.05.2019",0.69,113,115
"2622","33321325","☀ CLEAN AND SPACIOUS 3BR w/ QUEEN BEDS FOR STAY ☀",219550151,"Rain","Central Region","Kallang",1.32191,103.86396,"Entire home/apt",287,7,2,"19.07.2019",0.53,113,180
"2623","33325454","Cosy Loft Apt with 2BRs in city全新近地铁市区复式公寓@MRT",80570036,"Chris","Central Region","Geylang",1.31038,103.88391,"Entire home/apt",169,1,5,"04.08.2019",1.26,22,147
"2624","33331298","*NEW* Modern priv 2BR apt in the heart of Orchard",126737279,"Char","Central Region","Museum",1.29835,103.84346,"Entire home/apt",287,2,22,"18.08.2019",4.43,3,22
"2625","33333319","Cosy & amazing 2BR near city @Aljunied",251029061,"Jenny","Central Region","Geylang",1.313,103.8853,"Entire home/apt",190,1,4,"09.07.2019",0.79,2,120
"2627","33333684","Central 1BR Suite in Chinatown/CBD above MRT (#65)",20870482,"Win","Central Region","Outram",1.28002,103.84027,"Entire home/apt",240,3,2,"09.08.2019",0.67,9,62
"2628","33347361","Cosy 1BR apt in CBD 5min to Tanjong Pagar Mrt",66406177,"Jay","Central Region","Downtown Core",1.27561,103.84362,"Entire home/apt",153,7,1,"03.08.2019",1,274,3
"2633","33351065","Lovely Modern Home Heart of City near Dhoby Ghaut",39207304,"Sophie","Central Region","Museum",1.29993,103.84724,"Entire home/apt",208,7,9,"15.08.2019",1.74,12,94
"2634","33362761","Serene 2 Bedroom Apartment",43591543,"Donald","North Region","Yishun",1.41647,103.83438,"Entire home/apt",181,7,10,"14.08.2019",2.29,15,236
"2635","33375446","NEW Luxurious 2BR Apt @ ORCHARD(7mins walk to MRT)",250857709,"Jessica","Central Region","Newton",1.30005,103.84303,"Entire home/apt",287,2,9,"22.08.2019",2.43,1,47
"2637","33376230","☀ CLEAN AND SPACIOUS 3BR w/ QUEEN BEDS FOR STAY ☀",219550151,"Rain","Central Region","Geylang",1.31284,103.88824,"Entire home/apt",237,3,1,"16.05.2019",0.29,113,0
"2641","33376775","☀CLEAN & MODERN LOFT APT w/ QUEEN BED FOR STAY ☀",219550151,"Rain","Central Region","Geylang",1.31569,103.89675,"Entire home/apt",158,3,1,"20.07.2019",0.75,113,359
"2642","33388955","Spacious 1 Br very close to MRT",42295661,"Bella","Central Region","Rochor",1.30983,103.85372,"Entire home/apt",135,2,5,"14.08.2019",2.42,8,243
"2643","33405725","☀ CLEAN AND SPACIOUS 3BR w/ QUEEN BEDS FOR STAY ☀",219550151,"Rain","Central Region","Geylang",1.31311,103.88862,"Entire home/apt",237,3,1,"17.07.2019",0.7,113,365
"2647","33429817","Classic 1BR apartment located in Orchard",238195069,"Jo","Central Region","Tanglin",1.31071,103.82708,"Entire home/apt",135,3,39,"21.08.2019",8.07,5,160
"2648","33431202","Cozy 1BR Grand Premier apartment at Orchard Road",238195069,"Jo","Central Region","Tanglin",1.31129,103.82515,"Entire home/apt",169,3,2,"24.07.2019",0.59,5,167
"2651","33457205","Good 2 bedroom apartment near MRT and many malls.",247914709,"Chris","Central Region","Geylang",1.3134,103.89316,"Entire home/apt",199,1,8,"04.08.2019",2.03,4,339
"2655","33488331","City View Brand New Modern 2BR + Loft near MRT",43591543,"Donald","Central Region","Downtown Core",1.29806,103.85851,"Entire home/apt",337,5,20,"24.08.2019",4.38,15,119
"2656","33499494","6BR+5BA Enjoy Whole Floor in Central Singapore",56158235,"Vivian","Central Region","River Valley",1.29884,103.83583,"Entire home/apt",660,2,2,"26.07.2019",0.66,5,277
"2657","33499796","Cozy 2BR Deluxe apartment at Orchard Road",238195069,"Jo","Central Region","Tanglin",1.3098,103.82543,"Entire home/apt",169,3,11,"16.08.2019",2.62,5,165
"2661","33500211","CLASSIC EN-SUITE 4BR+4BA AT CENTRAL ORACHRD 313",56158235,"Vivian","Central Region","River Valley",1.29705,103.83653,"Entire home/apt",399,2,2,"11.08.2019",0.95,5,304
"2664","33500522","☀ HUGE & SPACIOUS 2BR w/ QUEEN BED FOR STAY ☀",219550151,"Rain","Central Region","Geylang",1.31431,103.89804,"Entire home/apt",178,3,1,"19.08.2019",1,113,365
"2665","33500731","☀ HUGE & SPACIOUS 3BR w/ QUEEN BEDS FOR STAY ☀",219550151,"Rain","Central Region","Geylang",1.31006,103.87815,"Entire home/apt",237,3,6,"17.07.2019",1.61,113,0
"2666","33501399","S -  Sunlit Charismatic Art Deco Studio @ City",239242652,"Shasha","Central Region","Bukit Merah",1.28365,103.83157,"Entire home/apt",132,1,2,"13.08.2019",2,25,314
"2667","33502141","☀ HUGE & MODERN 3BR w/ QUEEN BED FOR STAY ☀",219550151,"Rain","Central Region","Geylang",1.30972,103.87752,"Entire home/apt",237,3,4,"04.07.2019",0.96,113,356
"2668","33502235","☀ CLEAN AND SPACIOUS 2BR w/ QUEEN BEDS FOR STAY ☀",219550151,"Rain","Central Region","Geylang",1.31015,103.87672,"Entire home/apt",199,3,1,"15.07.2019",0.67,113,360
"2671","33502434","☀ COSY & MODERN 2BR w/ QUEEN BED FOR STAY ☀",219550151,"Rain","Central Region","Geylang",1.31134,103.87761,"Entire home/apt",199,3,1,"02.07.2019",0.52,113,365
"2675","33503145","☀ BEAUTIFUL & MODERN 2BR w/ QUEEN BED FOR STAY ☀",219550151,"Rain","Central Region","Geylang",1.31512,103.89682,"Entire home/apt",208,3,1,"01.06.2019",0.34,113,365
"2677","33503388","Cozy 2BR Premier Apartment located at Orchard road",238195069,"Jo","Central Region","Newton",1.30967,103.82707,"Entire home/apt",187,3,5,"29.07.2019",1.28,5,167
"2678","33506058","3BR high floor luxury apartment  near CBD1 minMRT",158218013,"Z","Central Region","Downtown Core",1.27501,103.84558,"Entire home/apt",399,2,20,"27.07.2019",4.92,7,264
"2679","33511907","Entire 2 bedroom condo flat",247914709,"Chris","Central Region","Geylang",1.31492,103.89453,"Entire home/apt",199,1,11,"01.08.2019",2.29,4,343
"2680","33519561","Centrally-located Cozy Loft Near 3 MRT Lines市中心夜景房",250510187,"Dian","Central Region","Kallang",1.31214,103.85918,"Entire home/apt",265,2,10,"12.08.2019",2.33,7,338
"2681","33530541","♥1BR Farrer Park MRT Suite (js1)",31464513,"Darcy","Central Region","Kallang",1.31623,103.85547,"Entire home/apt",135,5,2,"03.08.2019",0.41,114,341
"2683","33562738","CBD studio apartment mins away to MRT",66406177,"Jay","Central Region","Downtown Core",1.27487,103.8449,"Entire home/apt",137,30,2,"31.07.2019",1,274,306
"2684","33563059","Apartment near subway/bus station supermarket/food",45735223,"Ben","Central Region","Geylang",1.31507,103.88652,"Entire home/apt",199,2,2,"27.07.2019",0.46,1,123
"2685","33563721","Amazing Spacious 1 Bedroom Apt @ Farrer Park RG1",35691521,"Vinn","Central Region","Kallang",1.31413,103.85315,"Entire home/apt",128,3,1,"03.08.2019",1,45,349
"2686","33563896","Amazing Spacious 1 Bedroom Unit @ Farrer Park RG2",35691521,"Vinn","Central Region","Kallang",1.31396,103.85477,"Entire home/apt",126,3,1,"23.07.2019",0.81,45,325
"2688","33593577","S - Plush City Studio @ Tiong Bahru",239242652,"Shasha","Central Region","Bukit Merah",1.28168,103.83039,"Entire home/apt",125,2,2,"15.06.2019",0.53,25,291
"2692","33604276","Spacious Studio in the Heart Of the city",42295661,"Bella","Central Region","Rochor",1.31005,103.85264,"Entire home/apt",115,2,7,"23.08.2019",3.5,8,253
"2693","33634552","Luxurious Studio  in the heart of the city.",42295661,"Bella","Central Region","Rochor",1.30976,103.85223,"Entire home/apt",124,2,8,"27.08.2019",2.96,8,250
"2694","33644981","lovely 2 bed room downtown condo",117734470,"Mandelyn","Central Region","Novena",1.32293,103.85178,"Entire home/apt",199,3,11,"16.08.2019",2.68,8,116
"2701","33669171","Cozy Studio Centrally Located Near to Mrt",42295661,"Bella","Central Region","Rochor",1.31009,103.85392,"Entire home/apt",125,1,12,"26.08.2019",4.74,8,247
"2702","33678136","文庆",146295184,"Tony","Central Region","Kallang",1.32914,103.8639,"Entire home/apt",100,100,1,"07.04.2019",0.21,1,179
"2704","33692301","☀ BEAUTIFUL & COSY 4BR w/ QUEEN BEDS FOR STAY ☀",219550151,"Rain","Central Region","Novena",1.32439,103.85247,"Entire home/apt",399,7,2,"06.08.2019",0.48,113,360
"2707","33704246","Luxury 3BR condo near Bugis Next to MRT*市中心高级度假公寓",39207304,"Sophie","Central Region","Kallang",1.30238,103.86289,"Entire home/apt",368,7,15,"15.08.2019",3.26,12,146
"2708","33705160","【❤TOP PICK!】Altus Suite@City Center【Marina Bay】",250826608,"Be My Home","Central Region","Downtown Core",1.28026,103.85344,"Entire home/apt",281,3,33,"24.08.2019",7.23,2,67
"2709","33705364","Little India homes",155391722,"Steven","Central Region","Geylang",1.31188,103.88178,"Entire home/apt",165,2,16,"20.08.2019",4.71,3,210
"2713","33723520","Wonderful studio apartment with beautiful facility",3297430,"Daniel","North-East Region","Hougang",1.36208,103.8906,"Entire home/apt",75,5,1,"12.05.2019",0.28,1,0
"2714","33723712","☀ BEAUTIFUL & MODERN 2BR w/ QUEEN BEDS FOR STAY ☀",219550151,"Rain","Central Region","Kallang",1.32759,103.86528,"Entire home/apt",208,7,1,"05.05.2019",0.26,113,365
"2716","33753402","Luxury seaview condo next to MRT",39207304,"Sophie","Central Region","Kallang",1.30354,103.86332,"Entire home/apt",558,15,1,"07.07.2019",0.57,12,165
"2717","33753429","☀ CLEAN & SPACIOUS 3BR w/ QUEEN BEDS FOR STAY ☀",219550151,"Rain","Central Region","Rochor",1.30071,103.84776,"Entire home/apt",287,4,2,"28.07.2019",0.74,113,304
"2729","33764382","✪Amazing Spacious 1 Bedroom @ Farrer Park Near 1FP",8492007,"Alvin","Central Region","Kallang",1.31391,103.85352,"Entire home/apt",137,14,1,"30.04.2019",0.25,203,365
"2730","33767653","New Loft Studio near Bugis for min 3 months",8703688,"Nawan","Central Region","Rochor",1.30145,103.86154,"Entire home/apt",75,90,1,"30.07.2019",1,3,40
"2737","33782992","Charming 2-Bedroom Tiong Bahru Apt with Park View",17695743,"Alexis","Central Region","Bukit Merah",1.28417,103.83107,"Entire home/apt",250,2,8,"21.08.2019",2.26,1,24
"2740","33795262","CUSHY STUDIO APT @ ORCHARD/SOMERSET",223263203,"Joel","Central Region","River Valley",1.2965,103.83999,"Entire home/apt",150,2,15,"20.08.2019",3.36,3,324
"2741","33809204","2 BR Amazing view on Marina Bay & sea!",21368746,"J.","Central Region","Kallang",1.30792,103.86182,"Entire home/apt",250,2,1,"22.04.2019",0.23,1,0
"2742","33812529","Luxury studio @ Bugis MRT & Arab St",22274940,"Squirrel Homes","Central Region","Downtown Core",1.30036,103.85771,"Entire home/apt",158,3,12,"25.08.2019",2.79,2,58
"2743","33813389","S - Comfy Quiet Studio @ City",239242652,"Shasha","Central Region","Bukit Merah",1.28235,103.83147,"Entire home/apt",132,2,2,"23.05.2019",0.61,25,312
"2744","33820467","Family suite",255346539,"Sarah","East Region","Bedok",1.31554,103.96093,"Entire home/apt",250,1,4,"10.08.2019",0.88,2,86
"2745","33823127","2Bed Room Luxury Suite near Ochard RoadnextMRT",158218013,"Z","Central Region","River Valley",1.29524,103.83787,"Entire home/apt",249,1,20,"01.08.2019",4.69,7,6
"2746","33824663","Centralized 3BRs Living near Orchard Rd市中心公寓@MRT",80570036,"Chris","Central Region","Novena",1.31675,103.84211,"Entire home/apt",239,1,7,"06.08.2019",2.12,22,143
"2747","33825643","3BRs in good location近地铁市区公寓@MRT&Food Street",80570036,"Chris","Central Region","Geylang",1.31373,103.87619,"Entire home/apt",199,1,6,"13.08.2019",1.54,22,134
"2748","33828050","❥❥Traditional Walk Up Studio Suite@Farrer Park RC1",8492007,"Alvin","Central Region","Kallang",1.31638,103.85701,"Entire home/apt",118,3,2,"30.06.2019",0.47,203,338
"2750","33828484","❥❥Walk up Country Feeling Home Studio Near MRT RC2",8492007,"Alvin","Central Region","Kallang",1.31464,103.85769,"Entire home/apt",118,3,2,"16.05.2019",0.53,203,358
"2752","33828565","Heritage Studio @ Farrer Park MRT 1",29420853,"Aaron","Central Region","Kallang",1.31686,103.85833,"Entire home/apt",108,3,1,"16.04.2019",0.22,141,338
"2755","33828837","Heritage Studio @ Farrer Park MRT 2",29420853,"Aaron","Central Region","Kallang",1.31691,103.85846,"Entire home/apt",108,3,11,"26.08.2019",2.7,141,345
"2756","33829025","shophouse style- 1 bedroom",32184450,"Apollo","Central Region","Kallang",1.31542,103.85905,"Entire home/apt",119,3,1,"10.06.2019",0.37,67,365
"2758","33836101","Cosy Soho 1 bedroom condominium at by east coast",40375561,"Bin","Central Region","Marine Parade",1.30026,103.90174,"Entire home/apt",99,2,1,"15.04.2019",0.22,1,126
"2759","33837674","2Br Apt near Bugis and Rochor MRT in BUGIS area",249311381,"Ngoc","Central Region","Rochor",1.30131,103.85192,"Entire home/apt",208,2,8,"21.08.2019",3.16,3,96
"2760","33841403","Raffles Place Sea View 1BR Condo",7240131,"Kévin","Central Region","Downtown Core",1.27682,103.84939,"Entire home/apt",200,2,3,"14.07.2019",1,1,45
"2761","33871416","Cosy Studio NEAR MRT / CENTRAL / ORCHARD / BUGIS",164236161,"The Nest","Central Region","Geylang",1.31922,103.88202,"Entire home/apt",99,3,16,"18.08.2019",3.69,1,45
"2762","33873173","Maxi Couple Executive Suite",255346539,"Sarah","East Region","Bedok",1.31476,103.96035,"Entire home/apt",181,1,5,"10.08.2019",2.5,2,86
"2764","33883581","☀ COSY & SPACIOUS 3BR w/ QUEEN BEDS FOR STAY ☀",219550151,"Rain","Central Region","Geylang",1.31178,103.87637,"Entire home/apt",237,3,1,"28.06.2019",0.48,113,356
"2765","33885719","☀ HUGE & MODERN 3BR w/ QUEEN SIZE BEDS FOR STAY ☀",219550151,"Rain","Central Region","River Valley",1.29543,103.84122,"Entire home/apt",278,5,3,"10.07.2019",1.41,113,341
"2768","33889823","Central Singapore Living!  Super Comfortable Condo",48456754,"Michael","Central Region","Outram",1.27763,103.84164,"Entire home/apt",181,4,3,"24.07.2019",0.93,1,284
"2770","33915229","1 Bedroom 1min Walk to Farrer Park MRT",29420853,"Aaron","Central Region","Kallang",1.31372,103.85462,"Entire home/apt",131,10,1,"24.04.2019",0.24,141,340
"2771","33915280","Modern apt near downtown with awsome facility 秘密花园",250510187,"Dian","Central Region","Bukit Timah",1.3436,103.77051,"Entire home/apt",200,2,4,"26.07.2019",1.1,7,346
"2772","33915486","Original conservation house in quaint central area",256124492,"Pav","Central Region","Kallang",1.32204,103.85708,"Entire home/apt",81,4,5,"31.05.2019",1.24,1,0
"2774","33919675","❀❀2BR Beautiful Walk Up Apt @ Farrer Park RC4",209913841,"Richards","Central Region","Kallang",1.31505,103.85854,"Entire home/apt",168,3,5,"27.07.2019",1.27,157,279
"2775","33920342","City-located Studio apartment *BRAND NEW*",66406177,"Jay","Central Region","Kallang",1.30294,103.86288,"Entire home/apt",106,30,1,"21.07.2019",0.77,274,257
"2778","33921915","2BR Opposite Zhongshan Mall (btk)",32184450,"Apollo","Central Region","Novena",1.32665,103.84641,"Entire home/apt",181,8,1,"27.04.2019",0.24,67,178
"2779","33922412","Central 2BR Downtown Harbour Views CBD Chinatown",71585233,"Alex","Central Region","Downtown Core",1.27653,103.84633,"Entire home/apt",319,1,22,"26.08.2019",5.95,5,273
"2780","33943953","Pan Pacific Serviced Suites Orchard-1BR Executive",225641992,"David","Central Region","Orchard",1.30161,103.83733,"Entire home/apt",340,6,1,"22.06.2019",0.44,6,300
"2781","33944471","☀ BEAUTIFUL & COSY 3BR w/ QUEEN BEDS FOR STAY ☀",219550151,"Rain","Central Region","Kallang",1.31682,103.85866,"Entire home/apt",287,3,1,"07.05.2019",0.26,113,365
"2782","33947133","Pan Pacific Serviced Suites Orchard-1BR Deluxe",225641992,"David","Central Region","Orchard",1.30039,103.8391,"Entire home/apt",308,6,1,"24.06.2019",0.45,6,314
"2783","33948359","☀ BEAUTIFUL & HUGE 3BR w/ QUEEN BEDS FOR STAY ☀",219550151,"Rain","Central Region","Kallang",1.32042,103.86303,"Entire home/apt",268,7,1,"04.08.2019",1,113,365
"2784","33950333","Pan Pacific Serviced Suites Orchard-1BR Premium",225641992,"David","Central Region","Orchard",1.30157,103.83865,"Entire home/apt",350,6,1,"28.06.2019",0.48,6,300
"2785","33950965","City-located 1 bedroom apartment",66406177,"Jay","Central Region","Kallang",1.30217,103.86283,"Entire home/apt",136,7,1,"15.07.2019",0.67,274,0
"2788","33957968","Cozy condo with nice view near farrer park mrt",232352285,"Sunny","Central Region","Kallang",1.31686,103.85333,"Entire home/apt",240,2,7,"27.07.2019",1.79,8,354
"2789","33963330","Breezy High floor 3BR Premium Condo next to MRT",43591543,"Donald","Central Region","Downtown Core",1.28957,103.86431,"Entire home/apt",418,7,13,"15.08.2019",3.36,15,132
"2790","33972677","+Vintage x Modern studio @ Farrer Park (rcr)",31464513,"Darcy","Central Region","Kallang",1.31678,103.85717,"Entire home/apt",122,5,2,"27.06.2019",0.6,114,335
"2800","33977228","❀Amazing Spacious Studio Walk Up @Farrer Park RC3",209913841,"Richards","Central Region","Kallang",1.31641,103.85722,"Entire home/apt",118,3,1,"09.06.2019",0.37,157,335
"2805","34007273","Ben's Luxe",8527085,"Ben","Central Region","Downtown Core",1.28138,103.84931,"Entire home/apt",319,2,5,"02.08.2019",1.27,38,347
"2806","34014701","Studio apartment marina bay view",31773419,"Teo","Central Region","Downtown Core",1.27599,103.84824,"Entire home/apt",193,1,7,"29.07.2019",1.65,5,162
"2809","34033081","Beautiful Loft Apartment in the Heart of the City!",248187410,"K.","Central Region","Museum",1.29488,103.84238,"Entire home/apt",89,1,19,"16.08.2019",4.96,2,23
"2810","34045386","Cosy & Comfort Home in Downtown",250510187,"Dian","Central Region","Rochor",1.31294,103.85464,"Entire home/apt",229,2,3,"05.08.2019",0.77,7,340
"2811","34046610","Beside BUGIS HAJI lane APTwith awesome facility哈之阁",211210302,"Sunny&Lucy","Central Region","Kallang",1.3026,103.86276,"Entire home/apt",385,2,3,"28.06.2019",0.77,4,307
"2812","34050464","Prime Central NEW Studio Apt-Orchard/Somerset Area",10248444,"Rc","Central Region","River Valley",1.29609,103.83924,"Entire home/apt",139,2,1,"04.08.2019",1,48,315
"2813","34051104","CITY Central Modern Studio Apt @ Somerset/Orchard",10248444,"Rc","Central Region","River Valley",1.29703,103.83843,"Entire home/apt",131,2,2,"02.08.2019",1.62,48,334
"2815","34053192","NEW Cosy Central Studio Apt w Balcony@Orchard Area",61619807,"Ong","Central Region","River Valley",1.29681,103.83844,"Entire home/apt",137,2,2,"01.08.2019",1.67,27,305
"2816","34056967","Centrally Located Compact Studio Apt near Orchard",109333133,"Pat","Central Region","River Valley",1.29513,103.83955,"Entire home/apt",115,2,3,"02.08.2019",1.18,18,331
"2817","34057167","City Elite 1 BR studio Apt @Orchard/Somerset Area",46685310,"L","Central Region","River Valley",1.2975,103.83804,"Entire home/apt",119,2,6,"09.08.2019",1.84,28,341
"2820","34067159","☀ HUGE & COSY 3BR w/ QUEEN BEDS FOR STAY ☀",219550151,"Rain","Central Region","Rochor",1.301,103.84706,"Entire home/apt",287,5,2,"23.06.2019",0.71,113,115
"2822","34082227","2.5 Bedrooms Summer Penthouse @Farrer Park Station",243620110,"Adam","Central Region","Rochor",1.31254,103.8541,"Entire home/apt",219,1,11,"27.08.2019",2.73,1,57
"2823","34098015","Luxury 2 bed 2 bath apartment with private lift!",57612875,"Ray","Central Region","Geylang",1.31368,103.89405,"Entire home/apt",185,2,17,"26.08.2019",5,3,248
"2831","34136663","Outram Sunlight Penthouse",108818897,"Amy","Central Region","Bukit Merah",1.2849,103.83448,"Entire home/apt",200,3,1,"17.05.2019",0.29,13,55
"2833","34137084","Outram Exciting Loft",108818897,"Amy","Central Region","Bukit Merah",1.28539,103.83438,"Entire home/apt",181,3,1,"13.05.2019",0.28,13,35
"2834","34138136","Brand New City Fringe 2bedrm Condo for up to 6pax",256628983,"Tina","Central Region","Novena",1.32634,103.85041,"Entire home/apt",215,30,3,"16.05.2019",0.73,2,137
"2835","34140701","Quiet and warm home in city center   0106",189326474,"Kiwi Sg Home","Central Region","Rochor",1.3016,103.84734,"Entire home/apt",278,7,5,"17.08.2019",1.39,10,84
"2838","34157338","1br cosy apt 3 mins walk to Jurong E. MRT",66406177,"Jay","North Region","Central Water Catchment",1.35153,103.82046,"Entire home/apt",129,30,1,"29.05.2019",0.33,274,240
"2840","34162194","☀ BEAUTIFUL & SPACIOUS 4BR w/ QUEEN BEDS FOR STAY☀",219550151,"Rain","Central Region","Geylang",1.31194,103.88584,"Entire home/apt",349,3,5,"02.07.2019",1.52,113,0
"2844","34165151","Relax Studio 1 min walk to Tiong Bahru Pau & Snack",183618288,"Jimmy","Central Region","Bukit Merah",1.28409,103.83457,"Entire home/apt",119,3,1,"16.06.2019",0.41,30,75
"2845","34165153","Comfy Studio with Cafe Neighbourhood",183618288,"Jimmy","Central Region","Bukit Merah",1.28595,103.83411,"Entire home/apt",119,3,1,"26.05.2019",0.32,30,7
"2846","34173829","Modern Attic House In Downtown",250510187,"Dian","Central Region","Rochor",1.30201,103.86167,"Entire home/apt",300,2,1,"05.05.2019",0.26,7,320
"2847","34183884","☀ MODERN & COSY 3BR @ SSP FOR STAY ☀",219550151,"Rain","Central Region","Rochor",1.30091,103.85157,"Entire home/apt",287,5,4,"04.08.2019",1.03,113,270
"2851","34189756","Charming 2 bedrooms near orchard road.",258072880,"Jerry","Central Region","Tanglin",1.29443,103.82738,"Entire home/apt",181,1,7,"08.08.2019",2.69,4,59
"2852","34190383","3 bedderS near Queenstown MRT.三个卧室的公寓靠近女皇镇地铁站｡",258072880,"Jerry","Central Region","Queenstown",1.2903,103.80651,"Entire home/apt",249,1,5,"30.06.2019",1.21,4,69
"2853","34191984","2 bds apartment near Queenstown MRT.靠近女皇镇地铁",258072880,"Jerry","Central Region","Bukit Merah",1.29195,103.80839,"Entire home/apt",158,1,10,"12.08.2019",2.48,4,65
"2854","34192278","Singapore apartment",258072880,"Jerry","Central Region","River Valley",1.29353,103.8362,"Entire home/apt",249,1,7,"03.08.2019",1.74,4,20
"2855","34193239","Cozy Beach Style Big Unit Farrer Park MRT 1-5pax",248785109,"Jonas","Central Region","Kallang",1.30896,103.85743,"Entire home/apt",250,2,4,"19.05.2019",0.98,1,74
"2856","34231604","Cozy Beach Style Unit Farrer Park MRT SG Central",148489389,"UniWorld","Central Region","Kallang",1.30961,103.85738,"Entire home/apt",190,1,12,"28.07.2019",3.08,3,71
"2857","34233459","Cozy & Modern Studio in Town near Bugis 观景舍",206696856,"Moon&Kim","Central Region","Kallang",1.30289,103.86185,"Entire home/apt",300,2,6,"07.08.2019",1.88,6,359
"2859","34272851","*New* 2 Bedroom With Private Pool Access",101040883,"Ailyn","East Region","Bedok",1.31235,103.92312,"Entire home/apt",199,1,7,"13.08.2019",2.53,6,303
"2860","34287465","Central Condo: Comfortable and well-furnished",5581515,"Adam","Central Region","Rochor",1.30127,103.85345,"Entire home/apt",165,5,3,"01.07.2019",1.05,2,0
"2861","34288021","81-SG. 2 bedroom apartment with great view",45425016,"Dt","Central Region","Geylang",1.31594,103.88772,"Entire home/apt",165,1,13,"12.08.2019",3.79,2,120
"2862","34295013","1 Min MRT Central area Entire High view近地铁市中央区整套公寓",58692882,"Lily","Central Region","Downtown Core",1.27702,103.84678,"Entire home/apt",268,2,7,"09.08.2019",2.47,12,21
"2865","34301213","Cosy Spacious House at Bukit Panjang",1214246,"Hossein","West Region","Choa Chu Kang",1.38139,103.75942,"Entire home/apt",181,1,2,"15.07.2019",0.76,1,8
"2869","34354471","U-U-Inn",259365784,"Wei","North-East Region","Sengkang",1.38583,103.89475,"Entire home/apt",119,1,5,"25.08.2019",3.66,1,85
"2875","34378956","3 Bedroom Very Near Dhoby Ghaut MRT SL",29420853,"Aaron","Central Region","Rochor",1.30218,103.8482,"Entire home/apt",268,3,3,"31.07.2019",0.79,141,246
"2876","34381410","Nearby Clarke quay MRT Central area nice view克拉码头",58692882,"Lily","Central Region","Singapore River",1.2882,103.8477,"Entire home/apt",287,2,1,"19.05.2019",0.29,12,35
"2877","34436941","Awesome apt",250510187,"Dian","Central Region","Kallang",1.30347,103.86179,"Entire home/apt",181,2,2,"19.05.2019",0.55,7,208
"2878","34437608","Sweet CBD 2BR Holiday Resort High Floor near MRT",43591543,"Donald","Central Region","Downtown Core",1.28105,103.84893,"Entire home/apt",428,5,8,"23.08.2019",2.18,15,155
"2879","34438493","Studio with Holiday Style Facilities next to MRT",43591543,"Donald","North Region","Yishun",1.41718,103.83231,"Entire home/apt",137,10,4,"12.08.2019",1.45,15,135
"2881","34449189","☀ BEAUTIFUL & SPACIOUS 4BR w/ QUEEN BEDS FOR STAY☀",219550151,"Rain","Central Region","Geylang",1.31342,103.88682,"Entire home/apt",349,3,2,"22.06.2019",0.76,113,0
"2883","34450021","☀ MODERN & COSY 2BR @ SSP FOR STAY☀",219550151,"Rain","Central Region","Rochor",1.29946,103.8514,"Entire home/apt",208,6,1,"09.08.2019",1,113,294
"2885","34453182","Amazing Spacious 1 Bedroom Apt @ Boon Keng ERS1B",159804766,"Xiaoyu","Central Region","Kallang",1.32145,103.8637,"Entire home/apt",150,7,1,"07.05.2019",0.26,79,335
"2888","34456405","Raffles-inspired Suite in Heritage Shophouse!",15655586,"Shuying","Central Region","Kallang",1.31138,103.85729,"Entire home/apt",160,29,1,"04.08.2019",1,12,78
"2889","34458052","Bencoolen Loft Apartment in Heritage Shophouse!",15655586,"Shuying","Central Region","Kallang",1.31178,103.85753,"Entire home/apt",143,29,2,"31.07.2019",0.73,12,79
"2891","34459924","Mountbatten Suite in Heritage/Colonial Shophouse!",15655586,"Shuying","Central Region","Kallang",1.31297,103.85888,"Entire home/apt",149,29,5,"12.06.2019",1.49,12,60
"2894","34469560","★Superb Location @ Bugis City Central 超值民宿★",238709651,"Zoe & Friends","Central Region","Rochor",1.30328,103.85224,"Entire home/apt",319,2,3,"14.07.2019",1.22,3,243
"2897","34483315","S - Brand New Airy & Stylish Loft @ City",239242652,"Shasha","Central Region","Tanglin",1.29252,103.83126,"Entire home/apt",132,2,7,"10.08.2019",1.86,25,294
"2900","34489972","A - Charming City Studio in Tiong Bahru",225311799,"Ada","Central Region","Bukit Merah",1.28193,103.83172,"Entire home/apt",125,1,2,"27.07.2019",1.43,30,292
"2901","34500535","Comfort Dynamic Staying House",244876568,"Tiffany","Central Region","Kallang",1.31573,103.85524,"Entire home/apt",219,2,7,"13.08.2019",2.56,2,340
"2902","34513834","☀ COSY & MODERN STUDIO w/ QUEEN BED FOR STAY☀",219550151,"Rain","Central Region","Kallang",1.31517,103.85716,"Entire home/apt",128,4,1,"18.05.2019",0.29,113,356
"2903","34514005","☀ COSY & SPACIOUS 3BR w/ QUEEN BEDS FOR STAY☀",219550151,"Rain","Central Region","River Valley",1.29443,103.83773,"Entire home/apt",249,5,1,"06.08.2019",1,113,300
"2905","34517790","☀ BEAUTIFUL & SPACIOUS 3BR w/ @ SSP FOR STAY☀",219550151,"Rain","Central Region","Rochor",1.29957,103.85141,"Entire home/apt",287,5,3,"16.07.2019",0.89,113,270
"2906","34521183","2BR cosy condo minutes from Orchard pool gym",259938828,"Abba","Central Region","Rochor",1.30189,103.84804,"Entire home/apt",190,1,5,"22.08.2019",2.14,1,139
"2907","34526007","Luxurious 1 Br very close to MRT",42295661,"Bella","Central Region","Rochor",1.30947,103.85389,"Entire home/apt",131,2,7,"25.08.2019",2.88,8,328
"2908","34530939","NEW! Clean & Cosy 2BR In City /Close To MRT",28004549,"Kenneth","Central Region","Kallang",1.30937,103.87062,"Entire home/apt",211,3,18,"22.08.2019",4.86,6,114
"2909","34534764","Modern Attic House In Downtown",244876568,"Tiffany","Central Region","Rochor",1.30123,103.86125,"Entire home/apt",310,2,8,"08.08.2019",2.38,2,320
"2911","34579218","Cosy & Spacious 2Br apt near Tanjong Pagar MRT",66406177,"Jay","Central Region","Downtown Core",1.27515,103.84504,"Entire home/apt",194,8,1,"28.06.2019",0.48,274,0
"2912","34579286","Luxurious New 1 Br near to MRT",42295661,"Bella","Central Region","Rochor",1.30925,103.85271,"Entire home/apt",181,3,5,"23.08.2019",2.14,8,259
"2926","34584912","Amazing Spacious 2 Bedroom Apt Unit @ Geylang G3A",260100811,"静","Central Region","Geylang",1.31258,103.8854,"Entire home/apt",200,2,1,"20.07.2019",0.75,24,337
"2935","34586100","Amazing Spacious 3 Bedroom Apt Unit @ Geylang G6B",260100811,"静","Central Region","Geylang",1.31146,103.87633,"Entire home/apt",287,2,1,"19.07.2019",0.73,24,305
"2939","34587150","2BR APARTMENT @ KALLANG MRT w/ QUEEN BED",219550151,"Rain","Central Region","Geylang",1.30987,103.87634,"Entire home/apt",250,3,1,"04.08.2019",1,113,359
"2940","34596041","2BR second home! Mins to Novena MRT Orchard",261011015,"Vertigo","Central Region","Novena",1.32392,103.8524,"Entire home/apt",189,1,3,"03.08.2019",1.17,1,111
"2941","34613934","Tiong Bahru中巴鲁MRT-City Center-5BR-Sentosa 2 stops",5864323,"Kk","Central Region","Bukit Merah",1.29026,103.82704,"Entire home/apt",319,1,2,"23.06.2019",0.75,4,346
"2943","34635836","Centre of Singapore. 5mins walk to train station.",167203844,"Samuel","Central Region","Orchard",1.30034,103.84194,"Entire home/apt",135,3,2,"19.08.2019",2,1,75
"2945","34660015","2 Bedroom Near Shaw Plaza BlB",29420853,"Aaron","Central Region","Novena",1.32391,103.85403,"Entire home/apt",200,9,1,"21.05.2019",0.3,141,260
"2953","34661766","4 Bedroom Apartment 3min Walk Dakota MRT 2",29420853,"Aaron","Central Region","Geylang",1.31204,103.8851,"Entire home/apt",274,3,1,"20.07.2019",0.75,141,261
"2954","34662047","Amazing Spacious 2 Bedroom Apt Unit @ Bugis SP2B",201034613,"Marcelo","Central Region","Rochor",1.3011,103.84981,"Entire home/apt",200,20,1,"15.06.2019",0.4,67,344
"2955","34662179","4 Bedroom Apartment 3min Walk Dakota MRT 1",29420853,"Aaron","Central Region","Geylang",1.31105,103.88538,"Entire home/apt",268,3,1,"24.07.2019",0.83,141,311
"2956","34662646","3 Bedroom Near Potong Pasir MRT",29420853,"Aaron","Central Region","Kallang",1.32776,103.86561,"Entire home/apt",237,7,1,"23.07.2019",0.81,141,263
"2957","34673571","Stylish APT at Clarke quay with Harbor Views",126737279,"Char","Central Region","Singapore River",1.28902,103.84648,"Entire home/apt",319,2,3,"05.07.2019",1.25,3,28
"2963","34725687","☀ CLEAN & SPACIOUS 3BR w/ QUEEN BEDS FOR STAY ☀",219550151,"Rain","Central Region","Rochor",1.30141,103.84876,"Entire home/apt",299,5,1,"16.07.2019",0.68,113,358
"2964","34727793","NEWLY RENOVATED 1 Bedrm Apartment Orchard/Stevens",6609641,"Catherine","Central Region","Tanglin",1.31591,103.8264,"Entire home/apt",181,7,2,"17.08.2019",0.92,19,300
"2965","34728149","2BR 2Bath Central Haven Vintage Condo near Orchard",261935829,"Millennial","Central Region","Tanglin",1.29438,103.82956,"Entire home/apt",222,1,4,"25.08.2019",1.76,1,138
"2966","34730521","2BR Balestier Cozy Apartment (vr)",31464513,"Darcy","Central Region","Novena",1.32641,103.84998,"Entire home/apt",181,4,2,"18.06.2019",0.73,114,334
"2967","34732068","2 BED ROOM Balestier road nice view beside mall",8492007,"Alvin","Central Region","Novena",1.32547,103.85055,"Entire home/apt",158,14,3,"10.07.2019",1.1,203,365
"2968","34754934","Modern 1BR *1mins to Queenstown MRT",152267975,"Ray","North Region","Central Water Catchment",1.35262,103.81935,"Entire home/apt",149,5,1,"10.07.2019",0.6,11,0
"2970","34761485","Nature Inspired Executive Studio Apt. in Novena",66406177,"Jay","Central Region","Novena",1.31731,103.84729,"Entire home/apt",189,3,5,"29.07.2019",2.14,274,360
"2972","34765590","Nature Inspired Premier 1BR Apartment in Novena",66406177,"Jay","Central Region","Novena",1.31979,103.84685,"Entire home/apt",219,3,1,"06.07.2019",0.56,274,350
"2974","34819352","Studio apartment with kitchenette",73166292,"T S","Central Region","Geylang",1.31655,103.9049,"Entire home/apt",75,2,3,"15.06.2019",1.02,1,78
"2975","34838916","Modern apt near downtown with awsome facility 秘密花园",211137696,"Sunny","Central Region","Bukit Timah",1.34477,103.76951,"Entire home/apt",199,2,3,"01.08.2019",1.2,4,346
"2977","34850774","Besiden Bugis HAJI lane APTwith awsome facility哈之阁",211137696,"Sunny","Central Region","Kallang",1.30363,103.86148,"Entire home/apt",219,2,3,"26.07.2019",1.58,4,307
"2978","34855939","整套市中心近地铁站公寓Entire DownTown Highview 1 minute toMRT",58692882,"Lily","Central Region","Downtown Core",1.27885,103.85292,"Entire home/apt",268,2,2,"02.08.2019",0.95,12,12
"2980","34862875","City view apt in town near food  street 城市观景房近美食街",211137696,"Sunny","Central Region","Novena",1.32076,103.85298,"Entire home/apt",219,2,2,"21.06.2019",0.8,4,335
"2981","34870326","Nature Inspired Studio Apartment in Novena",66406177,"Jay","Central Region","Novena",1.31801,103.8476,"Entire home/apt",158,3,1,"20.07.2019",0.75,274,358
"2982","34874957","FS S3 heritage studio 3 @ Farrer Park",7095710,"Elise","Central Region","Kallang",1.31636,103.8555,"Entire home/apt",94,7,2,"02.08.2019",1.62,12,302
"2983","34883109","Modern Spacious 3BR City Home near Bugis",138720463,"Sunny","Central Region","Rochor",1.30333,103.84668,"Entire home/apt",308,18,1,"13.08.2019",1,8,260
"2984","34894028","Apt Rooms near Orchard Rd市中心近地铁公寓@MRT&MALLS",80570036,"Chris","Central Region","Novena",1.31521,103.84267,"Entire home/apt",239,1,7,"06.08.2019",2.28,22,131
"2985","34912089","Nordic Resort Style Luxury Apt Near Sentosa",44321809,"Kate","Central Region","Bukit Merah",1.26624,103.81097,"Entire home/apt",387,3,1,"28.06.2019",0.48,4,49
"2989","34917885","Comfy 3BR Apartment in West Coast Singapore",135756776,"Angie","West Region","Clementi",1.30446,103.76575,"Entire home/apt",360,6,1,"12.07.2019",0.63,22,352
"2991","34918180","3BR Apartment in West Coast Singapore",135756776,"Angie","West Region","Clementi",1.30438,103.76709,"Entire home/apt",360,6,1,"20.07.2019",0.75,22,353
"2992","34918545","☀❄2BR Newly Setup Apt @ Balestier",209913841,"Richards","Central Region","Novena",1.32737,103.85024,"Entire home/apt",178,3,2,"06.08.2019",2,157,334
"2997","34943627","Comfortable apt 10 mins to Aljunied MRT",23722617,"Alex","Central Region","Geylang",1.31476,103.88684,"Entire home/apt",90,10,5,"28.07.2019",2.17,84,66
"2998","34943766","Comfy apt 10 mins walk to Aljunied MRT",23722617,"Alex","Central Region","Geylang",1.31498,103.88668,"Entire home/apt",85,6,3,"06.08.2019",1.25,84,71
"3006","34959659","ArtPaintingLoftHouse-BalconyNTerraceCenterNearMRT",258272068,"Colour","Central Region","Kallang",1.31925,103.86012,"Entire home/apt",219,1,6,"25.08.2019",3,2,259
"3013","34982277","City located studio apartment * BRAND NEW*",66406177,"Jay","Central Region","Rochor",1.30179,103.86121,"Entire home/apt",106,7,1,"13.06.2019",0.39,274,0
"3014","34982419","☀ COSY & SPACIOUS 2BR w/ QUEEN BEDS FOR STAY☀",219550151,"Rain","Central Region","Geylang",1.31179,103.88588,"Entire home/apt",199,3,1,"12.08.2019",1,113,270
"3018","34984889","W - Calm & Quiet City Apt Five mins to MRT",263589764,"Yee","Central Region","Bukit Merah",1.28399,103.83206,"Entire home/apt",111,1,2,"13.08.2019",2,3,326
"3022","35008647","Comfy apt 10 mins walk to Aljunied MRT",23722617,"Alex","Central Region","Geylang",1.315,103.88769,"Entire home/apt",79,7,4,"05.08.2019",1.52,84,69
"3023","35008965","Comfy apt 10 mins walk to Aljunied MRT",23722617,"Alex","Central Region","Geylang",1.31461,103.88645,"Entire home/apt",81,6,2,"08.08.2019",2,84,75
"3024","35012745","3BR Eco World Near Novena MRT (GA)",29420853,"Aaron","Central Region","Kallang",1.3203,103.86262,"Entire home/apt",287,20,2,"01.08.2019",1.43,141,365
"3033","35096557","☀ MODERN & COSY 3BR w/ QUEEN BED FOR STAY☀",219550151,"Rain","Central Region","Geylang",1.31238,103.88742,"Entire home/apt",237,3,2,"19.07.2019",0.75,113,365
"3034","35102472","Coveted excellent studio",42295661,"Bella","Central Region","Rochor",1.31044,103.85425,"Entire home/apt",150,2,4,"04.08.2019",1.56,8,357
"3035","35114967","Luxury & design whole app. 1 BR in Tiong Bahru",16628218,"Louis","Central Region","Bukit Merah",1.28518,103.83064,"Entire home/apt",256,3,2,"12.08.2019",2,1,2
"3036","35131008","SGCosy apartment@Cityfringe amidst Private Enclave",199311345,"Apple","Central Region","Geylang",1.31366,103.89306,"Entire home/apt",129,1,2,"14.08.2019",0.83,1,166
"3038","35167968","2 Bedroom Near Zhong Shan Mall Va",29420853,"Aaron","Central Region","Novena",1.32655,103.84906,"Entire home/apt",168,20,1,"14.06.2019",0.39,141,365
"3039","35171311","2 BR Apt Bugis/Wifi to bring out $5 a day rental.",69722535,"David","Central Region","Rochor",1.30074,103.85176,"Entire home/apt",240,1,14,"25.08.2019",6.67,1,198
"3044","35188232","Penthouse @Kovan",264978490,"Penthouse","North-East Region","Hougang",1.35575,103.88796,"Entire home/apt",189,1,1,"31.05.2019",0.33,1,0
"3045","35199403","Water Place Condominium",265064904,"Ching Weng","Central Region","Kallang",1.29565,103.8739,"Entire home/apt",168,1,11,"27.08.2019",3.98,1,108
"3047","35219943","Central & Spacious 3-BD in Iconic Luxury Condo",2088819,"Kate","Central Region","Kallang",1.2965,103.87055,"Entire home/apt",294,5,6,"05.08.2019",2.43,1,52
"3049","35253011","Entire Marina bay view high floor 1MinMRT金莎景近地铁包接机",58692882,"Lily","Central Region","Downtown Core",1.28668,103.85253,"Entire home/apt",399,2,5,"23.08.2019",2.94,12,65
"3050","35273518","Sweet And comfortable Studio",22915511,"ChLoe","North Region","Woodlands",1.42736,103.78624,"Entire home/apt",100,1,5,"26.08.2019",4.55,1,115
"3051","35279891","Premium Apt close to MRT station & Shopping Malls",41039458,"Zack","West Region","Jurong East",1.33504,103.7422,"Entire home/apt",144,7,2,"21.07.2019",1.2,10,0
"3052","35289551","Central City Downtown CBD Views Chinatown",71585233,"Alex","Central Region","Downtown Core",1.27492,103.84505,"Entire home/apt",381,1,11,"26.08.2019",5.08,5,305
"3053","35318549","☀ COSY & MODERN 3BR w/ QUEEN BEDS FOR STAY ☀",219550151,"Rain","Central Region","Geylang",1.31246,103.88611,"Entire home/apt",237,3,1,"02.07.2019",0.52,113,360
"3056","35323438","Cozy and quiet apt in town with loft",211210302,"Sunny&Lucy","Central Region","Novena",1.32484,103.84909,"Entire home/apt",319,2,10,"11.08.2019",3.8,4,326
"3061","35359778","Condominium Apartment near Clarke Quay",3437228,"Adrian","Central Region","Museum",1.29088,103.84811,"Entire home/apt",347,1,8,"10.08.2019",3.12,2,88
"3064","35431638","Ben's Green Dungeon",8527085,"Ben","Central Region","Newton",1.30634,103.84722,"Entire home/apt",110,2,10,"13.08.2019",4.29,38,344
"3065","35438299","Cozy Apt @Bugis central resort feel apartment",195763805,"Hieu","Central Region","Rochor",1.3013,103.85283,"Entire home/apt",222,2,1,"20.08.2019",1,2,6
"3067","35463454","Cosy Loft Penthouse - Central & Gym & Pool",65960122,"Alex","Central Region","Museum",1.29891,103.84245,"Entire home/apt",299,3,11,"13.08.2019",4.78,1,6
"3068","35470446","☀ MODERN & COSY 3BR @ SSP FOR STAY ☀",219550151,"Rain","Central Region","Rochor",1.30011,103.85151,"Entire home/apt",287,5,1,"29.06.2019",0.49,113,291
"3072","35483354","FASCINATING 3 BEDROOM  WITH 3 BATH ON HAVELOCK RD.",238891646,"Neha","Central Region","Singapore River",1.28806,103.83663,"Entire home/apt",525,2,1,"04.07.2019",0.54,34,361
"3075","35524877","New Studio Apartment @Train Station (w projector)",245027254,"Irene","Central Region","Toa Payoh",1.33095,103.86804,"Entire home/apt",199,1,1,"10.08.2019",1,1,86
"3076","35526309","Orchard and Marina cosy apt near CBD 市区整套时尚公寓 乌节金沙",267284072,"Nicole","Central Region","Geylang",1.31561,103.88436,"Entire home/apt",126,1,4,"10.08.2019",1.88,1,107
"3077","35552164","CS S1 studio @ Club St central CBD",7095710,"Elise","Central Region","Outram",1.2832,103.8455,"Entire home/apt",119,5,2,"13.08.2019",1.43,12,365
"3085","35633646","New Central Cozy Studio Apt/Balcony @ Orchard Area",10248444,"Rc","Central Region","River Valley",1.295,103.83932,"Entire home/apt",137,2,4,"07.08.2019",1.62,48,325
"3086","35634164","Premium Central Studio Apt @ Orchard/Somerset Area",61619807,"Ong","Central Region","River Valley",1.29675,103.84074,"Entire home/apt",131,2,2,"09.08.2019",1.33,27,332
"3087","35635103","Comfy Modern Studio Apt @ Orchard/ Central Area",10248444,"Rc","Central Region","River Valley",1.29604,103.84042,"Entire home/apt",136,2,4,"06.08.2019",2.4,48,337
"3089","35657143","3 Bedroom 3min Walk to  Dakota MRT 2",29420853,"Aaron","Central Region","Geylang",1.31276,103.88516,"Entire home/apt",258,3,2,"07.07.2019",0.83,141,327
"3100","35662064","Super Huge Luxurious Designer Villa",264371238,"Ang","East Region","Bedok",1.3262,103.90726,"Entire home/apt",500,3,2,"17.08.2019",1.62,1,76
"3103","35668639","Luxury Condo City Center with.Large Pool",69757743,"Phoneix","Central Region","Bukit Merah",1.26582,103.81531,"Entire home/apt",242,2,7,"22.08.2019",4.12,1,108
"3105","35754352","[201] 3BR New free parking Central Kallang MRT",268956734,"J","Central Region","Geylang",1.31174,103.87885,"Entire home/apt",300,2,10,"18.08.2019",4.48,13,224
"3108","35766870","Cozy apt @ River Valley - walk to Clarke Quay",23722617,"Alex","Central Region","River Valley",1.2949,103.83872,"Entire home/apt",115,5,1,"08.07.2019",0.58,84,83
"3109","35767368","Comfy apt @ River Valley 12 mins to Somerset MRT",23722617,"Alex","Central Region","River Valley",1.29572,103.83897,"Entire home/apt",110,5,1,"29.07.2019",1,84,86
"3110","35773667","Comfy & Convenient 3 Bedroom Home @ CITY / MRT",168659658,"Julian","Central Region","Kallang",1.32284,103.86283,"Entire home/apt",349,3,4,"03.08.2019",1.97,9,167
"3115","35781337","3BR Spacious & Near Dakota MRT",209913841,"Richards","Central Region","Geylang",1.31313,103.88702,"Entire home/apt",260,14,1,"12.08.2019",1,157,365
"3116","35786305","[301] 3BR New free parking Central Kallang MRT",268956734,"J","Central Region","Geylang",1.31217,103.87793,"Entire home/apt",360,2,12,"23.08.2019",5.37,13,237
"3117","35786308","[401] 3BR New free parking Central Kallang MRT",268956734,"J","Central Region","Geylang",1.31102,103.87928,"Entire home/apt",360,2,8,"13.08.2019",3.53,13,257
"3118","35786311","[501] 3BR New free parking Central Kallang MRT",268956734,"J","Central Region","Geylang",1.31263,103.87923,"Entire home/apt",360,2,10,"20.08.2019",4.35,13,249
"3119","35786312","[601] 3BR New free parking Central Kallang MRT",268956734,"J","Central Region","Geylang",1.31033,103.87807,"Entire home/apt",360,2,11,"21.08.2019",5,13,263
"3120","35786763","[801] 3BR New free parking Central Kallang MRT",268956734,"J","Central Region","Geylang",1.31035,103.87753,"Entire home/apt",360,2,8,"25.08.2019",3.81,13,242
"3121","35786906","[701] 3BR New free parking Central Kallang MRT",268956734,"J","Central Region","Geylang",1.31236,103.87788,"Entire home/apt",360,2,10,"20.08.2019",5,13,243
"3122","35788850","[302] 超大4房 Super Spacious with free parking",268956734,"J","Central Region","Geylang",1.31172,103.87916,"Entire home/apt",460,2,9,"27.08.2019",3.97,13,248
"3123","35788851","[402] 超大4房 Super Spacious with free parking",268956734,"J","Central Region","Geylang",1.31229,103.87727,"Entire home/apt",460,2,13,"26.08.2019",5.74,13,237
"3124","35788852","[502] 超大4房 Super Spacious with free parking",268956734,"J","Central Region","Geylang",1.31114,103.87799,"Entire home/apt",460,2,8,"23.08.2019",3.64,13,233
"3125","35788855","[602] 超大4房 Super Spacious with free parking",268956734,"J","Central Region","Geylang",1.31173,103.87899,"Entire home/apt",460,2,10,"26.08.2019",5.77,13,232
"3126","35788857","[702] 超大4房 Super Spacious with free parking",268956734,"J","Central Region","Geylang",1.3127,103.87923,"Entire home/apt",460,2,13,"23.08.2019",5.91,13,244
"3127","35788859","[802] 超大4房 Super Spacious with free parking",268956734,"J","Central Region","Geylang",1.31059,103.87861,"Entire home/apt",460,2,10,"26.08.2019",4.35,13,229
"3128","35806333","2BR Clean & Spacious Apt @Bugis MRT @Wifi free",263776112,"Tuan","Central Region","Rochor",1.30127,103.85213,"Entire home/apt",249,6,3,"12.08.2019",3,2,0
"3129","35808492","Central studio with private outdoor space & pool",174094852,"Home","Central Region","River Valley",1.29803,103.83607,"Entire home/apt",108,4,1,"07.08.2019",1,5,26
"3134","35818082","Tasteful & Cozy 1 Bedroom apt near SGH/Tiong Bahru",267763952,"Yee","Central Region","Bukit Merah",1.28503,103.83408,"Entire home/apt",119,30,2,"27.08.2019",1.25,31,330
"3139","35819104","Tasteful & Cozy Exe 1 BR Apt in Tiong Bahru",267763952,"Yee","Central Region","Bukit Merah",1.28431,103.83449,"Entire home/apt",124,30,1,"10.08.2019",1,31,355
"3140","35824607","W - Comfy Quiet Spacious Studio at City",263589764,"Yee","Central Region","Bukit Merah",1.28201,103.83056,"Entire home/apt",125,2,1,"02.07.2019",0.52,3,312
"3141","35845573","☀ COSY & MODERN STUDIO w/ QUEEN BED FOR STAY☀",219550151,"Rain","Central Region","Kallang",1.3166,103.85888,"Entire home/apt",128,4,1,"31.07.2019",1,113,365
"3145","35851003","A3@CitySouth",25116861,"Studios","Central Region","Bukit Merah",1.27803,103.83856,"Entire home/apt",94,2,4,"31.07.2019",2.26,10,65
"3146","35852688","A3@CitySouth",35119444,"Studios","Central Region","Bukit Merah",1.278,103.83867,"Entire home/apt",94,2,6,"07.08.2019",2.86,4,62
"3147","35856965","大优惠:豪华海景著名网红哈芝巷旁市中心地铁站旁高楼无敌海景精装修 4人",49255774,"Kelly","Central Region","Downtown Core",1.29748,103.8575,"Entire home/apt",268,2,9,"20.08.2019",4.82,6,22
"3148","35879293","Bright spacious apartment (park and sea view)",45527642,"Mohamed","West Region","Clementi",1.29983,103.7641,"Entire home/apt",300,1,1,"20.07.2019",0.75,2,0
"3149","35885925","Inviting & Cozy 1BR APT 3 mins from Tg Pagar MRT",66406177,"Jay","Central Region","Downtown Core",1.27464,103.84512,"Entire home/apt",162,10,1,"14.08.2019",1,274,14
"3150","35887106","Cosy Studio Apartment close to MRT Station",230280001,"Stacy","Central Region","Bukit Timah",1.34151,103.77177,"Entire home/apt",99,4,2,"13.08.2019",1.67,18,72
"3151","35887689","Studio Apartment with 100% Privacy (Jurong Kechil)",230280001,"Stacy","North Region","Central Water Catchment",1.35159,103.81887,"Entire home/apt",99,4,2,"07.08.2019",1.3,18,83
"3154","35899603","★Superb Location @ Bugis City Central 超值民宿★",238709651,"Zoe & Friends","Central Region","Rochor",1.30143,103.85353,"Entire home/apt",381,2,6,"12.08.2019",4.29,3,243
"3155","35900603","100% Private Studio Apartment (Blue Line MRT)",230280001,"Stacy","Central Region","Bukit Timah",1.34189,103.77433,"Entire home/apt",99,4,2,"16.08.2019",1.58,18,77
"3158","35916127","Clean and Comfy Self Check-In Apartment with wifi",230280001,"Stacy","Central Region","Bukit Timah",1.34054,103.77416,"Entire home/apt",99,4,4,"17.08.2019",2.26,18,73
"3159","35917599","Affordable Studio Apartment with wifi close to MRT",230280001,"Stacy","North Region","Central Water Catchment",1.3513,103.82081,"Entire home/apt",89,4,3,"21.07.2019",1.8,18,87
"3173","35922722","Cozy Modern 2BR condo Next to City",138720463,"Sunny","Central Region","Geylang",1.31189,103.88408,"Entire home/apt",187,7,4,"04.08.2019",2.22,8,82
"3174","35933544","Cozy Lakeside",75175440,"Rain","West Region","Jurong West",1.33492,103.72354,"Entire home/apt",50,1,2,"26.06.2019",0.91,2,0
"3175","35947264","Senja cozy",75175440,"Rain","West Region","Bukit Panjang",1.384,103.76309,"Entire home/apt",14,1,1,"24.06.2019",0.45,2,0
"3176","35947699","Comfy Beach Theme BigUnit FarrerPark MRT SG 1-5pax",148489389,"UniWorld","Central Region","Kallang",1.31073,103.85623,"Entire home/apt",190,2,3,"08.08.2019",1.48,3,74
"3179","35983829","NOVENA CONDO (1+ STUDY) NEXT TO MEDICAL HUB",20726409,"Alfred","Central Region","Novena",1.31801,103.84646,"Entire home/apt",140,1,1,"10.08.2019",1,2,9
"3185","36013087","Luxury 2BR Condo in Dhoby Ghaut Orchard",39207304,"Sophie","Central Region","Museum",1.29979,103.84472,"Entire home/apt",369,7,2,"28.07.2019",1.25,12,79
"3190","36029553","City Centre cozy home(Bugis)温馨的家",168863351,"Ting","Central Region","Downtown Core",1.30186,103.85495,"Entire home/apt",258,1,7,"04.08.2019",3.82,2,297
"3191","36042199","Beautiful apartment in the heart of Orchard",553120,"Marcus","Central Region","Singapore River",1.2946,103.83182,"Entire home/apt",119,3,4,"25.08.2019",2.45,1,76
"3192","36061361","Chic Contemporary Home in Central Singapore 别致现代雅居",250510187,"Dian","Central Region","Novena",1.32686,103.84777,"Entire home/apt",319,2,5,"06.08.2019",2.59,7,350
"3195","36066625","sunlit 2BR en-suite family city center walk to MRT",189326474,"Kiwi Sg Home","Central Region","Rochor",1.30047,103.84857,"Entire home/apt",258,7,5,"24.08.2019",4.05,10,235
"3198","36092407","Cozy Modern 2BR condo Near City",138720463,"Sunny","Central Region","Geylang",1.31146,103.88692,"Entire home/apt",228,10,2,"11.08.2019",1.33,8,173
"3199","36099111","【❤HOT DEAL!】Berra Suite@CityCenter【Marina Bay】",250826608,"Be My Home","Central Region","Downtown Core",1.28135,103.8533,"Entire home/apt",437,3,11,"27.08.2019",6,2,67
"3203","36130748","Entire Luxury Apartment Downtown Robertson Quay",95513094,"Solow","Central Region","Singapore River",1.28962,103.84836,"Entire home/apt",417,1,5,"15.07.2019",2.42,1,84
"3204","36131057","文礼地铁站5分钟豪华日租房",270278864,"艾伦","West Region","Jurong West",1.33915,103.70693,"Entire home/apt",300,2,1,"27.07.2019",0.91,2,88
"3207","36209536","公寓民宿",272336903,"Chunyu","North Region","Yishun",1.42845,103.83774,"Entire home/apt",199,1,1,"28.07.2019",0.94,1,300
"3210","36222896","Moden 2 Storey Villa",81596134,"Lucy","Central Region","Kallang",1.31963,103.85849,"Entire home/apt",344,2,1,"14.07.2019",0.65,16,342
"3211","36226254","City-located 1BR loft apartment * BRAND NEW*",267763952,"Yee","Central Region","Kallang",1.30348,103.86147,"Entire home/apt",169,21,1,"03.08.2019",1,31,26
"3212","36227359","The Butter Studio",8527085,"Ben","Central Region","Rochor",1.30733,103.84711,"Entire home/apt",110,2,3,"14.08.2019",2.43,38,333
"3213","36252767","EXTRAVAGANT 3-BEDROOM APARTMENT@ANTHONY ROAD",156409670,"Rajan","Central Region","Newton",1.30896,103.83847,"Entire home/apt",881,6,1,"03.08.2019",1,78,364
"3216","36286236","A - Spacious & Stylish 2-Bedroom Apt",225311799,"Ada","Central Region","Bukit Merah",1.28356,103.83081,"Entire home/apt",236,1,3,"02.08.2019",1.76,30,322
"3218","36318565","Alternate Space by Parallel",109923209,"Joey","Central Region","Kallang",1.31571,103.85799,"Entire home/apt",840,1,1,"12.08.2019",1,2,75
"3223","36343206","Fall in love staying here. 3 mins to MRT",77266342,"Benny","Central Region","Geylang",1.31372,103.88272,"Entire home/apt",128,2,8,"22.08.2019",4.9,2,151
"3224","36344794","Modern and lovely condo with pool in central sg 颜舍",206696856,"Moon&Kim","Central Region","Geylang",1.31332,103.88528,"Entire home/apt",300,2,2,"28.07.2019",1.54,6,351
"3225","36359535","Serene 3BR  Holiday Home for Family and Friends",43591543,"Donald","Central Region","Novena",1.32895,103.84278,"Entire home/apt",368,5,10,"27.08.2019",6.12,15,154
"3228","36368058","❀❀❀Amazing Spacious 3 Bedroom Unit @ Central G9",8492007,"Alvin","Central Region","Geylang",1.30984,103.87609,"Entire home/apt",287,3,2,"27.07.2019",1.5,203,356
"3229","36370811","Cozy loft prime location Novena MRT/balestier",25044949,"Maggie","Central Region","Novena",1.32376,103.84773,"Entire home/apt",150,2,1,"13.07.2019",0.64,1,4
"3230","36372986","Unforgettable experience with private lift 私人电梯房",250510187,"Dian","Central Region","Geylang",1.31345,103.89326,"Entire home/apt",381,2,5,"13.08.2019",3.95,7,354
"3235","36489056","☀ MODERN & COSY 1BR w/ QUEEN BED FOR STAY☀",219550151,"Rain","Central Region","Novena",1.32823,103.84727,"Entire home/apt",168,5,1,"17.07.2019",0.7,113,365
"3238","36516629","CITY Comfy Studio Apt/Wifi @ Orchard/Somerset Area",10248444,"Rc","Central Region","River Valley",1.29485,103.8407,"Entire home/apt",125,2,1,"13.08.2019",1,48,338
"3239","36536346","Cosy and Peaceful Condo",89825069,"Raul","East Region","Bedok",1.32871,103.90625,"Entire home/apt",119,2,2,"11.08.2019",1.2,1,40
"3240","36569504","1BR Luxury Stay @ Novena District (blb)",35691521,"Vinn","Central Region","Novena",1.32436,103.85267,"Entire home/apt",167,28,1,"14.07.2019",0.65,45,365
"3241","36586992","Shophouse apartment with private roof top terrace",272443473,"André","Central Region","Bukit Merah",1.27746,103.83653,"Entire home/apt",199,3,3,"10.08.2019",2.43,1,10
"3242","36589003","3 Bedrooms 3mins by walk to Orchard MRT",275025685,"Xinnie","Central Region","Newton",1.30508,103.83442,"Entire home/apt",331,1,1,"05.08.2019",1,2,166
"3243","36591016","4 Bedrooms Apt 3mins by walk to Orchard MRT",275025685,"Xinnie","Central Region","Orchard",1.30682,103.83322,"Entire home/apt",410,1,1,"12.08.2019",1,2,172
"3244","36618977","免费接机3人清新小屋近地铁美食环绕3paxTown near MRT Nicefood around",49255774,"Kelly","Central Region","Geylang",1.31249,103.88586,"Entire home/apt",199,2,5,"25.08.2019",3.95,6,351
"3245","36628828","City Home near shopping mall!",39528448,"Chun","Central Region","Kallang",1.31159,103.85651,"Entire home/apt",189,1,1,"22.07.2019",0.79,2,8
"3248","36647419","✪✪✪Amazing Spacious 3 Bedroom Unit @ Rangoon Rd",8492007,"Alvin","Central Region","Kallang",1.31639,103.85304,"Entire home/apt",287,7,1,"22.07.2019",0.79,203,365
"3251","36654401","整套超级金沙景近地铁包接送 Entire Super Bay View 4BR 1Min MRT",58692882,"Lily","Central Region","Downtown Core",1.28554,103.85354,"Entire home/apt",428,2,1,"17.07.2019",0.7,12,44
"3252","36675593","1 BR Premium apartment close to Town (OS7)",105167673,"Martin","Central Region","Toa Payoh",1.32823,103.86799,"Entire home/apt",129,7,1,"08.08.2019",1,6,354
"3254","36682700","Spacious apartment with terrace in condo with pool",33533181,"Franziska","Central Region","Bukit Merah",1.26701,103.81512,"Entire home/apt",210,3,1,"29.07.2019",1,1,4
"3255","36714781","1BR Condo at Prime location. (C3)",272628979,"Alvin","Central Region","Novena",1.32387,103.85389,"Entire home/apt",128,3,1,"02.08.2019",1,7,354
"3258","36747812","Studio Apt Orchard/Stevens Area #5",6609641,"Catherine","Central Region","Tanglin",1.31669,103.82737,"Entire home/apt",194,7,1,"01.08.2019",1,19,365
"3259","36753748","Entire amazing marina bay view 3BR 1Min MRT金沙景近地铁",58692882,"Lily","Central Region","Downtown Core",1.28535,103.85428,"Entire home/apt",428,2,4,"20.08.2019",4,12,44
"3260","36761101","Spacious Basic Studio in a Local Hood!",73254645,"Jennifer","North Region","Yishun",1.42968,103.83659,"Entire home/apt",39,1,3,"31.07.2019",2.31,1,0
"3261","36789378","1 Bedroom SOHO Type unit with 2 Queen beds (6pax)",101040883,"Ailyn","West Region","Jurong East",1.33477,103.74342,"Entire home/apt",151,1,1,"30.07.2019",1,6,140
"3263","36793815","2BR high floor near CBD市区高楼景观房",39528448,"Chun","Central Region","Downtown Core",1.27707,103.84501,"Entire home/apt",299,1,1,"11.08.2019",1,2,331
"3264","36808814","Sweet Peranakan Studio",56421978,"Nancy","Central Region","Kallang",1.31739,103.85318,"Entire home/apt",87,3,2,"26.08.2019",2,7,363
"3269","36837195","Garden City Studio",8527085,"Ben","Central Region","Newton",1.30576,103.84656,"Entire home/apt",110,2,4,"13.08.2019",3.08,38,328
"3270","36850168","Most Eligible Lad",8527085,"Ben","Central Region","Newton",1.30597,103.84737,"Entire home/apt",101,2,2,"08.08.2019",2,38,343
"3272","36852394","Fit For A Queen",8527085,"Ben","Central Region","Rochor",1.30665,103.84736,"Entire home/apt",106,2,2,"04.08.2019",2,38,337
"3273","36853633","Smurfs In The House",8527085,"Ben","Central Region","Rochor",1.30771,103.84712,"Entire home/apt",101,2,2,"05.08.2019",1.58,38,327
"3285","36866402","2 bedroom Penthouse @ FarrerPark",264191580,"Ben","Central Region","Kallang",1.31608,103.85376,"Entire home/apt",178,1,2,"27.08.2019",2,2,88
"3289","36939176","New Cozy 2BR Apt @ Orchard Area GREAT LOCATION!",276843600,"Jpy","Central Region","River Valley",1.29816,103.8423,"Entire home/apt",300,3,3,"25.08.2019",3,1,336
"3290","36970328","NEW CITY Comfy  Studio Apt@ Somesert/Orchard Area",46685310,"L","Central Region","River Valley",1.2962,103.83899,"Entire home/apt",125,2,1,"13.08.2019",1,28,336
"3291","36986474","Luxury 2BR Condo next to Someset Orchard road",189326474,"Kiwi Sg Home","Central Region","River Valley",1.29803,103.83783,"Entire home/apt",299,15,3,"11.08.2019",3,10,332
"3292","36987244","Luxury 2BR Condo in Dhoby Ghaut Orchard road",189326474,"Kiwi Sg Home","Central Region","Museum",1.29901,103.84576,"Entire home/apt",368,7,2,"09.08.2019",1.82,10,364
"3294","36994152","2BR with access to Private Pool (2 beds&sofa bed)",101040883,"Ailyn","East Region","Bedok",1.32492,103.92872,"Entire home/apt",219,1,1,"26.07.2019",0.88,6,118
"3295","37015563","Seaside 2BR opp. Sentosa! 5 mins Harbourfront MRT",23145293,"Dj","Central Region","Bukit Merah",1.26569,103.81606,"Entire home/apt",247,1,3,"21.08.2019",3,3,45
"3299","37029799","Private Deluxe Room near Novena Square",55611829,"Christine","Central Region","Novena",1.31841,103.84739,"Entire home/apt",119,3,3,"12.08.2019",3,15,25
"3301","37034163","A -  Cosy Quiet City Apt in Tiong Bahru",225311799,"Ada","Central Region","Bukit Merah",1.28237,103.83282,"Entire home/apt",125,1,1,"29.07.2019",1,30,239
"3302","37059139","4pax Unit in CBD Food Hub and Shopping",55611829,"Christine","Central Region","Outram",1.28151,103.84513,"Entire home/apt",160,3,1,"08.08.2019",1,15,35
"3305","37063531","The Coffee Studio",8527085,"Ben","Central Region","Newton",1.30571,103.84696,"Entire home/apt",149,2,1,"31.07.2019",1,38,341
"3317","37108652","☀ MODERN & COSY 3BR @ FARRERPARK FOR STAY☀",219550151,"Rain","Central Region","Kallang",1.31741,103.85292,"Entire home/apt",299,7,1,"10.08.2019",1,113,365
"3318","37110691","FOMO Studios",71047039,"Amelia","Central Region","Bukit Merah",1.28602,103.83412,"Entire home/apt",94,3,3,"12.08.2019",3,16,47
"3319","37128829","新加坡舒适套房 地点靠近诺维娜和文庆",278109833,"Belle","Central Region","Novena",1.32281,103.85204,"Entire home/apt",99,3,1,"20.08.2019",1,31,76
"3320","37129181","Lovely bright Studio with Free wifi",278109833,"Belle","Central Region","Novena",1.32315,103.85212,"Entire home/apt",99,3,2,"17.08.2019",2,31,72
"3322","37139273","Good food area in Tiong Bahru! Free Wifi!",278109833,"Belle","Central Region","Outram",1.28458,103.83514,"Entire home/apt",146,3,1,"11.08.2019",1,31,61
"3325","37161894","Part sea view apartment 3 bedrooms",189326474,"Kiwi Sg Home","Central Region","Marine Parade",1.29967,103.90094,"Entire home/apt",328,15,2,"01.08.2019",2,10,165
"3326","37169724","FOMOs Listings",71047039,"Amelia","Central Region","Bukit Merah",1.28404,103.83383,"Entire home/apt",118,3,1,"09.08.2019",1,16,18
"3330","37237986","Newly* Cosy 2BR apartment in City",197593752,"Apt","Central Region","Geylang",1.31602,103.88318,"Entire home/apt",144,3,1,"31.07.2019",1,3,115
"3340","37259624","Rare 3 bedrooms near Town! In Tiong Bahru Area!",278109833,"Belle","Central Region","Bukit Merah",1.28961,103.83222,"Entire home/apt",281,3,1,"31.07.2019",1,31,31
"3354","37302758","downtown 2 bed room condo near orchard",117734470,"Mandelyn","Central Region","Novena",1.32261,103.85243,"Entire home/apt",189,4,1,"21.08.2019",1,8,66
"3355","37306856","Cozy penthouse at good location",88496223,"David","Central Region","Kallang",1.31506,103.8551,"Entire home/apt",219,2,1,"14.08.2019",1,2,119
"3356","37307542","Modern Apartment in the city",280855184,"Angelina","Central Region","Bukit Merah",1.29038,103.82687,"Entire home/apt",108,3,1,"20.08.2019",1,2,70
"3378","37433817","Ciccini's Home",54701486,"Amber&Marco","Central Region","Kallang",1.2989,103.86095,"Entire home/apt",300,3,1,"12.08.2019",1,2,25
"3379","37441145","Singapore Orchard Road Residence",282332472,"Alice","Central Region","Newton",1.3054,103.83464,"Entire home/apt",264,1,1,"10.08.2019",1,1,342
"3386","37479594","Cosy home near supermarket /bus/train station #08",1725521,"Benny","Central Region","Geylang",1.31285,103.88727,"Entire home/apt",135,2,2,"18.08.2019",2,16,167
"3392","37506711","Central 1BR Apt in Foodie Haven Hipster Paradise",29799617,"John","Central Region","Geylang",1.31455,103.88323,"Entire home/apt",14,3,4,"26.08.2019",4,1,34
"3393","37507042","3 Bedroom 3min Walk to  Dakota MRT 1",29420853,"Aaron","Central Region","Geylang",1.31165,103.88729,"Entire home/apt",258,3,1,"15.08.2019",1,141,353
"3411","37621650","Comfortable and spacious four-bedroom family suite",43591543,"Donald","Central Region","Geylang",1.3141,103.90317,"Entire home/apt",699,3,6,"23.08.2019",6,15,189
"3434","37841266","Sunny Modern Condo in City Center walk to MRT",39207304,"Sophie","Central Region","Rochor",1.30074,103.84742,"Entire home/apt",237,7,1,"25.08.2019",1,12,159
"3501","49091","COZICOMFORT LONG TERM STAY ROOM 2",266763,"Francesca","North Region","Woodlands",1.44255,103.7958,"Private room",83,180,1,"21.10.2013",0.01,2,365
"3502","50646","Pleasant Room along Bukit Timah",227796,"Sujatha","Central Region","Bukit Timah",1.33235,103.78521,"Private room",81,90,18,"26.12.2014",0.28,1,365
"3503","56334","COZICOMFORT",266763,"Francesca","North Region","Woodlands",1.44246,103.79667,"Private room",69,6,20,"01.10.2015",0.2,2,365
"3504","71609","Ensuite Room (Room 1 & 2) near EXPO",367042,"Belinda","East Region","Tampines",1.34541,103.95712,"Private room",206,1,14,"11.08.2019",0.15,9,353
"3505","71896","B&B  Room 1 near Airport & EXPO",367042,"Belinda","East Region","Tampines",1.34567,103.95963,"Private room",94,1,22,"28.07.2019",0.22,9,355
"3506","71903","Room 2-near Airport & EXPO",367042,"Belinda","East Region","Tampines",1.34702,103.96103,"Private room",104,1,39,"15.08.2019",0.38,9,346
"3507","71907","3rd level Jumbo room 5 near EXPO",367042,"Belinda","East Region","Tampines",1.34348,103.96337,"Private room",208,1,25,"25.07.2019",0.25,9,172
"3508","241503","Long stay at The Breezy East Leopard",1017645,"Bianca","East Region","Bedok",1.32304,103.91363,"Private room",50,90,174,"31.05.2019",1.88,4,59
"3509","241508","Long stay at The Breezy East Plumeria",1017645,"Bianca","East Region","Bedok",1.32458,103.91163,"Private room",54,90,198,"28.04.2019",2.08,4,133
"3510","241510","Long stay at The Breezy East Red Palm",1017645,"Bianca","East Region","Bedok",1.32461,103.91191,"Private room",42,90,236,"31.07.2019",2.53,4,147
"3511","275343","Conveniently located City Room!( (Phone number hidden by Airbnb) )",1439258,"K2 Guesthouse","Central Region","Bukit Merah",1.28875,103.80814,"Private room",44,15,18,"21.04.2019",0.23,32,331
"3512","275344","15 mins to Outram MRT Single Room (B)",1439258,"K2 Guesthouse","Central Region","Bukit Merah",1.28837,103.81099,"Private room",40,30,10,"13.09.2018",0.11,32,276
"3513","289234","Booking for 3 bedrooms",367042,"Belinda","East Region","Tampines",1.34561,103.95984,"Private room",417,2,12,"01.01.2019",0.14,9,239
"3514","294281","5 mins walk from Newton subway",1521514,"Elizabeth","Central Region","Newton",1.31125,103.83816,"Private room",65,2,125,"22.08.2019",1.35,6,336
"3515","324945","20 Mins to Sentosa @ Hilltop ! (8)",1439258,"K2 Guesthouse","Central Region","Bukit Merah",1.28976,103.80896,"Private room",44,30,13,"02.02.2019",0.15,32,340
"3516","330095","10 mins to Redhill MRT @ Mini Orange Room(5)",1439258,"K2 Guesthouse","Central Region","Bukit Merah",1.28537,103.81087,"Private room",31,90,3,"22.08.2016",0.04,32,361
"3517","344803","Budget short stay room near  EXPO",367042,"Belinda","East Region","Tampines",1.34943,103.95951,"Private room",49,2,45,"11.08.2019",0.5,9,357
"3519","369141","5mins from Newton Train Station",1521514,"Elizabeth","Central Region","Newton",1.3115,103.83759,"Private room",60,2,84,"10.07.2019",1.17,6,340
"3520","369145","5 mins walk from Newton MRT",1521514,"Elizabeth","Central Region","Newton",1.31159,103.83805,"Private room",60,2,157,"15.08.2019",1.75,6,349
"3521","395191","Heritage Apartment Room near Orchard",1975201,"Adi","Central Region","River Valley",1.29345,103.83562,"Private room",56,90,27,"07.08.2017",0.36,1,364
"3522","423875","Master Bedroom 4-Airport & EXPO",367042,"Belinda","East Region","Tampines",1.34838,103.9592,"Private room",104,1,16,"04.08.2019",0.19,9,300
"3524","553229","Comfortable Condo Room - Boon Lay MRT",1030128,"Lena","West Region","Jurong West",1.34135,103.71139,"Private room",53,2,23,"11.08.2019",0.27,3,345
"3526","696136","Quiet ensuite room in Holland Village",1289033,"Grace","Central Region","Bukit Timah",1.31016,103.79853,"Private room",100,90,28,"12.08.2017",0.33,1,90
"3528","756267","East Coast Boutique",1584407,"Richard","Central Region","Marine Parade",1.30377,103.89956,"Private room",165,2,68,"26.07.2019",0.83,5,167
"3529","756300","Cosy Furnished bedroom",3981231,"Christiana","North-East Region","Serangoon",1.35001,103.87161,"Private room",44,1,36,"31.01.2018",0.44,1,0
"3531","764599","10mins MRT to Orchard Road",4030859,"Homestay In Central Singapore","Central Region","Toa Payoh",1.34143,103.84945,"Private room",51,92,48,"21.08.2019",0.61,1,179
"3532","765579","Chinatown@doorstep: *Queenbed Room 891",2413412,"Kaurus","Central Region","Outram",1.28315,103.84213,"Private room",44,90,2,"11.08.2019",0.02,112,365
"3534","815685","Awesome Yellow Room in the City! Near Orchard Rd!",1439258,"K2 Guesthouse","Central Region","Bukit Merah",1.28909,103.80749,"Private room",40,30,13,"16.08.2019",0.17,32,331
"3535","819044","East Coast Hideaway",1584407,"Richard","Central Region","Marine Parade",1.30392,103.89988,"Private room",150,2,68,"27.05.2019",0.84,5,173
"3537","833289","Warm hospitality Italian style",4360831,"Laura","Central Region","Bukit Merah",1.27681,103.82381,"Private room",150,1,2,"25.01.2019",0.05,1,208
"3538","872345","Designer Designed Double Room",4602014,"F","North-East Region","Hougang",1.37037,103.90052,"Private room",42,30,20,"19.07.2017",0.25,3,361
"3540","881253","Chinatown Doorstep: *Ensuite 1+1+ WOW city view!",2413412,"Kaurus","Central Region","Outram",1.28291,103.84284,"Private room",65,90,3,"09.03.2018",0.04,112,0
"3541","881683","Tastefully Designed Single Room",4602014,"F","North-East Region","Hougang",1.36775,103.89855,"Private room",40,30,10,"13.06.2017",0.12,3,268
"3542","902669","Aljunied *RoomC > MRT 3min > CBD 15 mins",2413412,"Kaurus","Central Region","Geylang",1.31525,103.88176,"Private room",35,18,6,"20.07.2019",0.15,112,359
"3543","918880","White English Home - strictly for female guest",4935740,"Jill","North-East Region","Serangoon",1.36885,103.8731,"Private room",65,1,25,"15.08.2019",0.41,1,339
"3544","922509","Chinatown your doorstep: Ensuite M203",2413412,"Kaurus","Central Region","Outram",1.28491,103.84209,"Private room",60,28,6,"10.08.2017",0.16,112,333
"3545","948105","Ensuite Master Bed Rm US$60 p/nite",5140541,"Joyce","North-East Region","Punggol",1.39877,103.90248,"Private room",76,1,2,"12.08.2019",2,1,365
"3546","963342","Individual room available for rent near to market",5249382,"Natesh","North-East Region","Hougang",1.37369,103.87847,"Private room",35,32,6,"02.03.2019",0.12,2,339
"3547","982909","Cozy Room @Central Area",4723385,"Yuan","Central Region","Novena",1.33334,103.8327,"Private room",69,2,222,"23.08.2019",2.85,2,0
"3548","1060046","S$950/mth spacious room for short/long term lease",5748910,"Sarah","West Region","Bukit Panjang",1.38123,103.76874,"Private room",49,3,15,"01.06.2019",0.2,2,131
"3549","1078804","Cozy Studio Room",4602014,"F","North-East Region","Hougang",1.36764,103.90228,"Private room",31,30,60,"28.09.2018",0.78,3,225
"3550","1131162","Cozy Room at Bedok Reservoir",6205166,"Lydia","East Region","Bedok",1.33729,103.9298,"Private room",72,2,1,"01.04.2017",0.03,1,360
"3551","1142414","Heritage apartment: Master Rm4* +bathroom (3mth+)",2413412,"Kaurus","Central Region","Kallang",1.31135,103.85946,"Private room",49,18,2,"22.02.2016",0.05,112,360
"3552","1178486","Cosy Private Room -  Ladies Only",6448029,"Su","Central Region","Kallang",1.29638,103.87282,"Private room",81,90,14,"21.01.2015",0.18,1,0
"3553","1242205","Heritage Shophouse - Alluring Lodge",3589987,"Sheryl","Central Region","Marine Parade",1.31,103.90321,"Private room",137,6,10,"22.06.2019",0.14,2,0
"3554","1244654","kAwesome view! Ensuite M208",2413412,"Kaurus","Central Region","Outram",1.28485,103.84347,"Private room",58,90,4,"18.10.2016",0.11,112,322
"3555","1249555","Heritage apartment: Master room* +bathroom (3mth+)",2413412,"Kaurus","Central Region","Kallang",1.31213,103.8561,"Private room",56,18,1,"22.10.2016",0.03,112,332
"3556","1261443","kAweSome *view9! Ensuite 1+1 @ CBD/Chinatown (Cal)",2413412,"Kaurus","Central Region","Outram",1.28407,103.8436,"Private room",65,90,3,"02.12.2017",0.1,112,356
"3557","1277842","SHORT TERM ACCOMMODATION",6954638,"Caleb","Central Region","Queenstown",1.29201,103.76936,"Private room",60,5,7,"01.04.2018",0.1,9,0
"3558","1315867","For The Solo Traveler and Dog Lover",3877464,"Charlyn","East Region","Bedok",1.31259,103.91067,"Private room",69,2,72,"25.06.2019",0.97,1,354
"3559","1363204","Chinatown at your door: Master Rm* attach bathroom",2413412,"Kaurus","Central Region","Outram",1.28432,103.84334,"Private room",60,90,3,"14.10.2016",0.04,112,361
"3560","1466685","Single room with pool/gym near Town",4153568,"Joel","Central Region","Toa Payoh",1.3305,103.8424,"Private room",44,90,29,"28.07.2019",0.4,1,76
"3561","1485189","Lovely Bedroom w own Toilet - Singapore",7945059,"James","Central Region","Tanglin",1.30768,103.82017,"Private room",104,5,51,"12.08.2019",0.79,1,74
"3562","1508829","Lavender QueenBed rmFr: 5m walk MRT",2413412,"Kaurus","Central Region","Kallang",1.30774,103.86332,"Private room",40,18,8,"26.12.2016",0.13,112,359
"3563","1521198","Singapore Downtown room with Ensuite bathroom",8107070,"Jack","Central Region","Kallang",1.30844,103.85875,"Private room",76,5,22,"24.08.2019",0.49,1,67
"3565","1615074","AweSome view! Ensuite 1+1 @Chinatown",2413412,"Kaurus","Central Region","Outram",1.28328,103.84329,"Private room",67,90,3,"02.03.2019",0.17,112,356
"3566","1622505","Terrace Suite",1584407,"Richard","Central Region","Marine Parade",1.30415,103.90192,"Private room",165,2,27,"02.08.2019",0.39,5,223
"3568","1647014","Quiet Tropical Garden Bedroom Suite",8740203,"Takico","Central Region","Novena",1.33917,103.82306,"Private room",89,2,78,"20.08.2019",1.1,2,342
"3569","1654840","3-person Bunk/Loft Bed Pte Room",8773916,"Superb Hostel","Central Region","Rochor",1.30292,103.858,"Private room",90,1,2,"02.01.2018",0.08,7,233
"3570","1656833","Female room in luxury penthouse",8783465,"Coco","Central Region","Novena",1.32389,103.84872,"Private room",131,1,1,"02.08.2019",1,2,0
"3572","1719704","kEnsuiteM1 Brickwall2 @ Chinatown/CBD",2413412,"Kaurus","Central Region","Outram",1.28459,103.84217,"Private room",56,18,3,"31.05.2019",0.08,112,356
"3573","1743439","Private room & sofa w/ a TV in a central location!",9164793,"Michelle","Central Region","Outram",1.28328,103.84532,"Private room",800,1,3,"21.01.2018",0.15,5,0
"3574","1756811","room in HDB sembawang close  ",9238497,"Zhoulin","North Region","Sembawang",1.44843,103.81538,"Private room",550,180,1,"08.03.2014",0.01,1,365
"3575","1766900","Heart of Orchard rd Master Room",11390076,"Tryston","Central Region","Newton",1.30626,103.83994,"Private room",85,3,11,"31.07.2019",0.39,18,334
"3577","1804722","Shared Room for Two at Boon Keng MRT Station",9457143,"Zi Ying","Central Region","Kallang",1.31909,103.85741,"Private room",33,180,1,"17.07.2014",0.02,1,364
"3579","1816463","Family room  (Room 6) at 3rd level",367042,"Belinda","East Region","Tampines",1.34566,103.95994,"Private room",90,1,9,"16.07.2019",0.15,9,361
"3581","1848152","Superb Outram central location - Master Bedroom",1305358,"Jason","Central Region","Outram",1.2819,103.83849,"Private room",50,6,6,"20.10.2017",0.09,1,54
"3582","1857229","3rd Level -2 rooms with Family Hall",367042,"Belinda","East Region","Tampines",1.34574,103.95945,"Private room",260,1,4,"05.06.2019",0.14,9,357
"3586","2030663","Singapore Room n Central Balestier!",9900768,"David","Central Region","Novena",1.32359,103.85063,"Private room",360,30,2,"19.07.2014",0.03,3,173
"3587","2036711","Nice Villa RoomA 6mins Walk to MRT! !1mins to bus",10426671,"Angelina","Central Region","Toa Payoh",1.33903,103.88474,"Private room",60,3,49,"06.08.2019",0.77,2,345
"3588","2085130","Singapore Private Mini Room!",9900768,"David","Central Region","Novena",1.32347,103.85213,"Private room",381,5,11,"11.09.2016",0.18,3,180
"3589","2113778","Spacious Condo Master Room for rent",10776798,"Tracey","West Region","Bukit Panjang",1.34891,103.77137,"Private room",69,1,7,"18.11.2018",0.14,4,364
"3590","2128831","Family 3 / 4 Beds Room (Group)",10861133,"DropINN","Central Region","Kallang",1.31609,103.85813,"Private room",99,1,8,"07.08.2018",0.18,11,358
"3591","2142826","Singapore Room for Rent!",9900768,"David","Central Region","Novena",1.32423,103.85293,"Private room",281,3,21,"30.09.2016",0.36,3,180
"3592","2146015","Pvt Bedroom Suite @ Orchard Central Area.",10248444,"Rc","Central Region","River Valley",1.29488,103.83973,"Private room",87,1,98,"11.08.2019",1.44,48,346
"3593","2320536","Single Room at Woodlands",11851304,"Ammarudin","North Region","Woodlands",1.44076,103.77626,"Private room",31,183,5,"14.07.2014",0.07,1,365
"3594","2357514","Heritage Shophouse Right in Epicentre of Sights",1346787,"Val","Central Region","Outram",1.28448,103.8436,"Private room",69,1,307,"11.08.2019",5.44,3,315
"3595","2377875","City fringe living at condominium!",9205954,"Rayne","Central Region","Kallang",1.29907,103.87601,"Private room",58,7,52,"29.01.2015",0.77,1,0
"3597","2484135","Nice Villa RoomB 6mins walk to MRT!",10426671,"Angelina","Central Region","Toa Payoh",1.33792,103.88593,"Private room",60,3,57,"31.07.2019",0.88,2,350
"3598","2488036","Amazing Location- Shophouse in Epicentre of Sights",1346787,"Val","Central Region","Outram",1.283,103.84399,"Private room",89,1,121,"13.08.2019",1.96,3,333
"3599","2488042","Massive Room in Chinatown Shophouse",1346787,"Val","Central Region","Outram",1.28409,103.84514,"Private room",67,1,19,"11.08.2019",0.29,3,0
"3601","2547370","Happy Snail Hostel - 4 person Room",13043889,"Happysnail","Central Region","Bukit Merah",1.27819,103.83072,"Private room",119,2,1,"31.12.2018",0.12,2,365
"3602","2547778","1950s cozy window singlebed roomQi @ lavender",8948251,"Joey","Central Region","Kallang",1.31138,103.86104,"Private room",36,28,1,"30.06.2018",0.07,83,331
"3604","2673027","Private Room Novena (2 Stops to Orchard)",13685764,"Matt","Central Region","Novena",1.31626,103.84444,"Private room",81,6,43,"06.07.2019",0.65,1,215
"3605","2696834","Master Rm A2 nr MRTCBP/CGH/SUTD/Boeing & SIA",4705949,"Kit","East Region","Bedok",1.32823,103.94835,"Private room",56,3,21,"25.08.2019",0.35,13,73
"3608","2922184","10 min walk to HawParVilla MRT- INSEAD booking!(8)",1439258,"K2 Guesthouse","Central Region","Queenstown",1.28132,103.7854,"Private room",49,1,8,"11.08.2019",0.18,32,350
"3610","3034137","Cozy 1 BD linked to MRT (Heartland)",4422603,"Rosanna","North-East Region","Hougang",1.36103,103.88356,"Private room",83,1,9,"27.07.2019",0.15,1,364
"3611","3075620","Everything You Need in Singapore",7044509,"Katherine","Central Region","Museum",1.2986,103.84659,"Private room",110,90,6,"02.06.2019",0.1,2,215
"3612","3141692","Family 5/6 Beds Room",10861133,"DropINN","Central Region","Kallang",1.31619,103.85983,"Private room",137,1,31,"18.03.2019",0.67,11,365
"3613","3142155","Double Room / Triple Sharing",10861133,"DropINN","Central Region","Kallang",1.31437,103.86017,"Private room",60,1,2,"30.06.2019",0.08,11,342
"3615","3340547","Home Away From Home (Thomson)",59498,"Jean","North-East Region","Ang Mo Kio",1.37398,103.83069,"Private room",110,2,43,"13.06.2019",0.7,3,355
"3618","3558867","Hougang MRT Master Bedroom3F Front",17916952,"Lee","North-East Region","Hougang",1.36719,103.89234,"Private room",86,10,2,"08.10.2016",0.04,2,89
"3619","3667894","Chinatown at your door: Master Rm attach bathroom",2413412,"Kaurus","Central Region","Outram",1.2852,103.84216,"Private room",60,90,1,"28.05.2019",0.32,112,361
"3620","3717217","4-Bed Private Room - Steps from Chinatown MRT!",17526618,"Royal","Central Region","Outram",1.28354,103.84331,"Private room",140,2,48,"18.08.2019",0.82,13,168
"3621","3788645","single room in sunny apartment",768164,"Vanillabeans","West Region","Clementi",1.29798,103.7668,"Private room",44,2,3,"08.11.2015",0.06,1,0
"3622","3802621","1-person Bunk Bed Private Room",8773916,"Superb Hostel","Central Region","Rochor",1.30376,103.85923,"Private room",58,1,20,"10.02.2018",0.44,7,233
"3623","3803160","3-person Bunk Bed Private Room",8773916,"Superb Hostel","Central Region","Rochor",1.30171,103.85959,"Private room",90,1,6,"29.07.2017",0.1,7,233
"3625","3893523","Honeymoon Juccuzi Suite  (Thomson)",59498,"Jean","North-East Region","Ang Mo Kio",1.37478,103.83141,"Private room",135,2,26,"13.08.2019",0.43,3,360
"3626","3901141","Fairytale Fantasy (Thomson)",59498,"Jean","North-East Region","Ang Mo Kio",1.37326,103.82962,"Private room",125,2,18,"28.07.2019",0.3,3,358
"3627","3902423","Private Bedroom in a great flat",20189155,"Alexandra","Central Region","Bukit Merah",1.29002,103.82315,"Private room",65,1,5,"03.01.2016",0.09,1,0
"3630","3954113","01 Queen bed private rm landed home",6727323,"Gweny","North-East Region","Serangoon",1.34518,103.86094,"Private room",69,1,77,"08.08.2019",1.27,3,56
"3631","3980202","1-person Bunk Bed Private Room",8773916,"Superb Hostel","Central Region","Rochor",1.30148,103.85813,"Private room",58,1,28,"26.08.2018",0.47,7,233
"3632","3981252","Ultra convenient Condo close to MRT",20636569,"Chris","East Region","Bedok",1.31808,103.90582,"Private room",78,1,1,"26.10.2014",0.02,1,362
"3633","3990431","1-person Bunk Bed Private Room",8773916,"Superb Hostel","Central Region","Rochor",1.30348,103.85969,"Private room",58,1,10,"14.12.2017",0.2,7,233
"3634","3991040","master room--quiet and cozy",17320382,"Judy","West Region","Jurong East",1.33856,103.73562,"Private room",65,1,34,"30.07.2019",0.92,1,329
"3637","4027867","cosy apartment",20883050,"Alvin","Central Region","Geylang",1.31131,103.88343,"Private room",60,1,47,"02.08.2019",0.8,37,346
"3639","4087935","Within a stone's throw from Orchard",21022554,"Marty","Central Region","Novena",1.31718,103.84287,"Private room",89,2,13,"11.08.2016",0.22,2,355
"3640","4139205","Bedroom En-Suite @ Orchard/Central Area....",10248444,"Rc","Central Region","River Valley",1.29671,103.83999,"Private room",94,1,100,"16.07.2019",1.71,48,336
"3641","4139964","SPACIOUS ENSUITE CONDOROOM NEAR MRT",21386285,"Susie","West Region","Jurong East",1.33678,103.73758,"Private room",79,5,10,"27.07.2019",0.17,15,348
"3642","4191852","Luxury Condo Room near Lake & MRT",21386285,"Susie","West Region","Jurong West",1.34702,103.72274,"Private room",62,3,3,"15.06.2019",0.05,15,365
"3643","4191900","Luxury Condo Room just opposite of  MRT",21386285,"Susie","West Region","Jurong West",1.34615,103.72261,"Private room",62,3,1,"25.01.2015",0.02,15,365
"3645","4360679","Simple Private Room for Two",20883050,"Alvin","Central Region","Geylang",1.31025,103.88326,"Private room",60,1,109,"12.08.2019",1.86,37,333
"3646","4360811","Cosy Room For 2",20883050,"Alvin","Central Region","Geylang",1.31107,103.88292,"Private room",60,1,102,"13.08.2019",1.73,37,346
"3647","4380000","Prime Orchard Master Near Somerset",11390076,"Tryston","Central Region","Newton",1.30475,103.84032,"Private room",99,3,6,"20.07.2019",0.11,18,364
"3648","4446102","04 Pleasant stay in landed home",6727323,"Gweny","North-East Region","Serangoon",1.34432,103.86255,"Private room",78,1,42,"15.10.2018",0.73,3,267
"3650","4478773","05 Queen bed ensuite landed home xx",6727323,"Gweny","North-East Region","Serangoon",1.3448,103.86144,"Private room",67,3,42,"11.08.2019",0.72,3,40
"3651","4484727","Master Rm A1 nr MRT/CBP/CGH/SUTD/Boeing & SIA",4705949,"Kit","East Region","Bedok",1.32899,103.94787,"Private room",119,3,39,"19.05.2019",0.67,13,78
"3652","4505008","cosy apartment 2",20883050,"Alvin","Central Region","Geylang",1.31017,103.88253,"Private room",60,1,49,"12.08.2019",0.85,37,304
"3653","4526703","City room with Bay and sea view",23466247,"Willy","Central Region","Kallang",1.30706,103.86326,"Private room",131,30,6,"02.06.2018",0.11,2,365
"3654","4526966","Gorgeous Suite Mins from the City!",1644940,"Jack","Central Region","Novena",1.3218,103.84266,"Private room",69,1,15,"25.08.2019",0.26,2,211
"3656","4541072","Condo-4 MRT-stops-to-Orchard-15 min",11390076,"Tryston","Central Region","Toa Payoh",1.34151,103.84163,"Private room",75,3,15,"22.07.2019",0.35,18,256
"3657","4544814","Condo Common Room for rent",10776798,"Tracey","West Region","Bukit Panjang",1.34713,103.77272,"Private room",50,1,4,"26.07.2019",0.13,4,335
"3658","4545820","5 mins walk from MRT",20883050,"Alvin","Central Region","Geylang",1.30972,103.88266,"Private room",60,1,63,"11.08.2019",1.09,37,348
"3659","4561463","Spacious master bedroom ",23314147,"Isabel","Central Region","River Valley",1.29702,103.84145,"Private room",119,2,1,"01.01.2015",0.02,1,0
"3661","4584539","Master bed room for 3",20883050,"Alvin","Central Region","Geylang",1.31161,103.88143,"Private room",90,2,82,"07.08.2019",1.43,37,358
"3662","4600559","High Floor Double Room - Dover Area",19925548,"James","Central Region","Queenstown",1.30489,103.78451,"Private room",81,1,2,"14.09.2015",0.04,1,0
"3665","4645834","Hotel concept rooms in apartment ",20883050,"Alvin","Central Region","Geylang",1.31102,103.88139,"Private room",60,1,36,"21.04.2019",0.63,37,365
"3666","4656221","Cosy Apartment @ Geylang",20883050,"Alvin","Central Region","Geylang",1.3096,103.88166,"Private room",60,1,57,"26.07.2019",0.99,37,352
"3667","4656316","EverGreen Residences ",20883050,"Alvin","Central Region","Geylang",1.31045,103.88148,"Private room",60,1,39,"11.08.2019",0.69,37,353
"3668","4712676","HOMESTAY- Deluxe Room with SEALY King Bed + B'fast",24353373,"Jeff","North-East Region","Ang Mo Kio",1.36573,103.83874,"Private room",56,14,2,"16.05.2016",0.04,1,88
"3670","4768668","Comfy Room w Greenery View Hospitable Private Cond",12204719,"Calvin","East Region","Bedok",1.31217,103.91206,"Private room",65,90,51,"07.04.2019",1.21,1,85
"3671","4771752","Everything You Need in SG - Room 2",7044509,"Katherine","Central Region","Museum",1.29929,103.84774,"Private room",110,90,4,"31.07.2016",0.09,2,281
"3672","4787666","New Condo at Lakeside MRT - 1 Pax",228867,"Champ","West Region","Jurong West",1.34294,103.71752,"Private room",50,3,1,"01.08.2016",0.03,7,362
"3673","4788392","Lakeholmz Condo Near Lakeside MRT",228867,"Champ","West Region","Jurong West",1.34147,103.71788,"Private room",75,1,1,"29.09.2015",0.02,7,365
"3674","4817784","Master Bedroom  with Serene Greenery",3523910,"Julian","West Region","Clementi",1.3311,103.76794,"Private room",99,5,6,"16.03.2019",0.3,3,284
"3675","4818187","B-Private Bathroom Cosy Bedroom",3523910,"Julian","Central Region","Bukit Timah",1.33108,103.76853,"Private room",78,5,27,"16.08.2018",0.54,3,307
"3676","4818191","A-Private Bathroom Spacious Bedrm",3523910,"Julian","Central Region","Bukit Timah",1.33179,103.7664,"Private room",87,5,18,"03.10.2018",0.36,3,269
"3677","4863317","highrise heritage queenbed RmA1",8948251,"Joey","Central Region","Outram",1.2851,103.84195,"Private room",42,90,1,"01.12.2016",0.03,83,365
"3678","4869221","Fireworks view* hiriseEnsuite8 + PrivateLivingRm",8948251,"Joey","Central Region","Outram",1.28614,103.8421,"Private room",99,90,2,"01.02.2018",0.07,83,326
"3680","4926170","Room 4B in Terrace House @ Thomson Village",25375339,"ｼﾝ","Central Region","Bishan",1.35418,103.8336,"Private room",60,1,3,"02.08.2019",0.23,9,356
"3682","4926634","Master Room With Balcony for 3",20883050,"Alvin","Central Region","Geylang",1.31114,103.88278,"Private room",90,1,150,"12.08.2019",2.68,37,337
"3683","4934283","1/2Suite@payalebar/aircon/near Serangoon MRT/cheap",25422497,"Audrey","North-East Region","Hougang",1.349,103.88105,"Private room",35,10,6,"13.01.2018",0.17,7,365
"3685","4990392","Cosy Apartment for Rent",20883050,"Alvin","Central Region","Geylang",1.31091,103.88131,"Private room",60,1,63,"10.08.2019",1.12,37,342
"3686","4990462","Evergreen Residences @ Geylang",20883050,"Alvin","Central Region","Geylang",1.3103,103.88191,"Private room",60,1,35,"03.08.2019",0.63,37,350
"3687","4996744","Comfortable and Centrally Located ",25713960,"Ankur","Central Region","River Valley",1.29435,103.83551,"Private room",125,1,1,"16.01.2015",0.02,1,0
"3688","5006143","Fabulous & Cosy Apt. in the City.",1280862,"JZ Dale","Central Region","Queenstown",1.30505,103.79822,"Private room",82,4,3,"13.09.2018",0.08,1,365
"3690","5036145","Cozy Room in the Heart",25996335,"Lee","Central Region","Kallang",1.31408,103.854,"Private room",92,1,8,"04.07.2017",0.15,9,266
"3691","5040689","Exquisite & cosy room for rental",11463785,"Dianne","North-East Region","Ang Mo Kio",1.37043,103.83038,"Private room",37,29,3,"17.02.2018",0.12,3,364
"3693","5082033","Private room in Central Singapore",26235335,"Saurabh","Central Region","Kallang",1.31403,103.84667,"Private room",60,1,3,"15.08.2015",0.05,1,0
"3694","5111893","Cosy Room with Workstation & WiFi",23772720,"Jasmine","Central Region","Tanglin",1.29611,103.82991,"Private room",69,21,16,"04.08.2019",0.32,4,141
"3695","5116961","ROOM in magazine-featured apt",4430782,"Ethan","Central Region","Bukit Merah",1.28257,103.83125,"Private room",132,2,2,"22.12.2017",0.04,1,362
"3696","5117966","Cosy Apartment 4",20883050,"Alvin","Central Region","Geylang",1.31153,103.88118,"Private room",60,1,17,"21.07.2019",0.32,37,347
"3697","5118006","Evergreen Residences 2",20883050,"Alvin","Central Region","Geylang",1.31105,103.88313,"Private room",60,1,55,"05.08.2019",1,37,342
"3699","5129422","Master Rm A3 nr MRT/CBP/CGH/SUTD/Boeing & SIA",4705949,"Kit","East Region","Bedok",1.33043,103.94814,"Private room",56,3,39,"08.08.2019",0.79,13,75
"3700","5177256","Little Habitat 2- Love Local.",2927830,"Shwu Shenn","Central Region","Bishan",1.35376,103.83178,"Private room",49,3,70,"25.02.2019",1.27,3,0
"3701","5184871","Little Habitat 1-  Love local.",2927830,"Shwu Shenn","North Region","Central Water Catchment",1.35332,103.82851,"Private room",49,3,98,"12.02.2019",1.79,3,0
"3702","5186159","Master Room B1 nr MRT/CBP/CGH/SUTD/Airport/SIA",4705949,"Kit","East Region","Bedok",1.32873,103.94814,"Private room",67,3,56,"02.06.2019",1.08,13,71
"3703","5186205","Master Room B2 nr MRT/CBP/CGH/SUTD/Airport/SIA",4705949,"Kit","East Region","Bedok",1.3284,103.94773,"Private room",67,3,76,"09.08.2019",1.38,13,73
"3704","5186243","Master Room B3 nr MRT/CBP/CGH/SUTD/Airport/SIA",4705949,"Kit","East Region","Bedok",1.33027,103.94787,"Private room",67,3,71,"23.08.2019",1.38,13,74
"3705","5214226","Little Habitat 3- Love Local.",2927830,"Shwu Shenn","Central Region","Bishan",1.35426,103.82829,"Private room",49,3,61,"24.02.2019",1.11,3,0
"3707","5253639","Evergreen Residences @ Singapore",20883050,"Alvin","Central Region","Geylang",1.3114,103.88322,"Private room",60,1,25,"12.08.2019",0.47,37,353
"3708","5276634","Master Room B4 nr MRT/CBP/CGH/SUTD/Airport/SIA",4705949,"Kit","East Region","Bedok",1.32845,103.94697,"Private room",69,3,43,"16.08.2019",0.83,13,84
"3710","5302410","Double Room in Condo at Tiong Bahru",12035631,"Nicolas","Central Region","Bukit Merah",1.2856,103.82841,"Private room",60,5,7,"12.07.2016",0.13,1,0
"3712","5348037","Master Rm 70R2 nr Expo/SUTD/CBP/Airport/Boeing",4705949,"Kit","East Region","Tampines",1.34159,103.95868,"Private room",54,4,41,"27.05.2019",0.75,13,55
"3713","5355703","Master Rm 70L2 nr Expo/CBP/Airport/Boeing/CGH",4705949,"Kit","East Region","Tampines",1.34144,103.95809,"Private room",54,4,29,"27.04.2019",0.54,13,75
"3717","5424650","Private room in a 2 bedroom condo",23761993,"Sajag","Central Region","Marine Parade",1.30197,103.89935,"Private room",49,2,10,"11.08.2019",0.62,1,344
"3718","5428995","Best master room renting-serangoon",17295605,"Olivia","North-East Region","Serangoon",1.34489,103.8724,"Private room",58,2,3,"23.07.2015",0.05,1,0
"3720","5493930","Luxurious En Suite 1 Near Orchard",28489587,"Anita & David","Central Region","Novena",1.3195,103.84791,"Private room",99,1,238,"22.08.2019",4.39,3,329
"3721","5494971","Grand En Suite 2 Near Orchard",28489587,"Anita & David","Central Region","Novena",1.31773,103.84633,"Private room",94,1,191,"23.08.2019",3.56,3,351
"3722","5540894","Humble home buried in the west",15983434,"Danny","West Region","Jurong West",1.35162,103.70342,"Private room",250,1,54,"01.05.2016",0.99,1,365
"3723","5584157","Best Value In Town! All Student+Guest loves it!",28954164,"Michelle","North Region","Woodlands",1.44299,103.79424,"Private room",37,180,107,"05.08.2019",2.02,3,11
"3726","5609608","Very Cozy  House With Housekeeping+Laundry Service",28954164,"Michelle","North Region","Woodlands",1.44196,103.7939,"Private room",37,180,64,"31.05.2019",1.22,3,45
"3727","5650675","Common Room with Own Bathroom @  Eunos MRT",15553995,"Mrs Tan","East Region","Bedok",1.31494,103.90681,"Private room",44,5,11,"07.05.2019",0.2,8,332
"3728","5652706","Cozy Double (Website hidden by Airbnb) . Elevator",29295816,"Jojo","North-East Region","Hougang",1.36515,103.87495,"Private room",118,2,7,"24.03.2019",0.16,5,363
"3731","5798211","The Studio Suite",30080617,"Eddie","East Region","Tampines",1.34587,103.96046,"Private room",85,90,151,"10.07.2019",2.97,7,365
"3734","5827713","The Private Sanctuary",30080617,"Eddie","East Region","Tampines",1.34495,103.96043,"Private room",69,90,285,"12.07.2019",5.4,7,365
"3735","5827998","The Lily Room",30080617,"Eddie","East Region","Tampines",1.34463,103.96107,"Private room",60,2,296,"28.06.2019",5.56,7,0
"3736","5832741","Condo Rm near Boon Lay MRT Station",4751749,"Aveline","West Region","Jurong West",1.35015,103.69571,"Private room",43,90,19,"12.08.2018",0.36,2,264
"3737","5854894","Near central heritage house Common room C1.",7095710,"Elise","Central Region","Kallang",1.31621,103.85614,"Private room",49,5,16,"29.06.2019",0.34,12,49
"3739","5856080","Master room at Eunos MRT",30405960,"Dario","Central Region","Geylang",1.31677,103.90182,"Private room",44,1,6,"02.01.2016",0.11,1,0
"3740","5856458","1 Condo Single Room near to Boon Lay MRT",4751749,"Aveline","West Region","Jurong West",1.35177,103.69583,"Private room",40,90,14,"25.12.2018",0.27,2,292
"3744","5897641","CITY-CHINATOWN",30630603,"Kathleen","Central Region","Outram",1.2843,103.84738,"Private room",125,21,133,"13.03.2019",2.51,1,0
"3745","5902912","Clean & Comfy Budget Private Room",18465663,"Natalia","North-East Region","Sengkang",1.3991,103.89017,"Private room",50,2,83,"29.06.2019",1.61,1,356
"3746","5919270","The Antiquity Room",30080617,"Eddie","East Region","Tampines",1.34471,103.96249,"Private room",81,90,245,"03.07.2019",4.64,7,263
"3747","5920090","Project Bugis: Designer Deluxe Twin",30744596,"5footway","Central Region","Rochor",1.30218,103.86036,"Private room",87,1,5,"11.02.2016",0.1,4,0
"3748","5922010","Project Bugis: Standard Double Loft",30744596,"5footway","Central Region","Rochor",1.30162,103.86022,"Private room",76,1,39,"02.11.2016",0.74,4,0
"3749","5922317","Project Bugis: Standard Twin Room",30744596,"5footway","Central Region","Rochor",1.30223,103.86083,"Private room",76,1,23,"06.08.2016",0.45,4,0
"3751","5975052","New home",12318610,"Tay","North Region","Yishun",1.41621,103.84424,"Private room",62,1,11,"20.07.2019",0.35,2,330
"3754","6026528","Cozy room near Changi business park",24496358,"Katherine","East Region","Bedok",1.31934,103.91574,"Private room",90,3,5,"17.09.2018",0.1,24,342
"3755","6055601","Cosy room with Wifi @ River Valley",23772720,"Jasmine","Central Region","Tanglin",1.29504,103.82971,"Private room",58,21,6,"06.12.2018",0.13,4,149
"3756","6068744","A jungle view with birdsong",31498431,"Andrea","West Region","Bukit Panjang",1.36634,103.76963,"Private room",110,2,33,"11.06.2016",0.63,1,0
"3758","6147142","The Music Room",30080617,"Eddie","East Region","Tampines",1.34468,103.96102,"Private room",56,2,263,"07.07.2019",5.02,7,0
"3760","6170451","Expats' choice!! Suites master room",24496358,"Katherine","East Region","Bedok",1.32112,103.91641,"Private room",119,3,3,"16.11.2016",0.06,24,350
"3761","6203213","near town mrt Amk condo com room",32171129,"Winnie","North-East Region","Ang Mo Kio",1.37741,103.84776,"Private room",62,1,2,"08.05.2015",0.04,2,0
"3762","6221711","A Cozy Room at a Heritage Area",31718578,"Florence","Central Region","Bukit Merah",1.27495,103.83571,"Private room",81,2,162,"22.08.2019",3.13,1,289
"3765","6305559","Master The Sail@marina bay",32798595,"Expats Housing Provider @ Raffles P","Central Region","Downtown Core",1.28026,103.85296,"Private room",90,60,1,"24.03.2016",0.02,41,364
"3766","6317686","highrise EnsuiteM1A + attached bathroom",8948251,"Joey","Central Region","Outram",1.28326,103.84318,"Private room",56,90,1,"03.11.2016",0.03,83,343
"3768","6349839","Best Location & Great View!",3751978,"Jason","Central Region","Singapore River",1.28985,103.84782,"Private room",110,2,6,"16.10.2015",0.12,1,0
"3769","6352091","Master Room with bathroom near MRT",8363779,"Phan","West Region","Bukit Panjang",1.36895,103.76637,"Private room",69,2,1,"29.01.2016",0.02,2,26
"3770","6352827","Lor 17 L3R1 Masterbed room w private toilet",33096269,"E C","Central Region","Geylang",1.31322,103.87976,"Private room",50,2,99,"26.08.2019",3.26,14,77
"3771","6419148","Derek & Callie's Room of Sweet",8271875,"Derek","North Region","Yishun",1.42841,103.83065,"Private room",56,2,22,"04.02.2016",0.44,1,0
"3773","6469942","Clean  Room @Holland Village",33799940,"Udbhav","Central Region","Bukit Timah",1.31174,103.79713,"Private room",50,1,1,"09.06.2015",0.02,1,0
"3774","6485145","Master Room for Families",20883050,"Alvin","Central Region","Geylang",1.31097,103.8826,"Private room",90,1,115,"12.08.2019",2.22,37,319
"3779","6529707","Room 1 - Affordable room near the university",33003286,"Suan Khim","West Region","Clementi",1.29361,103.76746,"Private room",81,5,34,"25.05.2019",0.67,2,115
"3780","6547248","Stay at Bukit Timah natural reserve",5556667,"David","Central Region","Bukit Timah",1.34486,103.76871,"Private room",76,90,2,"22.01.2018",0.04,1,365
"3781","6553302","Expats' choice!! Cozy room near MRT",24496358,"Katherine","East Region","Bedok",1.32089,103.91503,"Private room",90,3,2,"12.06.2019",0.13,24,301
"3782","6591835","Lovely double bedroom with ensuite",11885993,"John","Central Region","River Valley",1.29289,103.84007,"Private room",65,2,2,"04.08.2015",0.04,1,0
"3783","6630341","Affordable stay near Serangoon!",34707865,"Stteven","North-East Region","Serangoon",1.34471,103.86898,"Private room",81,1,90,"17.08.2019",1.84,3,333
"3784","6638508","Lovely Room With a View",11324694,"Rainer","Central Region","Kallang",1.313,103.85922,"Private room",76,90,11,"31.03.2019",0.22,2,256
"3786","6669434","best deal!Very big room $18/night",34906406,"Gao","West Region","Choa Chu Kang",1.37734,103.75464,"Private room",18,1,1,"30.06.2015",0.02,1,0
"3787","6713936","Food Paradise Apartment",20755031,"Cao","East Region","Bedok",1.33331,103.94124,"Private room",69,2,3,"30.01.2016",0.06,1,0
"3788","6716844","4-person Bunk/Loft Bed Private Room",8773916,"Superb Hostel","Central Region","Rochor",1.30205,103.85804,"Private room",119,1,2,"01.01.2018",0.07,7,233
"3790","6718219","Explore Serangoon!",34707865,"Stteven","North-East Region","Serangoon",1.34399,103.87076,"Private room",67,1,51,"16.08.2019",1.02,3,74
"3791","6718514","Affordable Room Stay in Serangoon",34707865,"Stteven","North-East Region","Serangoon",1.34604,103.87111,"Private room",69,1,70,"25.08.2019",1.38,3,341
"3792","6774977","ORCHARD FAMILY ROOM 6",35467530,"Crystal","Central Region","River Valley",1.29453,103.83733,"Private room",78,1,111,"11.08.2019",2.19,2,3
"3795","6826957","Spacious double room + private bath in town CBD",35761298,"Michael","Central Region","Singapore River",1.28777,103.84907,"Private room",125,90,74,"23.12.2018",1.46,1,270
"3796","6845452","Double room in modern condo w/ pool",4962175,"Lucy","Central Region","Geylang",1.31406,103.88626,"Private room",60,1,2,"10.07.2015",0.04,1,0
"3798","6888824","Master Room for 3 @ Evergreen",20883050,"Alvin","Central Region","Geylang",1.31117,103.88298,"Private room",90,1,79,"12.08.2019",1.56,37,340
"3799","6890874","Newly Renovated Loft in the Heart of Downtown",343908,"Matthew","Central Region","Outram",1.28376,103.83965,"Private room",93,4,3,"31.03.2017",0.09,1,157
"3800","6891247","1960s aLoftbed Rm w wash basin & TV & window",8948251,"Joey","Central Region","Kallang",1.30886,103.86363,"Private room",50,20,1,"02.08.2015",0.02,83,362
"3801","6891630","Lavender Queenbed RmA Heritage windows: 5mwalkMRT",2413412,"Kaurus","Central Region","Kallang",1.30854,103.86291,"Private room",36,18,4,"01.07.2019",0.12,112,354
"3805","6941608","Black and White Studio 4",11648081,"Joey","Central Region","Rochor",1.30233,103.84643,"Private room",100,2,30,"23.12.2018",0.67,2,0
"3806","6959323","Pine Grove Condo",35045917,"Fengqi","Central Region","Bukit Timah",1.31887,103.77462,"Private room",50,3,1,"28.09.2015",0.02,1,0
"3807","6968350","ORCHARD FAMILY ROOM 5",35467530,"Crystal","Central Region","River Valley",1.29647,103.83779,"Private room",74,1,129,"04.08.2019",2.6,2,5
"3808","7010578","A vintage walkup at East Coast",522068,"Peklyn","East Region","Bedok",1.30898,103.91219,"Private room",87,1,72,"24.07.2017",1.45,1,0
"3809","7031773","Lavender window roomA1 > 4min lav MRT > 3min Bugis",2413412,"Kaurus","Central Region","Kallang",1.3123,103.86255,"Private room",37,28,1,"12.07.2018",0.07,112,331
"3810","7053111","Sunny Room in Downtown Singapore",6005951,"Aya","Central Region","Novena",1.32402,103.85313,"Private room",75,5,7,"22.06.2019",0.15,1,2
"3811","7054222","Black & White Studio 5",11648081,"Joey","Central Region","Rochor",1.30105,103.84786,"Private room",100,2,226,"13.08.2019",4.49,2,228
"3812","7069513","Common Serviced Room",14772025,"Xavier","North-East Region","Sengkang",1.3865,103.89341,"Private room",25,180,2,"09.07.2015",0.04,2,365
"3813","7095558","your serviced room in town!",21914963,"Lu","Central Region","Kallang",1.31737,103.85084,"Private room",100,90,1,"24.08.2015",0.02,1,363
"3815","7118321","Master Bedroom in Normanton Park",37291194,"Mostafa","Central Region","Queenstown",1.28618,103.79122,"Private room",50,4,1,"10.12.2015",0.02,1,0
"3816","7123932","Cosy Bedroom central spacious flat",24308449,"Melanie","Central Region","Rochor",1.30331,103.84848,"Private room",75,5,3,"05.01.2016",0.06,1,0
"3817","7165778","Simple bedroom near Sentosa Island",16640940,"Ira","Central Region","Bukit Merah",1.27242,103.80923,"Private room",75,1,37,"03.02.2019",1.13,1,319
"3818","7182463","Spacious Master's Bedroom at Paya Lebar",37629739,"May","Central Region","Geylang",1.31553,103.8909,"Private room",78,1,5,"21.06.2018",0.1,3,0
"3819","7206112","Master Bedroom  with Panoramic View",37651301,"Ghislain","Central Region","Bukit Merah",1.28283,103.83109,"Private room",99,2,1,"05.08.2015",0.02,3,0
"3820","7210133","Cosy common room for 2.",34438130,"Salleh","North Region","Woodlands",1.43537,103.77406,"Private room",60,1,1,"01.08.2018",0.08,1,363
"3821","7212903","Cosy Common room near MRT",8363779,"Phan","West Region","Bukit Panjang",1.36949,103.76564,"Private room",44,1,20,"15.06.2016",0.4,2,193
"3822","7216716","Big brown room in cool central shophouse.",9234946,"Hani","Central Region","Bukit Merah",1.27832,103.83774,"Private room",87,90,9,"09.12.2017",0.18,5,364
"3823","7227025","Common Room with Stunning View",37651301,"Ghislain","Central Region","Bukit Merah",1.27876,103.82701,"Private room",75,1,6,"31.07.2016",0.12,3,0
"3824","7227077","Cozy common in stunning Condo",37651301,"Ghislain","Central Region","Bukit Merah",1.28084,103.82894,"Private room",51,1,1,"26.12.2015",0.02,3,0
"3826","7235859","Private room at east coast",20213602,"Singaporejo","East Region","Bedok",1.31441,103.9127,"Private room",90,3,4,"08.04.2016",0.08,1,363
"3827","7250803","Lakeside En-suit/Master room.",37964493,"Kingsley","West Region","Jurong West",1.33317,103.72422,"Private room",65,90,23,"27.01.2019",0.57,2,0
"3830","7287975","Common Bedroom at Aston Mansions",37629739,"May","Central Region","Geylang",1.31306,103.89173,"Private room",69,1,1,"19.07.2015",0.02,3,0
"3832","7296138","Master bedroom with pool view",31583707,"Catherine","Central Region","Geylang",1.31286,103.88659,"Private room",50,90,23,"17.02.2017",0.49,2,36
"3835","7379192","highrise loftbed *roomDs @ chinatown heritage",8948251,"Joey","Central Region","Outram",1.28425,103.84296,"Private room",37,90,2,"06.05.2019",0.13,83,354
"3836","7441844","Green Space",27072426,"WorldQ","North-East Region","Sengkang",1.38404,103.89558,"Private room",40,3,5,"03.09.2017",0.1,2,0
"3837","7470884","master room + balcony 阳台主人房",29717004,"Li","North-East Region","Serangoon",1.35419,103.87758,"Private room",79,2,1,"27.09.2015",0.02,1,0
"3839","7508511","Master-bed with panoramic lake view",39335164,"Mehdi","West Region","Bukit Batok",1.3549,103.75239,"Private room",79,3,1,"06.03.2016",0.02,1,0
"3840","7511173","Nice view Condo For Lovely Guests",32388094,"Min","North-East Region","Ang Mo Kio",1.37175,103.8475,"Private room",62,2,108,"08.08.2019",2.2,1,222
"3841","7517671","Super Big Master room",10064384,"Jay","Central Region","Downtown Core",1.27377,103.84523,"Private room",200,90,96,"13.02.2019",2.15,10,347
"3843","7536368","Raffles Master Room",10064384,"Jay","Central Region","Downtown Core",1.274,103.84603,"Private room",160,90,11,"30.11.2018",0.28,10,364
"3844","7537301","Ocean view  Master Room in Penthouse",10064384,"Jay","Central Region","Downtown Core",1.27843,103.84614,"Private room",169,90,37,"06.01.2019",0.81,10,354
"3845","7537485","Common Room",10064384,"Jay","Central Region","Downtown Core",1.2745,103.84656,"Private room",150,90,30,"04.01.2019",0.7,10,0
"3846","7537692","Penthouse Master Room",10064384,"Jay","Central Region","Outram",1.27829,103.84485,"Private room",169,90,32,"18.01.2019",0.7,10,365
"3847","7538532","Central Master bedroom in Orchard/River Valley",6039862,"Nellie","Central Region","River Valley",1.29795,103.83012,"Private room",75,10,13,"06.08.2019",0.26,1,325
"3848","7576008","Love Room",39718280,"Jianan","Central Region","Geylang",1.31245,103.87858,"Private room",49,1,3,"27.08.2015",0.06,1,0
"3849","7582910","Quiet & Clean Master Room at East Area",15553995,"Mrs Tan","Central Region","Geylang",1.31443,103.90604,"Private room",60,3,5,"17.02.2019",0.12,8,361
"3850","7641522","3-person Bunk/Loft Bed Private Room",8773916,"Superb Hostel","Central Region","Rochor",1.30298,103.85774,"Private room",90,1,3,"16.12.2018",0.12,7,233
"3852","7653937","Lavender DoubleBed rmA*2: 5m walk MRT",2413412,"Kaurus","Central Region","Kallang",1.30702,103.86212,"Private room",40,18,1,"05.08.2016",0.03,112,359
"3854","7655771","★Enchanting City Fringe Queen Bedroom★",20874965,"Marilyn","Central Region","Marine Parade",1.30805,103.89592,"Private room",56,1,207,"12.08.2019",4.19,8,53
"3855","7666917","AA WARM & COZY HOME at BB (B/RM 1).",40129954,"Alan","West Region","Bukit Batok",1.35285,103.75816,"Private room",37,90,7,"01.01.2016",0.14,2,365
"3856","7667016","1960s Queenbed RmA2 @ lavender bugis",8948251,"Joey","Central Region","Kallang",1.30726,103.86185,"Private room",40,18,3,"06.01.2018",0.06,83,360
"3857","7681974","Your first home in Singapore",40345484,"Ine","Central Region","Tanglin",1.29325,103.82334,"Private room",85,2,11,"06.04.2017",0.25,3,230
"3858","7684283","Singapore Green Space",27072426,"WorldQ","North-East Region","Sengkang",1.38424,103.89553,"Private room",81,4,25,"19.01.2019",0.52,2,104
"3859","7697928","clean home near NTU",40431744,"Syed","West Region","Jurong West",1.34036,103.68779,"Private room",40,2,9,"28.02.2019",0.19,2,271
"3860","7725406","cosy and clean room near NTU",40431744,"Syed","West Region","Jurong West",1.33903,103.68782,"Private room",37,4,4,"08.12.2018",0.08,2,200
"3861","7733844","LARGE MASTER SUITE@ BUONA VISTA MRT",4412979,"Sue","Central Region","Bukit Timah",1.31743,103.77955,"Private room",85,3,56,"23.07.2019",1.17,8,270
"3863","7765392","Cozy Penthouse Room",11324694,"Rainer","Central Region","Kallang",1.31209,103.85757,"Private room",58,90,9,"12.08.2019",0.19,2,17
"3864","7766300","Private room",31212677,"Shyam","North-East Region","Punggol",1.40029,103.90401,"Private room",44,1,1,"22.07.2019",0.79,2,365
"3865","7769781","Large Room- CBD Next to KALPSON AMARA & SOUTHPOINT",40868086,"Tilak","Central Region","Bukit Merah",1.27439,103.84083,"Private room",200,1,28,"25.01.2019",0.57,1,364
"3866","7791384","Relax at this Cosy Innercity Condo",40912626,"Royce","Central Region","Kallang",1.32741,103.86411,"Private room",51,2,22,"03.01.2018",0.45,2,0
"3867","7814843","Private Room In East",40912923,"Erin","Central Region","Marine Parade",1.31182,103.90644,"Private room",56,1,202,"30.06.2019",4.13,4,0
"3868","7827659","Master Room with Bathroom Inside",40912923,"Erin","East Region","Bedok",1.31403,103.90645,"Private room",65,1,262,"30.06.2019",5.33,4,0
"3869","7829853","room for 2 with balcony ( Smoking )",20883050,"Alvin","Central Region","Geylang",1.31186,103.88136,"Private room",69,1,10,"06.08.2019",0.2,37,362
"3870","7830009","Balcony room for 2",20883050,"Alvin","Central Region","Geylang",1.31138,103.88157,"Private room",69,1,26,"22.07.2019",0.53,37,358
"3871","7830012","Room for 2 with balcony @ Geylang",20883050,"Alvin","Central Region","Geylang",1.31153,103.88267,"Private room",69,1,15,"22.07.2019",0.31,37,365
"3872","7843168","1 Super Single Bed In Private Room",40912923,"Erin","Central Region","Geylang",1.31422,103.90481,"Private room",40,1,285,"30.06.2019",5.86,4,0
"3873","7849158","Room @ 197D Boon Lay Drive near NTU",41360622,"Piriya","West Region","Jurong West",1.34509,103.71449,"Private room",39,60,4,"05.06.2019",0.1,2,339
"3874","7888339","Lavender Bugis Long term Leases > 3mths available",2413412,"Kaurus","Central Region","Kallang",1.30838,103.86142,"Private room",40,18,3,"01.11.2015",0.06,112,359
"3875","7900299","Queen bed > Master Room at East area",15553995,"Mrs Tan","East Region","Bedok",1.31593,103.90714,"Private room",51,5,4,"02.04.2017",0.08,8,271
"3876","7905972","Private room in Katong (near town)",12422759,"Christine","Central Region","Marine Parade",1.30678,103.90351,"Private room",75,5,4,"28.10.2015",0.08,1,363
"3877","7914388","Huge Master Room at Bugis Area",41721275,"Vicky","Central Region","Rochor",1.3009,103.85213,"Private room",90,1,161,"02.08.2019",3.33,2,345
"3878","7927886","Cosy Japanese Garden Common room",37964493,"Kingsley","West Region","Jurong East",1.33316,103.72676,"Private room",56,90,28,"31.07.2019",0.6,2,184
"3880","7946472","1960s singlebed *RmA @ lavender bugis.",8948251,"Joey","Central Region","Kallang",1.30854,103.86407,"Private room",44,18,2,"28.12.2016",0.06,83,359
"3882","7994039","1960s queenbed Rm*1 @ lavender bugis",8948251,"Joey","Central Region","Kallang",1.30852,103.86173,"Private room",40,18,2,"09.05.2016",0.04,83,359
"3884","8004063","Lavender Doublebed rmA* (3min:MRT>CBD:3min)",2413412,"Kaurus","Central Region","Kallang",1.30668,103.86207,"Private room",37,18,8,"15.02.2018",0.18,112,359
"3885","8004648","Homey cozy room in Natureland",42260465,"Agnes","North Region","Yishun",1.41633,103.84611,"Private room",94,2,15,"06.10.2017",0.32,1,365
"3886","8007663","Lavender DoubleBed rmA2: 5m walk MRT",2413412,"Kaurus","Central Region","Kallang",1.30787,103.86331,"Private room",39,18,3,"17.11.2016",0.06,112,360
"3887","8041344","Spacious Singaporean Style Master Bedroom",28444489,"Yong Han","Central Region","Geylang",1.31583,103.88886,"Private room",50,3,1,"07.08.2017",0.04,1,0
"3888","8055914","3mins walk to MRT- Aircon Master Room w/bathroom",14780123,"Dana","Central Region","Bukit Timah",1.32118,103.80424,"Private room",81,2,48,"22.08.2019",0.99,1,68
"3890","8111502","Nice Studio Room in Landed house(8)",24496358,"Katherine","East Region","Bedok",1.31724,103.91256,"Private room",131,3,7,"29.04.2019",0.16,24,301
"3892","8113569","Single Master Room & private bathroom (1)",24496358,"Katherine","East Region","Bedok",1.3185,103.91248,"Private room",90,3,3,"17.07.2019",0.1,24,253
"3893","8113712","Double Master Room & private bathroom (2)",24496358,"Katherine","East Region","Bedok",1.3172,103.9139,"Private room",100,3,2,"22.05.2018",0.12,24,239
"3894","8113821","Double Master Room & private bathroom (3)",24496358,"Katherine","East Region","Bedok",1.31857,103.91291,"Private room",100,3,4,"18.04.2019",0.1,24,341
"3895","8113893","Double Master Room & private bathroom (4)",24496358,"Katherine","East Region","Bedok",1.31722,103.9128,"Private room",100,3,5,"28.04.2018",0.12,24,343
"3896","8113936","Double Master Room & private bathroom (5)",24496358,"Katherine","East Region","Bedok",1.3168,103.91281,"Private room",100,3,3,"16.02.2019",0.07,24,312
"3897","8114003","Double Master Room & private bathroom (6)",24496358,"Katherine","East Region","Bedok",1.31744,103.91363,"Private room",100,3,8,"09.07.2019",0.17,24,337
"3898","8119521","Single Ac Rm at Condo close to Mrt",21386285,"Susie","West Region","Jurong East",1.33854,103.73746,"Private room",35,5,14,"07.12.2017",0.3,15,361
"3900","8143933","Modern Room for long term stay",19310531,"Amanda","Central Region","Queenstown",1.30207,103.79821,"Private room",58,183,2,"28.10.2017",0.06,1,89
"3901","8156342","Common Room Home Stay",32550968,"Vera","Central Region","Queenstown",1.30574,103.80105,"Private room",58,1,3,"02.08.2018",0.07,1,331
"3902","8156821","Rain Forest View Retreat Suite for Women",8740203,"Takico","Central Region","Novena",1.3404,103.82685,"Private room",89,3,28,"07.08.2019",0.63,2,350
"3903","8174016","Cosy room near Bugis",43597625,"An","Central Region","Rochor",1.30174,103.85389,"Private room",83,1,1,"13.07.2016",0.03,1,0
"3904","8176609","Room The Sail Marina Bay Raffle plc",32798595,"Expats Housing Provider @ Raffles P","Central Region","Downtown Core",1.28031,103.85144,"Private room",85,60,1,"31.01.2016",0.02,41,364
"3905","8180346","The Zen Room",30080617,"Eddie","East Region","Tampines",1.34432,103.96211,"Private room",50,2,203,"29.06.2019",4.26,7,0
"3908","8247580","Apartment near Orchard",21924646,"Tom","Central Region","Orchard",1.30021,103.83589,"Private room",119,5,1,"12.09.2015",0.02,1,0
"3910","8250221","Nice and quiet environment",43503277,"Theresa","Central Region","Bukit Timah",1.31855,103.77496,"Private room",150,1,5,"14.12.2015",0.1,1,0
"3911","8313460","cosy apartment 3",20883050,"Alvin","Central Region","Kallang",1.30971,103.87093,"Private room",60,1,73,"13.08.2019",1.52,37,314
"3912","8313545","standard room for 2",20883050,"Alvin","Central Region","Geylang",1.31137,103.88129,"Private room",60,1,80,"05.08.2019",1.68,37,346
"3913","8313660","Standard Room @ Geylang Road",20883050,"Alvin","Central Region","Geylang",1.31136,103.88151,"Private room",60,1,58,"10.08.2019",1.22,37,356
"3914","8313733","Hotel Concept Rooms",20883050,"Alvin","Central Region","Geylang",1.31152,103.88109,"Private room",60,1,11,"03.08.2019",0.23,37,354
"3915","8330622","Balcony Room for 2 @ Evergreen",20883050,"Alvin","Central Region","Geylang",1.31108,103.8833,"Private room",69,1,6,"13.08.2019",0.13,37,365
"3916","8345651","Queen-Size Double Room(Shared Bath)",43228625,"Gfourstation","Central Region","Rochor",1.30526,103.8495,"Private room",79,1,8,"16.05.2019",0.17,14,339
"3918","8380826","Jurong West Spacious Common Room (near NTU)",44165891,"Vikneswaran","West Region","Jurong West",1.34726,103.70083,"Private room",22,180,1,"28.10.2015",0.02,1,365
"3919","8391846","Private room in a new Condo",12325063,"Maxime","Central Region","Kallang",1.31714,103.85011,"Private room",56,2,2,"18.11.2015",0.04,1,0
"3920","8398148","Lavender Bugis Long term Leases > 3mths available",2413412,"Kaurus","Central Region","Kallang",1.30775,103.8622,"Private room",44,7,1,"16.05.2016",0.03,112,360
"3922","8432287","Cozy Private Room with Bathroom",15017059,"Fan","North-East Region","Serangoon",1.37279,103.87369,"Private room",40,5,14,"01.01.2018",0.3,1,0
"3923","8445747","Lavender DoubleBed RmA Heritage windows: 5mwalkMRT",2413412,"Kaurus","Central Region","Kallang",1.30857,103.86234,"Private room",44,18,1,"10.03.2016",0.02,112,344
"3924","8460997","1 bed room near city square mall",35188721,"Thomas","Central Region","Kallang",1.31439,103.85852,"Private room",50,5,3,"13.02.2016",0.07,1,0
"3927","8493657","Delightful room in colonial house",10312015,"James","Central Region","Bukit Merah",1.27629,103.83692,"Private room",131,4,26,"29.07.2019",0.59,1,0
"3929","8540163","Attic Master Room with attached Bathroom",15553995,"Mrs Tan","East Region","Bedok",1.31569,103.9067,"Private room",58,4,1,"12.07.2016",0.03,8,331
"3931","8609210","Green room in hippest area of SG!",9234946,"Hani","Central Region","Bukit Merah",1.28475,103.83289,"Private room",87,90,42,"10.04.2018",0.89,5,364
"3934","8658119","Room in Stylish Minimalist Apt. @ Holland Village",35444084,"Meen","Central Region","Queenstown",1.30652,103.79449,"Private room",75,1,8,"24.04.2019",0.17,1,128
"3935","8681954","The private room is bright so.",29977398,"David","East Region","Pasir Ris",1.38118,103.96262,"Private room",33,180,1,"23.07.2016",0.03,3,364
"3936","8726476","Town - Room 1F",15503071,"Dan","Central Region","Kallang",1.31546,103.85508,"Private room",69,90,16,"11.02.2019",0.4,13,278
"3940","8851732","HDB flat in farrer park",46349904,"Lynn","Central Region","Kallang",1.3134,103.85402,"Private room",200,1,1,"15.10.2015",0.02,1,0
"3941","8852917","Little India",46233359,"Qiu","Central Region","Rochor",1.3037,103.84988,"Private room",110,1,1,"13.10.2015",0.02,1,0
"3943","8872326","Penthouse Master Room S2-2",10064384,"Jay","Central Region","Downtown Core",1.27439,103.84714,"Private room",169,90,18,"26.12.2018",0.42,10,0
"3944","8878770","#2 Shean's Place",46463224,"Shean","West Region","Bukit Panjang",1.38884,103.7705,"Private room",56,5,18,"03.11.2018",0.39,2,149
"3945","8890247","Private room- 4 bed (Shared toilet)",46515276,"Ark","Central Region","Kallang",1.30985,103.87271,"Private room",100,2,36,"12.08.2019",0.79,11,355
"3946","8899095","One Master Bed Room - Cassia View.",17202370,"Son","Central Region","Geylang",1.31028,103.88633,"Private room",40,3,6,"02.05.2016",0.13,1,0
"3947","8909347","Super Big Penthouse - Master room S2-3",10064384,"Jay","Central Region","Downtown Core",1.27396,103.84523,"Private room",200,90,53,"13.02.2019",1.19,10,351
"3948","8909399","Penthouse Master Room S2-4",10064384,"Jay","Central Region","Downtown Core",1.2728,103.8448,"Private room",169,90,129,"04.03.2019",2.81,10,0
"3949","8909442","Penthouse Master Room S2-5",10064384,"Jay","Central Region","Downtown Core",1.27429,103.84519,"Private room",169,90,25,"08.11.2018",0.56,10,365
"3950","8909510","Raffles Master Room S2-6",10064384,"Jay","Central Region","Downtown Core",1.27331,103.84422,"Private room",161,2,9,"14.08.2019",0.21,10,0
"3953","9023549","Prestigious Room Resort Near City",35666883,"Ethan","Central Region","Marine Parade",1.30332,103.90058,"Private room",100,1,60,"06.08.2019",1.31,7,162
"3955","9030732","Large room in quiet condo with pool",47137927,"Julie","Central Region","Museum",1.29773,103.84347,"Private room",131,2,11,"19.10.2016",0.25,1,0
"3956","9032240","highrise *EnsuiteM1 + attached toilet & shower",8948251,"Joey","Central Region","Outram",1.28304,103.84294,"Private room",60,18,1,"05.12.2015",0.02,83,356
"3957","9033647","Shanz Homestay 姗之家",47153665,"Esther","West Region","Jurong West",1.35349,103.70204,"Private room",44,1,36,"02.08.2019",0.78,2,131
"3958","9042165","Prestigious hotel like bedroom",35666883,"Ethan","Central Region","Marine Parade",1.30208,103.90206,"Private room",118,1,37,"07.08.2019",0.83,7,179
"3959","9042423","Good location and friendly faimly",47187313,"Hugo","Central Region","Novena",1.31972,103.84736,"Private room",150,1,1,"03.05.2019",0.25,1,0
"3960","9079545","Relaxing Resort Room Vacation Stay",35666883,"Ethan","Central Region","Marine Parade",1.30195,103.90241,"Private room",81,1,107,"27.07.2019",2.39,7,158
"3961","9099599","Contemporary Couple/Single Bedroom",46345693,"Jesse","North Region","Yishun",1.41781,103.84287,"Private room",50,120,13,"01.04.2016",0.28,1,358
"3962","9104449","Bungalow stay near last hot spring",35666883,"Ethan","North Region","Sembawang",1.4382,103.82685,"Private room",78,1,22,"21.07.2019",1.09,7,364
"3963","9105592","Private Room for 2",39205735,"Joycelyn","North Region","Yishun",1.42591,103.8495,"Private room",81,3,1,"26.12.2018",0.12,1,177
"3966","9157484","Spacious double room at central",37530433,"Abigale","Central Region","Bukit Timah",1.33194,103.79488,"Private room",42,2,2,"24.12.2015",0.04,1,0
"3967","9158687","Huge room in heritage style walk-up",7687831,"Gladys","Central Region","Geylang",1.3153,103.90333,"Private room",81,90,1,"03.01.2016",0.02,1,0
"3968","9216943","Single Master Room Near MRT",47682311,"Joyce","West Region","Bukit Batok",1.34866,103.74683,"Private room",69,1,27,"17.10.2018",0.61,3,54
"3969","9249817","Central Resort-style Condo-Orchard/Cityhall/Bugis",13958436,"Till","Central Region","Rochor",1.30217,103.84695,"Private room",119,3,21,"29.06.2018",0.46,1,239
"3970","9268058","Private room- 5 bed (Shared toilet)",46515276,"Ark","Central Region","Kallang",1.31117,103.87361,"Private room",125,2,25,"05.08.2019",0.58,11,357
"3971","9268500","Private room- 6 bed (Shared toilet)",46515276,"Ark","Central Region","Kallang",1.3114,103.87215,"Private room",150,2,4,"19.03.2018",0.11,11,365
"3972","9268680","Private room- 7 bed (Shared toilet)",46515276,"Ark","Central Region","Kallang",1.31169,103.87275,"Private room",175,2,15,"20.07.2019",0.35,11,365
"3973","9269260","Private room- 8 bed (Shared toilet)",46515276,"Ark","Central Region","Kallang",1.31153,103.8723,"Private room",200,2,5,"22.04.2019",0.12,11,361
"3974","9269637","Private room- 8 bed (Privatetoilet)",46515276,"Ark","Central Region","Kallang",1.31017,103.87394,"Private room",256,2,1,"31.05.2016",0.03,11,365
"3975","9269848","Private room- 7 bed (Privatetoilet)",46515276,"Ark","Central Region","Kallang",1.30988,103.87346,"Private room",224,2,2,"21.07.2019",0.08,11,365
"3976","9269981","4 Private rooms - 16+ bed",46515276,"Ark","Central Region","Kallang",1.31108,103.8741,"Private room",432,2,6,"28.07.2019",0.14,11,361
"3977","9281075","Local homestay",48196619,"Jialin","West Region","Jurong West",1.34895,103.72199,"Private room",50,180,28,"21.01.2019",0.62,1,299
"3978","9320962","Sea view room with private bath",25151260,"Antonio","East Region","Bedok",1.31106,103.93683,"Private room",67,3,80,"12.08.2019",1.8,1,345
"3980","9338441","Amazing view from a modern loft",3584175,"Leslie","Central Region","Downtown Core",1.27399,103.84339,"Private room",103,1,1,"22.11.2015",0.02,1,0
"3981","9359194","8 BEDS Room for Group / Family 8pax",10861133,"DropINN","Central Region","Kallang",1.31408,103.85868,"Private room",181,1,4,"06.02.2019",0.1,11,365
"3982","9377436","Master Room in Heart of Singapore!",46080696,"Gabriele","Central Region","Rochor",1.29931,103.85063,"Private room",100,3,5,"24.04.2016",0.11,1,0
"3984","9381303","Bright & Spacious Master Room",24496358,"Katherine","East Region","Bedok",1.31934,103.91466,"Private room",100,28,1,"10.04.2016",0.02,24,322
"3985","9391037","6 BEDS Room for Group /Family 6 pax",10861133,"DropINN","Central Region","Kallang",1.3143,103.85881,"Private room",119,1,44,"05.08.2019",0.98,11,358
"3988","9416695","Affordable Comfy Room in the West",48825650,"Sue","West Region","Jurong East",1.34142,103.73525,"Private room",56,2,163,"17.08.2019",3.66,2,315
"3990","9436273","",41240585,"Audrey","Central Region","Bukit Merah",1.29108,103.83077,"Private room",69,2,4,"13.12.2015",0.09,1,0
"3991","9459389","Large Executive Master bedroom for 2",48400548,"Cheryl","North Region","Woodlands",1.44928,103.78434,"Private room",94,1,20,"10.06.2017",0.44,2,35
"3992","9464676","Private room near MRT/downtown 1",23069584,"JoJo","Central Region","Bishan",1.35885,103.84418,"Private room",81,2,13,"13.09.2016",0.29,2,0
"3993","9466660","Condo Room close to Jurong East Mrt",21386285,"Susie","West Region","Jurong East",1.33643,103.73771,"Private room",60,5,11,"10.08.2019",0.26,15,365
"3994","9513005","A-2mins subway/city central/aircon/wifi/bus/quiet",38730349,"J","Central Region","Kallang",1.31913,103.86103,"Private room",69,3,120,"29.07.2019",2.72,2,130
"3995","9532339","Garden-view room near MRT/downtown",23069584,"JoJo","Central Region","Bishan",1.35904,103.84735,"Private room",85,7,24,"01.01.2017",0.52,2,0
"3996","9532788","Chinatown: In the Heart of the City",49380207,"Ong","Central Region","Outram",1.28329,103.84251,"Private room",87,3,185,"04.08.2019",4.13,7,258
"3997","9555530","Cozy single bedroom share bathroom",47526026,"Yusheng","North Region","Mandai",1.42571,103.82591,"Private room",40,30,23,"18.08.2019",0.52,2,359
"3998","9563744","BUONA VISTA  BELLA @BUONA VISTA MRT",4412979,"Sue","Central Region","Bukit Timah",1.31604,103.78136,"Private room",67,3,88,"23.06.2019",1.96,8,314
"3999","9565545","Private room in a beautiful condo",43513564,"Arunesh","East Region","Bedok",1.31124,103.93764,"Private room",56,1,1,"26.11.2015",0.02,1,0
"4001","9567575","LARGE PRIVATE ROOM NEAR THE ORCHARD CITY CENTRE",35349480,"Sara","Central Region","Orchard",1.30471,103.82582,"Private room",65,90,61,"21.11.2017",1.38,1,364
"4005","9584573","Single Room w Attached Bathroom Near Train Station",4189855,"Anthony","North-East Region","Punggol",1.40529,103.90132,"Private room",35,90,2,"12.03.2019",0.23,1,354
"4006","9635192","Nice and cozzy room without window.",49380207,"Ong","Central Region","Outram",1.28471,103.8436,"Private room",58,3,172,"12.08.2019",3.79,7,340
"4007","9667448","The perfect common room near the airport",5112953,"Christian","East Region","Tampines",1.348,103.92826,"Private room",50,30,6,"15.05.2019",0.14,1,242
"4008","9669164","Tastefully renovated double bed",29295816,"Jojo","North-East Region","Hougang",1.36644,103.87583,"Private room",118,2,1,"18.08.2019",1,5,363
"4010","9673809","新加坡北部三巴望地铁口150米HDB 提供商务服务",49986525,"Moly","North Region","Sembawang",1.45051,103.81707,"Private room",35,3,2,"22.10.2016",0.05,1,0
"4012","9699851","Spacious Common Room (central area)",37629739,"May","Central Region","Geylang",1.31636,103.8809,"Private room",75,1,1,"27.12.2015",0.02,3,0
"4014","9717005","Quiet and Comfortable City-Fringe Apartment套房民宿201",7029973,"Teddy","Central Region","Novena",1.32066,103.85301,"Private room",81,2,37,"30.06.2019",3.4,5,69
"4018","9746208","CityLiving Chinatown",49380207,"Ong","Central Region","Outram",1.28294,103.84387,"Private room",87,3,141,"02.08.2019",3.22,7,201
"4019","9786807","Lake Side Resort 1+1",50445796,"Xi","East Region","Bedok",1.33708,103.93015,"Private room",72,2,149,"18.12.2018",3.34,2,0
"4021","9849145","#1 Shean's Place",46463224,"Shean","West Region","Bukit Panjang",1.39029,103.76979,"Private room",56,5,15,"27.07.2019",0.36,2,137
"4022","9866985","Beary's 2 Bed Private Room",45368183,"Beary Best Hostel","Central Region","Outram",1.28271,103.84586,"Private room",92,1,4,"26.01.2019",0.26,9,350
"4023","9872354","Between Airport & City Attic Room",7948331,"Stephanie & KT","Central Region","Marine Parade",1.30655,103.90307,"Private room",78,2,22,"17.08.2019",0.68,1,351
"4024","9872882","serangoon石龙岗豪华别墅超大主人房",37733466,"Jingjing","North-East Region","Serangoon",1.34444,103.87119,"Private room",60,5,2,"27.01.2017",0.05,1,0
"4026","9897216","Newly furnished beautiful room",3925108,"Korkwan","Central Region","Toa Payoh",1.3384,103.86546,"Private room",69,3,1,"30.12.2015",0.02,1,0
"4027","9898367","Lake Side Living 1+1",50445796,"Xi","East Region","Bedok",1.33668,103.93036,"Private room",72,2,168,"13.08.2019",3.77,2,45
"4028","9898989","One bedroom in plush condominium",50909973,"Ankur","Central Region","Queenstown",1.30723,103.7844,"Private room",56,4,2,"13.07.2016",0.05,1,0
"4030","9932692","Cozy double bedroom share bathroom",47526026,"Yusheng","North Region","Mandai",1.42562,103.82559,"Private room",44,90,12,"17.08.2016",0.27,2,300
"4031","9942594","Cozy Room in Queensway (Long Term) 3",34649530,"Prim","Central Region","Queenstown",1.28816,103.80309,"Private room",42,90,1,"09.06.2016",0.03,3,270
"4034","9959188","2BR/2BA Condo near Airport",16468727,"Luis","East Region","Tampines",1.34142,103.95665,"Private room",76,7,5,"26.01.2019",0.16,1,0
"4036","9979272","Cozy private condo room near CBD",20673777,"Prateek","Central Region","Marine Parade",1.29907,103.88689,"Private room",100,1,2,"27.02.2016",0.05,1,0
"4037","9979584","Room in Novena Condo - central and close to MRT",2062901,"Gillian","Central Region","Kallang",1.31451,103.84719,"Private room",60,2,7,"01.08.2019",0.61,1,23
"4038","9980935","Cozy Room @ Singapore North (No Aircon)",44783532,"Poh Heng Anthony","North Region","Yishun",1.42479,103.84528,"Private room",26,1,179,"24.08.2019",4,1,329
"4039","9985690","Room near the City",51307289,"Jason","Central Region","Novena",1.32852,103.856,"Private room",62,1,1,"03.01.2016",0.02,1,0
"4040","9986864","Cosy room in the heart of Singapore",51312096,"Christian","Central Region","Marine Parade",1.29866,103.89037,"Private room",150,2,2,"11.01.2016",0.05,1,364
"4042","10084321","Cosy Bedroom En-Suite@ Orchard area",46685310,"L","Central Region","River Valley",1.2948,103.8388,"Private room",87,1,46,"12.08.2019",1.02,28,350
"4043","10107535","Simple n Cosy Bed @InnercityCondo",40912626,"Royce","Central Region","Kallang",1.32656,103.86275,"Private room",44,2,53,"07.12.2017",1.19,2,0
"4045","10126030","Family room for 4 pax",43228625,"Gfourstation","North-East Region","Serangoon",1.35534,103.86679,"Private room",131,1,4,"19.12.2018",0.18,14,344
"4046","10214097","Luxurious Sea-Facing Condo next to Beach Amenities",52485030,"Kelly","East Region","Bedok",1.30986,103.93345,"Private room",133,1,39,"24.08.2019",1.39,1,277
"4047","10225514","Cosy En-suite Bedroom Suite @Orchard/ City Area",10248444,"Rc","Central Region","River Valley",1.29579,103.84014,"Private room",90,2,40,"06.07.2019",0.91,48,344
"4048","10240532","Stunning Forest Villa-MasterBedroom",9527221,"Lan","West Region","Bukit Panjang",1.36924,103.77507,"Private room",219,1,1,"18.01.2016",0.02,3,0
"4050","10273463","Long stay at the Breezy East Raintree",1017645,"Bianca","East Region","Bedok",1.32206,103.91345,"Private room",53,90,25,"30.06.2019",0.6,4,43
"4052","10302153","High floor with fantastic city view",24354918,"Daiyhsi","Central Region","Outram",1.28358,103.84438,"Private room",60,1,51,"13.08.2019",1.18,1,313
"4055","10381460","Spacious Bedroom Suite- 2 Queen Bed",10248444,"Rc","Central Region","River Valley",1.29671,103.8404,"Private room",144,1,150,"12.07.2019",3.42,48,310
"4056","10427701","highrise Ensuite attached bathroom @chinatown *9m1",8948251,"Joey","Central Region","Outram",1.28454,103.84391,"Private room",60,90,2,"08.06.2019",0.09,83,361
"4057","10440979","Ruhiges Zimmer in Nähe der MRT",53789189,"Klaus","Central Region","Bukit Timah",1.34158,103.76907,"Private room",50,3,39,"25.04.2019",0.93,1,121
"4063","10533297","hidden quiet spot 1bed w Pvt bath @ heart of city",27531754,"Prakash","Central Region","Kallang",1.31419,103.85089,"Private room",72,90,160,"24.08.2019",3.67,1,189
"4064","10575126","Spacious Modern Private Room",2825246,"Carl","East Region","Bedok",1.32086,103.91439,"Private room",56,2,5,"24.07.2016",0.13,3,0
"4065","10598600","new room-queen size bed near MRT",23049383,"Mi","North-East Region","Punggol",1.39977,103.89763,"Private room",49,1,184,"11.08.2019",4.66,1,197
"4066","10626378","Master room next to bencoolen station",11390076,"Tryston","Central Region","Rochor",1.29989,103.85063,"Private room",75,4,14,"12.05.2019",0.34,18,343
"4069","10687969","2 min to SerangoonMRT Master room 卧室内有卫生间",47393412,"Jing","North-East Region","Serangoon",1.35382,103.86784,"Private room",81,2,28,"09.10.2016",0.64,1,0
"4070","10757497","AA COZY ENSUITE MASTER BEDRM AT BB",40129954,"Alan","West Region","Bukit Batok",1.35162,103.75881,"Private room",51,90,3,"30.04.2017",0.07,2,263
"4074","10819460","Spacious Rm R1: Bugis/Dhoby/Orchard",55844797,"That Green Corner","Central Region","Rochor",1.30264,103.85127,"Private room",104,2,121,"20.08.2019",2.85,8,179
"4076","10848771","Spacious room near Woodleigh MRT",44793532,"Yuan","Central Region","Toa Payoh",1.33431,103.87554,"Private room",49,1,296,"08.08.2019",6.96,2,288
"4078","10981264","Spacious bedroom with queen bed!",56973509,"Anshu","Central Region","Toa Payoh",1.34301,103.84112,"Private room",50,1,1,"02.08.2017",0.04,1,0
"4079","11046665","Spacious Executive Condo Ensuite Room",21386285,"Susie","West Region","Jurong East",1.33713,103.73697,"Private room",79,3,5,"08.07.2018",0.13,15,348
"4082","11094655","Modern 2br apartment with luxurious pool!",57612875,"Ray","Central Region","Marine Parade",1.29523,103.8904,"Private room",156,2,135,"06.08.2019",3.17,3,85
"4084","11150272","Big Condo Master Room",57973645,"张","Central Region","Toa Payoh",1.33613,103.84406,"Private room",150,5,8,"18.02.2017",0.2,1,365
"4087","11178283","Clean Spacious Nr MRT STATION Room (FEMALES ONLY)",6632570,"Ethan","Central Region","Bishan",1.35233,103.83761,"Private room",49,9,22,"10.08.2019",0.54,4,352
"4088","11219236","German room Jurong East MRT",56273456,"Sona","West Region","Bukit Batok",1.35039,103.74221,"Private room",100,2,11,"26.01.2018",0.27,3,175
"4089","11228389","Your Central Singapore Suite ★3 mins to Bus Stop★",13204738,"Stacie","Central Region","Toa Payoh",1.3321,103.87535,"Private room",58,4,66,"18.05.2019",1.69,1,348
"4090","11231419","Orchard River Valley family room",58544659,"Wei","Central Region","River Valley",1.29416,103.83654,"Private room",85,1,103,"04.08.2019",2.41,2,28
"4091","11245848","Jurong Lakeside @ Executive Maisonette Room 2",58662914,"IEraaniyan","West Region","Jurong West",1.33717,103.72371,"Private room",31,30,19,"04.07.2019",0.46,2,322
"4092","11282735","Private studio@ The Sail Marina bay",32798595,"Expats Housing Provider @ Raffles P","Central Region","Downtown Core",1.27996,103.85209,"Private room",100,45,1,"29.04.2016",0.02,41,365
"4096","11381088","Spacious Rm R2: Bugis/Dhoby/Orchard",55844797,"That Green Corner","Central Region","Rochor",1.30083,103.85202,"Private room",108,2,135,"18.08.2019",3.21,8,201
"4101","11411739","For Singles or Couples in Bungalow",59882845,"Chua","East Region","Bedok",1.31102,103.90988,"Private room",62,1,157,"09.08.2019",3.9,2,299
"4102","11441534","Private Condo Room Near NTU",29563291,"Yi","West Region","Jurong West",1.35175,103.69616,"Private room",50,3,8,"25.07.2016",0.19,1,0
"4103","11465411","Private Room near Holland Village / Orchard Road",10756571,"Jason","Central Region","Queenstown",1.30248,103.80027,"Private room",72,1,27,"11.08.2019",0.9,1,353
"4104","11472477","Fantastic n Cosy Bed Room @ Batok.",60361566,"Joe","West Region","Bukit Batok",1.3505,103.75507,"Private room",56,1,24,"14.07.2019",0.58,3,334
"4105","11481605","Project Bugis: Superior Triple Loft",30744596,"5footway","Central Region","Rochor",1.30117,103.86022,"Private room",100,1,2,"20.08.2016",0.05,4,0
"4106","11515630","Cozy Room @ Central w/ Air-con+En Suite",16561025,"Sylvia","Central Region","Bukit Timah",1.32361,103.79282,"Private room",99,20,19,"30.08.2016",0.48,1,364
"4107","11541093","Spacious Bedroom Suite-2 Queen Bed..",10248444,"Rc","Central Region","River Valley",1.29629,103.83816,"Private room",144,1,99,"12.07.2019",2.41,48,327
"4108","11544732","P",60916030,"Yin","Central Region","Outram",1.28348,103.84135,"Private room",7000,2,5,"12.12.2017",0.18,1,365
"4119","11642282","Spacious Rm L2: Bugis/Dhoby/Orchard",55844797,"That Green Corner","Central Region","Rochor",1.30221,103.85109,"Private room",104,2,77,"15.06.2019",1.87,8,216
"4120","11642766","A cozy place near Singapore's center (min. 3 mths)",61733239,"Kit","Central Region","Bishan",1.34263,103.83768,"Private room",49,90,37,"03.08.2018",0.88,1,120
"4121","11660178","Modern & big private studio room at top floor",24496358,"Katherine","East Region","Bedok",1.32528,103.9153,"Private room",199,3,2,"15.03.2019",0.28,24,362
"4122","11671761","New En-Suite BR @ Orchard Area/ CBD",46685310,"L","Central Region","River Valley",1.2951,103.83863,"Private room",87,2,72,"12.08.2019",1.75,28,342
"4124","11679463","Modern studio room max 3 pax EZS-3",24496358,"Katherine","East Region","Bedok",1.32551,103.91632,"Private room",169,3,1,"29.10.2018",0.1,24,321
"4127","11713539","NEW En-Suite BR @ Somerset/Orchard",61619807,"Ong","Central Region","River Valley",1.29502,103.83949,"Private room",90,2,36,"03.06.2019",0.86,27,343
"4129","11750389","Private room A for 3 adults in a City suburb",56276774,"Seng","Central Region","Kallang",1.32433,103.86437,"Private room",83,2,163,"20.08.2019",4.04,2,136
"4130","11760026","Large Room with a Tropical view Queensway (Room 2)",34649530,"Prim","Central Region","Queenstown",1.28741,103.80272,"Private room",51,90,1,"06.03.2018",0.06,3,0
"4132","11801190","New Bedroom Suite / WIFI @ Central Area",10248444,"Rc","Central Region","River Valley",1.29573,103.83769,"Private room",90,1,27,"09.08.2019",0.67,48,348
"4133","11839854","Town - Room 1D",15503071,"Dan","Central Region","Kallang",1.31487,103.85408,"Private room",69,90,24,"19.09.2018",0.58,13,282
"4134","11875596","Luxury Hotel Like Room",63321758,"Amanda","North Region","Sungei Kadut",1.42853,103.76757,"Private room",49,1,173,"12.08.2019",4.28,4,328
"4135","11894606","Town - Room 1G",15503071,"Dan","Central Region","Kallang",1.31528,103.85556,"Private room",62,90,10,"14.08.2018",0.26,13,360
"4137","11930273","Room in spacious flat by the pool",63681037,"Aleksandra","West Region","Clementi",1.29695,103.76518,"Private room",50,3,4,"21.08.2016",0.1,1,0
"4138","11965790","Executive studio Master Bedroom for 2 pax",48400548,"Cheryl","North Region","Woodlands",1.45203,103.78984,"Private room",110,1,17,"28.07.2019",0.42,2,337
"4139","11980197","Cozy room",63152849,"Joey","North-East Region","Punggol",1.40225,103.90988,"Private room",53,2,63,"11.08.2019",1.74,2,352
"4141","12019245","Serangoon Mrt aircon room in a penthouse duplex",25422139,"Jenny","North-East Region","Hougang",1.35092,103.88049,"Private room",28,14,4,"02.10.2016",0.1,2,364
"4142","12033925","New公寓 BEDROOM 5mins -Pasir Ris MRT",64033906,"Linda","East Region","Pasir Ris",1.37471,103.94718,"Private room",60,1,32,"23.12.2016",0.77,1,0
"4143","12045687","Single bed The Sail@marina bay",32798595,"Expats Housing Provider @ Raffles P","Central Region","Downtown Core",1.28137,103.85203,"Private room",81,60,1,"01.10.2017",0.04,41,365
"4145","12072978","Bohemian luxe Shophouse on Orchard",1750420,"Jin-Ah","Central Region","Newton",1.30256,103.83823,"Private room",99,2,3,"29.05.2016",0.07,1,0
"4146","12142684","Queen size bed+ParkView@Bishan",11925590,"Megah","Central Region","Bishan",1.36142,103.84272,"Private room",44,3,2,"05.06.2016",0.05,1,0
"4149","12193834","highrise loftbed *roomA @ chinatown heritage",8948251,"Joey","Central Region","Outram",1.28443,103.84212,"Private room",40,90,1,"30.09.2016",0.03,83,354
"4150","12200704","Single Room - Landed House Near Mrt",65598901,"Igor","East Region","Bedok",1.3188,103.90803,"Private room",26,7,1,"01.05.2016",0.02,1,0
"4151","12213801","Chinatown your8 doorstep: Private Room 8A",2413412,"Kaurus","Central Region","Outram",1.2839,103.84206,"Private room",42,90,1,"30.06.2016",0.03,112,365
"4154","12253253","Private Room @Kembangan Condo",11226435,"Mai","East Region","Bedok",1.32953,103.91386,"Private room",56,1,25,"27.08.2016",0.61,1,0
"4156","12257654","CBD Luxury bedroom in condo in Marina Bay!",4406052,"Marina","Central Region","Downtown Core",1.2806,103.85465,"Private room",139,3,26,"11.06.2019",0.64,2,360
"4158","12299369","Charming Pre-War Queen Room",1933664,"Priscilla","Central Region","Geylang",1.31292,103.90448,"Private room",75,1,4,"23.07.2019",0.12,1,56
"4159","12302060","Town - Room 1B",15503071,"Dan","Central Region","Kallang",1.31485,103.85516,"Private room",69,90,11,"06.10.2018",0.3,13,265
"4160","12312847","Serviced Double Private Bedroom",62049719,"Mike","Central Region","Bukit Timah",1.32033,103.7782,"Private room",50,90,9,"27.09.2016",0.22,2,365
"4161","12312848","Serviced double bedroom II",62049719,"Mike","Central Region","Bukit Timah",1.31945,103.77812,"Private room",56,90,14,"15.07.2017",0.39,2,365
"4162","12314913","Private Fully Furnished Cozy Room",12752850,"Jason","Central Region","Marine Parade",1.30686,103.89572,"Private room",69,1,2,"31.12.2016",0.06,4,87
"4163","12317780","Private Room in my spare room",66443986,"Andrew","West Region","Bukit Panjang",1.37782,103.77384,"Private room",250,1,1,"13.07.2016",0.03,1,358
"4165","12331551","Town - Room 2B",15503071,"Dan","Central Region","Kallang",1.31416,103.85539,"Private room",69,90,7,"30.11.2018",0.17,13,359
"4166","12369768","Private double room in a nice condo",35067507,"Romy","Central Region","Geylang",1.31623,103.88937,"Private room",40,1,1,"16.05.2016",0.03,1,0
"4168","12475063","Great place to start your holiday!",56421978,"Nancy","Central Region","Kallang",1.31785,103.8531,"Private room",51,2,56,"31.07.2019",1.39,7,127
"4169","12498108","Quiet and clean private room 2",52300367,"Liu","North-East Region","Sengkang",1.38068,103.89772,"Private room",36,90,3,"23.12.2016",0.08,2,0
"4170","12525278","2-Bed Private Room - Steps from Chinatown MRT",17526618,"Royal","Central Region","Outram",1.2826,103.84373,"Private room",81,2,5,"24.05.2019",0.13,13,352
"4173","12581975","*Cozy Room in the city center*",36106648,"Marie","Central Region","Outram",1.28293,103.84522,"Private room",50,3,2,"13.06.2016",0.05,1,0
"4176","12596642","FV22 / Clean & Quiet Hotel Room",34274677,"Lynn","Central Region","Geylang",1.3121,103.88381,"Private room",56,1,19,"13.08.2019",0.48,1,83
"4178","12598972","(1)Suite@payalebar/aircon/wifi/ Serangoon MRT",25422139,"Jenny","North-East Region","Hougang",1.35065,103.88084,"Private room",28,14,2,"30.11.2016",0.05,2,365
"4179","12600629","★Cityfringe Loft Family Room 2 Queen beds★",20874965,"Marilyn","Central Region","Marine Parade",1.30761,103.89638,"Private room",86,1,115,"21.01.2019",2.92,8,32
"4180","12600834","★CityFringe Cosy Loft Queen Sleeps 3 ★",20874965,"Marilyn","Central Region","Marine Parade",1.30656,103.89641,"Private room",56,1,175,"22.01.2019",4.31,8,44
"4182","12658514","Small room near Boon Keng MRT",49222064,"Cecilia","Central Region","Novena",1.32484,103.85537,"Private room",39,2,48,"21.05.2018",1.19,1,0
"4183","12687038","1 RM Ensuite Bath Shared Living Near Orchard",11898832,"Homes Sg","Central Region","Tanglin",1.29458,103.82837,"Private room",110,90,64,"25.08.2019",1.62,2,348
"4186","12711562","COZY room & Bath in town -Modern ST",36109221,"Olivia","Central Region","Novena",1.32929,103.84207,"Private room",92,3,1,"18.05.2016",0.03,1,0
"4187","12738896","Comfy + Cozy + Convenient pad at AMK Ave 10",22554193,"Eve","North-East Region","Ang Mo Kio",1.36897,103.85509,"Private room",75,3,1,"11.05.2016",0.02,2,178
"4188","12762246","COMMON RM /2 PERS @ BUONA VISTA MRT",4412979,"Sue","Central Region","Bukit Timah",1.31768,103.77954,"Private room",58,3,49,"27.07.2019",1.25,8,313
"4191","12787541","Quiet and clean private room 1",52300367,"Liu","North-East Region","Sengkang",1.37971,103.89766,"Private room",36,90,4,"21.02.2017",0.1,2,0
"4193","12797620","Private Room @ New apartment",41360622,"Piriya","West Region","Jurong West",1.34342,103.71467,"Private room",39,60,2,"26.12.2018",0.05,2,0
"4195","12836488","A Warm Home Stay (Single-Bed)",2221494,"Natalie","North-East Region","Hougang",1.36216,103.87775,"Private room",62,90,69,"14.07.2019",1.77,2,180
"4196","12841880","Cozy small room at condominium!",38134732,"Kaori","Central Region","Geylang",1.31533,103.88807,"Private room",44,1,2,"10.06.2016",0.05,1,0
"4197","12859112","Impressive 1 Private Room near Bukit Batok",70285775,"Keith","West Region","Bukit Batok",1.3462,103.7598,"Private room",56,2,8,"22.10.2018",0.25,1,334
"4198","12873475","Lavender window roomA2 > 4min lav MRT > 3min Bugis",2413412,"Kaurus","Central Region","Kallang",1.30884,103.86143,"Private room",40,28,1,"16.06.2016",0.03,112,331
"4200","12893088","Economical high quality condo",34289058,"Abhishek","Central Region","Queenstown",1.30521,103.7831,"Private room",65,5,2,"27.06.2016",0.05,1,0
"4201","12904788","1960s queenbed RmA*2 @ lavender bugis",8948251,"Joey","Central Region","Kallang",1.30796,103.86323,"Private room",50,18,2,"26.08.2017",0.07,83,360
"4202","12906176","5min to MRT Condominium Room with Balcony",70728341,"Jen","West Region","Choa Chu Kang",1.38934,103.74637,"Private room",44,30,44,"23.08.2019",1.12,2,305
"4203","12906838","A Warm Home Stay (Double -Bed)",2221494,"Natalie","North-East Region","Hougang",1.3636,103.87933,"Private room",65,90,44,"15.07.2019",1.16,2,179
"4204","12934345","Pool view bedroom in central SG with own toilet",26891269,"Jenna & Nunu","Central Region","Kallang",1.32014,103.86398,"Private room",86,26,121,"28.05.2019",3.06,1,126
"4206","12941785","Master Room for rent near Bishan MRT",64986397,"Robert","Central Region","Bishan",1.35805,103.84878,"Private room",40,90,1,"12.02.2019",0.15,1,300
"4208","12947194","Spacious Rm L1: Bugis/Dhoby/Orchard",55844797,"That Green Corner","Central Region","Rochor",1.30097,103.85215,"Private room",104,2,82,"11.08.2019",2.1,8,226
"4209","12973338","Bright & Spacious Master Bedroom!",10307677,"Leanda","Central Region","Toa Payoh",1.33941,103.88365,"Private room",60,2,3,"02.10.2016",0.08,2,0
"4211","12987129","Cozy Room @ Central Singapore -Rm 2",48641356,"Keith","Central Region","Tanglin",1.3187,103.82698,"Private room",50,150,1,"05.06.2016",0.03,5,365
"4215","13070435","Private Fully Furnished Cozy Room",12752850,"Jason","Central Region","Marine Parade",1.3065,103.89628,"Private room",65,1,3,"21.02.2017",0.08,4,87
"4218","13107567","1 Bedroom in Modern Apartment Downtown",72854894,"Evelyne","Central Region","Kallang",1.30462,103.86182,"Private room",69,1,24,"14.01.2018",0.61,1,0
"4219","13165990","Room 2 in Terrace House @ Thomson Village",25375339,"ｼﾝ","Central Region","Bishan",1.355,103.83227,"Private room",60,1,6,"06.05.2019",0.49,9,365
"4220","13183241","Modern private studio room EZS-7",24496358,"Katherine","East Region","Bedok",1.32541,103.91457,"Private room",150,3,1,"02.07.2017",0.04,24,149
"4222","13209424","市中心近地铁全设施公寓主人房带卫生间",74046087,"Jing","Central Region","Geylang",1.31742,103.89142,"Private room",75,2,1,"29.05.2016",0.03,1,0
"4224","13230371","Fantastic n Cosy Bed Room @ Batok",74275888,"Linda","West Region","Bukit Batok",1.35854,103.76453,"Private room",56,2,1,"29.08.2018",0.08,3,334
"4225","13236386","A cosy Singaporean home",31332187,"Samantha","North-East Region","Sengkang",1.39308,103.89924,"Private room",35,3,1,"31.05.2016",0.03,1,0
"4227","13241591","Private room at fringe of city centre (Balestier)",46597036,"Steven","Central Region","Novena",1.32914,103.8506,"Private room",49,1,4,"06.08.2019",0.24,1,160
"4228","13254555","Double Central Living Shopping Mall Condo MRT",25753591,"S","Central Region","Bukit Merah",1.2876,103.82903,"Private room",128,90,7,"01.01.2018",0.22,2,365
"4231","13282424","Newly furnished room with couch near Aljunied MRT",4432314,"Trisha","Central Region","Geylang",1.31301,103.88579,"Private room",60,2,49,"06.06.2017",1.25,2,0
"4233","13300207","Condo Private Room",33414090,"Simon","Central Region","Queenstown",1.28817,103.79203,"Private room",50,3,1,"08.06.2016",0.03,1,0
"4235","13317120","K2 budget room @ Haw Par Villa MRT near NUS(302)",1439258,"K2 Guesthouse","Central Region","Queenstown",1.28143,103.7875,"Private room",58,10,8,"11.05.2019",0.2,32,361
"4237","13325753","Spacious & Comfy room in the West",48825650,"Sue","West Region","Jurong East",1.34156,103.73542,"Private room",75,2,163,"19.08.2019",4.28,2,327
"4238","13338509","Kam Leng Hotel",75539587,"Melvin","Central Region","Kallang",1.31249,103.85911,"Private room",83,1,12,"01.03.2019",0.33,1,360
"4239","13349525","Town - Room 2F",15503071,"Dan","Central Region","Kallang",1.31492,103.85409,"Private room",79,90,7,"02.08.2017",0.19,13,241
"4240","13396802","K2 South Buona Vista Budget rm@25 each person(109)",1439258,"K2 Guesthouse","Central Region","Queenstown",1.28156,103.78686,"Private room",87,5,5,"25.07.2019",0.13,32,361
"4241","13398813","Private Room - Condo City Square Residence",14427553,"Olivier","Central Region","Kallang",1.31063,103.85858,"Private room",50,3,3,"15.12.2017",0.1,1,0
"4242","13399444","Comfy Private Room near MRT station",29355159,"Jonathan","North Region","Woodlands",1.44457,103.80224,"Private room",60,1,28,"15.04.2019",0.73,1,343
"4244","13472462","Spacious Common Room for Short/Long Term Stay",77033455,"Ho","East Region","Bedok",1.32064,103.92156,"Private room",65,1,7,"13.08.2019",0.26,4,81
"4246","13488112","Large flat in a trendy area of the city center",3073051,"Mathieu","Central Region","Bukit Merah",1.28443,103.83262,"Private room",60,2,2,"18.09.2016",0.05,1,0
"4251","13566223","NEAR AIRPORT",21386653,"Nikki","North-East Region","Hougang",1.37058,103.89861,"Private room",69,1,11,"14.09.2017",0.29,1,90
"4254","13633684","Town - Room 2A",15503071,"Dan","Central Region","Kallang",1.31539,103.85379,"Private room",86,90,9,"30.12.2017",0.24,13,252
"4255","13642646","Spacious double room at high floor",65526303,"Js","Central Region","Queenstown",1.30439,103.78417,"Private room",57,180,20,"25.07.2017",0.52,3,0
"4256","13643303","Chez M",7604436,"M","Central Region","Marine Parade",1.30674,103.89929,"Private room",168,30,3,"04.11.2016",0.08,1,358
"4258","13668845","Nice Condo at Tampines w/ nearby public transport",79489536,"Krisnamurti","East Region","Tampines",1.35517,103.95939,"Private room",56,93,15,"15.05.2017",0.42,1,89
"4259","13669212","Apartment Room Close to City Center",56351477,"Christopher","Central Region","Bukit Merah",1.27495,103.83695,"Private room",44,2,4,"01.01.2017",0.1,2,0
"4260","13695010","Town - Room 1E",15503071,"Dan","Central Region","Kallang",1.31352,103.85505,"Private room",51,90,23,"05.05.2019",0.61,13,259
"4261","13703898","Singapore homestay @ Pasir Ris street 51",9453430,"Melissa","East Region","Pasir Ris",1.37389,103.94665,"Private room",50,2,42,"06.08.2019",1.53,1,329
"4263","13735926","Large bedroom w/ use of whole 1st floor of duplex",80393016,"Kevin","Central Region","River Valley",1.29735,103.83482,"Private room",85,2,1,"11.07.2016",0.03,1,0
"4265","13762245","Beautiful Master room w ensuite bathrm at Central",80695251,"Alex","Central Region","Kallang",1.31892,103.86357,"Private room",78,4,1,"21.07.2016",0.03,1,0
"4266","13803431","New Elegant Modern Room at City Fringe",23196627,"Chris & Val","Central Region","Kallang",1.31937,103.86668,"Private room",85,90,63,"20.04.2018",1.65,1,364
"4267","13809823","Luxurious Penthouse In City Centre 1",1170341,"Jenny","Central Region","Tanglin",1.293,103.82962,"Private room",167,30,17,"02.04.2018",0.53,3,298
"4268","13819163","BedRoom with private bath just 4 mins from MRT",15032041,"Adrien","Central Region","Geylang",1.31474,103.89004,"Private room",49,90,9,"07.10.2017",0.24,1,0
"4269","13839454","Ex flight crew super clean room near Changi",81655592,"Juanita","East Region","Bedok",1.33034,103.92282,"Private room",40,1,13,"28.06.2019",0.35,1,0
"4270","13849440","Town - Room 2C",15503071,"Dan","Central Region","Kallang",1.31392,103.85573,"Private room",43,90,2,"02.09.2017",0.05,13,365
"4271","13874038","Cozy Master room @ Eunos MRT",15553995,"Mrs Tan","East Region","Bedok",1.3145,103.9065,"Private room",51,1,4,"06.08.2019",0.31,8,271
"4272","13915924","HUGE Lavish 1 Master BR w Bathtub & Rooftop Garden",28899200,"Mulang","Central Region","Bishan",1.353,103.83496,"Private room",100,1,20,"14.07.2019",0.78,2,58
"4274","13919111","A master room can stay up to 4",25996335,"Lee","Central Region","Kallang",1.31373,103.85246,"Private room",119,1,1,"08.10.2016",0.03,9,263
"4276","13931737","City Huge Com Room Outram Park near Chinatown SGH",82725172,"Mike","Central Region","Bukit Merah",1.27474,103.83582,"Private room",89,2,18,"27.07.2019",0.48,9,362
"4277","13934542","Bedroom with Private Bathroom right in town!",13527492,"Zach","Central Region","Novena",1.31345,103.84354,"Private room",100,2,5,"17.09.2016",0.13,1,0
"4278","13952292","Modern studio room EZS-5 with pool",24496358,"Katherine","East Region","Bedok",1.32833,103.91486,"Private room",140,28,3,"23.07.2018",0.15,24,179
"4279","13965663","Private room - 4 bed (Shared toilet). Room 2",46515276,"Ark","Central Region","Kallang",1.31045,103.87406,"Private room",100,2,10,"21.07.2019",0.27,11,361
"4280","13966783","Awesome View Window *RRoom @ Chinatown Apartment.",2413412,"Kaurus","Central Region","Outram",1.28497,103.84204,"Private room",50,90,1,"19.07.2016",0.03,112,289
"4283","13986033","Pool view room in upmarket resort-style Condo",22784349,"Sam","West Region","Clementi",1.2932,103.76834,"Private room",69,1,1,"02.08.2016",0.03,1,0
"4284","13986824","Room – Chinatown - very central – walk to MRT",1882247,"Timo","Central Region","Outram",1.28515,103.84144,"Private room",26,29,2,"29.11.2016",0.06,1,0
"4285","13998008","Cosy Room near City Centre and Sentosa",51781892,"Jan","Central Region","Bukit Merah",1.28157,103.8274,"Private room",46,1,30,"08.08.2017",0.81,1,0
"4286","14029416","Lavender Bugis Long term Stay 3m+",2413412,"Kaurus","Central Region","Kallang",1.31024,103.86286,"Private room",36,28,1,"03.09.2016",0.03,112,362
"4287","14081402","Beautiful apartment in the center!",3312888,"Pablo","Central Region","Singapore River",1.29009,103.84166,"Private room",65,7,4,"29.07.2019",0.11,1,34
"4288","14099732","Modern vintage terrace house",84863690,"Gurbak","East Region","Bedok",1.32601,103.95378,"Private room",60,90,3,"14.07.2017",0.08,1,358
"4290","14131949","Luxurious Design Room With Private Bath Tub",77077626,"Markus","North-East Region","Serangoon",1.36565,103.86348,"Private room",131,2,13,"26.07.2019",0.55,3,365
"4294","14170922","Short term room rental near Chinatown & Sentosa",32410168,"Shai","Central Region","Bukit Merah",1.27632,103.83441,"Private room",51,2,166,"08.08.2019",4.45,1,117
"4295","14172084","City Master Room  Outram Park near Chinatown",82725172,"Mike","Central Region","Bukit Merah",1.27464,103.83395,"Private room",99,2,12,"14.08.2019",0.34,9,357
"4296","14176577","Cozy Bedroom near Clarke Quay",61315957,"Julien","Central Region","Museum",1.29647,103.84406,"Private room",60,1,9,"30.05.2017",0.25,1,0
"4297","14185422","Amazing Twin-Rooms Up to a Family or Party of 6.",28809566,"Property","North Region","Sembawang",1.442,103.82203,"Private room",53,6,1,"05.01.2018",0.05,7,364
"4298","14191894","Posh En Suite 3 Near Orchard",28489587,"Anita & David","Central Region","Novena",1.31758,103.84761,"Private room",89,1,30,"21.08.2019",0.84,3,350
"4299","14211423","Room with private bathroom",31557595,"Jay","East Region","Pasir Ris",1.35987,103.96299,"Private room",90,90,2,"19.01.2017",0.05,2,89
"4300","14222817","Sea View & Jacuzzi Private Master Bedroom",2365469,"Earth","Central Region","Queenstown",1.27991,103.78651,"Private room",99,5,8,"04.02.2017",0.21,1,0
"4303","14332372","Luxury Hotel Like Room Room II",63321758,"Amanda","North Region","Sungei Kadut",1.42909,103.76864,"Private room",49,1,101,"11.08.2019",2.75,4,340
"4304","14377235","Stockholm Room in Award Winning Heritage Shophouse",29032695,"Fang Wei","Central Region","Geylang",1.3131,103.88513,"Private room",131,29,47,"01.07.2018",1.27,5,85
"4305","14380449","Splendid apartment in a fabulous location",88281045,"Ajeesh","Central Region","Bukit Timah",1.31112,103.79757,"Private room",75,2,8,"05.02.2019",0.22,1,0
"4306","14407337","Chinatown your8 doorstep: Private RoomWA",2413412,"Kaurus","Central Region","Outram",1.28305,103.84363,"Private room",40,90,1,"10.09.2017",0.04,112,365
"4307","14446487","Private Room near MRT",25996335,"Lee","Central Region","Kallang",1.31427,103.85273,"Private room",110,1,25,"14.08.2019",1.06,9,306
"4309","14515500","Condo Room near the Beach and Airport!",33944993,"Melissa","East Region","Bedok",1.31118,103.92422,"Private room",50,3,71,"15.08.2019",1.94,2,69
"4310","14524386","King double cozy room",29295816,"Jojo","North-East Region","Serangoon",1.36783,103.87549,"Private room",118,2,1,"11.08.2019",1,5,363
"4311","14524929","Newly renovated Queen room",29295816,"Jojo","North-East Region","Hougang",1.36667,103.87627,"Private room",118,2,1,"19.01.2017",0.03,5,363
"4312","14532126","Geylang Aljunied MRT Hostel. ( Cozy Pte Room )",81107861,"Jarovh","Central Region","Geylang",1.31497,103.8829,"Private room",53,2,26,"18.08.2019",0.71,4,63
"4315","14576176","好房出租",90330191,"David","Central Region","Bishan",1.35861,103.84233,"Private room",90,1,1,"26.10.2016",0.03,1,179
"4316","14577360","kEnsuiteM1 Brickwall8 @ Chinatown/CBD",2413412,"Kaurus","Central Region","Outram",1.28291,103.84158,"Private room",50,90,2,"23.07.2018",0.11,112,343
"4317","14580396","A comfortable home away from home.",11782171,"Eugene","Central Region","Newton",1.30846,103.83933,"Private room",99,3,45,"24.08.2019",1.25,1,354
"4318","14582945","Room C",47682311,"Joyce","West Region","Bukit Batok",1.34901,103.74759,"Private room",69,1,1,"25.12.2016",0.03,3,332
"4321","14675722","Cosy semi-d house in Bukit Timah",91224988,"Bohjong","Central Region","Bukit Timah",1.34514,103.77074,"Private room",65,2,14,"29.07.2019",0.42,1,351
"4323","14715739","Queen bed > Room with own bathroom at Eunos MRT",91165081,"Chong","East Region","Bedok",1.31504,103.90693,"Private room",44,6,5,"26.04.2019",0.17,10,333
"4324","14717542","Luxurious Stay @ Heritage Hotel",91596173,"The Scarlet","Central Region","Outram",1.28155,103.84521,"Private room",183,1,2,"04.08.2017",0.08,1,173
"4325","14731717","Furnished common room available for short stay",25401069,"Ashu","North-East Region","Sengkang",1.39257,103.89489,"Private room",50,4,18,"15.08.2019",1.64,2,61
"4326","14755252","Master room with attached bathroomo",91165081,"Chong","Central Region","Geylang",1.31586,103.9055,"Private room",58,2,4,"12.07.2019",0.31,10,361
"4328","14774581","Orchard's Nest : Top location",24963905,"Sandeep","Central Region","Rochor",1.30213,103.8483,"Private room",50,13,6,"31.03.2019",0.17,3,205
"4329","14778285","CBD Luxury Bedroom in Marina Bay!",4406052,"Marina","Central Region","Downtown Core",1.28177,103.8528,"Private room",139,3,5,"03.08.2019",0.14,2,356
"4330","14809750","Town - Room 2D",15503071,"Dan","Central Region","Kallang",1.31439,103.85424,"Private room",58,90,11,"28.10.2017",0.31,13,365
"4331","14836614","Geylang - Aljunied MRT Hostel lover Pte room",81107861,"Jarovh","Central Region","Geylang",1.31524,103.88294,"Private room",56,2,35,"25.08.2019",0.96,4,348
"4333","14953906","Chinatown your9 doorstep: Private RoomA",2413412,"Kaurus","Central Region","Outram",1.28428,103.8418,"Private room",44,90,2,"09.12.2016",0.06,112,352
"4335","14972527","Private Single Bed Room with shared toilet",66896194,"Wani","East Region","Bedok",1.33702,103.92437,"Private room",50,3,1,"23.09.2016",0.03,1,0
"4337","14987419","modern new condo: private room and bathroom",94466856,"Alessandro","Central Region","Kallang",1.32626,103.86177,"Private room",50,3,11,"05.12.2017",0.3,1,0
"4341","14989813","Common Room in Vista Residencies",91064876,"Tom","Central Region","Novena",1.32788,103.84296,"Private room",69,90,1,"10.12.2016",0.03,8,364
"4343","15001987","Cosy Modern Room in Novena Minutes from the City",1644940,"Jack","Central Region","Novena",1.32433,103.84354,"Private room",61,3,13,"10.03.2019",0.4,2,339
"4344","15028547","New bright & clean bedroom near train & bus",94895692,"Siva","North-East Region","Punggol",1.40236,103.90027,"Private room",50,7,2,"14.07.2018",0.14,1,56
"4345","15086977","Penthouse living in trendy Geylang",2689542,"Anna","Central Region","Geylang",1.31487,103.88298,"Private room",136,2,1,"01.11.2017",0.05,1,150
"4346","15109137","1 Couple Queen Room Farrer Park MRT",95705922,"James","Central Region","Rochor",1.30972,103.8534,"Private room",81,90,1,"15.03.2017",0.03,1,363
"4349","15152061","Contemporary Bedroom @Somerset/GWC w private bath",1183530,"Becky","Central Region","River Valley",1.29572,103.83472,"Private room",101,1,1,"25.06.2017",0.04,1,0
"4350","15156744","Master Bedroom High Floor",65526303,"Js","Central Region","Queenstown",1.30405,103.78295,"Private room",67,180,7,"22.07.2017",0.21,3,0
"4351","15167230","Elegant Private Master Bedroom",96249364,"Attari","North-East Region","Sengkang",1.38221,103.90029,"Private room",50,180,199,"24.07.2019",5.67,2,95
"4353","15234993","Pine Grove Common Room easily accessible",51833262,"Jessica","Central Region","Bukit Timah",1.31874,103.77499,"Private room",44,2,1,"25.09.2017",0.04,1,0
"4354","15243393","Private Room 3Mins To MRT",25996335,"Lee","Central Region","Kallang",1.31452,103.8538,"Private room",110,1,5,"02.08.2019",0.91,9,314
"4355","15282618","Cozy/MRT/ Private Room/20 mins to city",48017751,"May","North-East Region","Punggol",1.40576,103.90148,"Private room",68,1,15,"23.02.2019",0.43,2,324
"4356","15316856","Ensuite room near to airport - LADIES only",1386714,"Cindy","East Region","Pasir Ris",1.36493,103.97158,"Private room",69,1,47,"31.01.2019",1.34,2,0
"4357","15346634","Clean Cosy Convenient (Airport/Expo/SUTD/Biz Park)",91428330,"Kathleen","East Region","Tampines",1.35351,103.95462,"Private room",42,1,76,"24.08.2019",2.22,1,92
"4358","15347449","Town - Room 2E",15503071,"Dan","Central Region","Kallang",1.31388,103.8551,"Private room",56,90,6,"03.07.2017",0.17,13,263
"4359","15347904","Town - Room 2H",15503071,"Dan","Central Region","Kallang",1.31493,103.85576,"Private room",49,90,7,"01.12.2017",0.21,13,270
"4360","15348725","prewar doublebed *RmCy > lavender MRT",97878860,"Chelsey","Central Region","Kallang",1.30931,103.86334,"Private room",50,18,1,"31.12.2018",0.12,59,359
"4362","15362541","City Apartment Rm w/ Queen Bed @ Orchard_5",97206233,"Julie","Central Region","Orchard",1.30385,103.83477,"Private room",76,1,37,"29.07.2019",1.1,10,347
"4363","15364942","Expat's choice ! En-suites room 3",24496358,"Katherine","East Region","Bedok",1.31673,103.91426,"Private room",67,88,1,"16.09.2017",0.04,24,341
"4366","15393345","Private Bedroom-Ensuite /WIFI Near Orchard/Central",10248444,"Rc","Central Region","River Valley",1.29731,103.84016,"Private room",87,1,99,"05.08.2019",2.82,48,343
"4367","15394158","Private Cosy Bedroom Suite/WIFi @ Orchard/ Central",10248444,"Rc","Central Region","River Valley",1.2971,103.8383,"Private room",87,2,8,"07.08.2019",0.24,48,350
"4368","15406706","Lavender DoubleBed rm*ML: 5m walk MRT",2413412,"Kaurus","Central Region","Kallang",1.30876,103.8627,"Private room",54,18,1,"17.04.2018",0.06,112,359
"4369","15413048","安静优雅的阁楼有独立露台 penthouse unit with attached bathroom",98735640,"迎迎","North-East Region","Hougang",1.34628,103.88339,"Private room",68,2,35,"27.03.2019",1.11,1,0
"4370","15428071","Relaxing comfy room in a private condominium",97480037,"Brian","East Region","Pasir Ris",1.36955,103.97105,"Private room",37,90,4,"19.01.2017",0.12,1,83
"4371","15428715","Cool and convenient condo near Pasir Panjang MRT",44761306,"Paul","Central Region","Queenstown",1.27725,103.78759,"Private room",67,10,22,"25.05.2019",0.64,2,23
"4372","15435418","SUPER MASTERBEDROOM超级主人房(2BED两张大床)",67414114,"Johnny Lee","Central Region","Kallang",1.32911,103.86447,"Private room",56,1,8,"22.02.2019",0.58,1,0
"4373","15438962","City Apartment Rm w/ 2 Beds @ Orchard_1",97206233,"Julie","Central Region","Orchard",1.30481,103.83424,"Private room",110,1,22,"26.05.2019",0.65,10,326
"4374","15441196","Lavender DoubleBed rm可: 5m walk MRT",2413412,"Kaurus","Central Region","Kallang",1.3086,103.86281,"Private room",40,18,3,"20.09.2018",0.09,112,359
"4375","15455547","Cozy 4 Star Home",20306218,"Wahad","North-East Region","Sengkang",1.39092,103.89391,"Private room",35,1,47,"21.07.2018",1.35,1,48
"4376","15455706","A taste of true Singapore in a Cosy Home.",26276079,"Justin","Central Region","Queenstown",1.30125,103.79619,"Private room",81,180,2,"04.03.2017",0.06,2,358
"4377","15479658","Common Aircon room at Amber Road",91165081,"Chong","Central Region","Marine Parade",1.29941,103.9009,"Private room",44,4,3,"14.01.2019",0.09,10,200
"4378","15484588","Caspian Single Room Near lakeside MRT",228867,"Champ","West Region","Jurong West",1.34328,103.71748,"Private room",69,3,9,"08.11.2018",0.26,7,362
"4379","15487894","prewar doublebed RmA* > lavender MRT",97878860,"Chelsey","Central Region","Kallang",1.3085,103.8614,"Private room",40,18,2,"16.07.2017",0.06,59,359
"4380","15508557","Room D",47682311,"Joyce","West Region","Bukit Batok",1.34744,103.74719,"Private room",69,1,5,"22.07.2017",0.15,3,300
"4381","15532514","Private Bedroom -Suite/WIFI @ Orchard/Central Area",10248444,"Rc","Central Region","River Valley",1.2962,103.83715,"Private room",87,2,37,"29.07.2019",1.07,48,328
"4382","15532644","NEW Cosy private Bedroom @ Orchard/Somerset Area..",10248444,"Rc","Central Region","River Valley",1.29754,103.83978,"Private room",90,1,47,"04.07.2019",1.59,48,347
"4383","15533066","Comfy Bedroom En-Suite/WiFi @ Orchard/Central area",61619807,"Ong","Central Region","Orchard",1.29898,103.83789,"Private room",93,2,76,"08.08.2019",2.22,27,335
"4384","15533093","Private En-Suite BR /WIFI @ Orchard/Central area",61619807,"Ong","Central Region","River Valley",1.29731,103.83798,"Private room",87,2,35,"05.07.2019",1.04,27,346
"4385","15547717","Private Bedroom Suite/ WIFI @ Central/Orchard Area",61619807,"Ong","Central Region","River Valley",1.29889,103.83995,"Private room",85,2,39,"04.08.2019",1.17,27,334
"4386","15547918","Cosy Bedroom en-Suite/WIFI@ Somerset/Orchard Area",61619807,"Ong","Central Region","River Valley",1.29658,103.83798,"Private room",87,1,25,"31.07.2019",0.73,27,333
"4387","15581172","NEW Private Cosy Bedroom /WIFI @ City Central",46685310,"L","Central Region","River Valley",1.29592,103.83993,"Private room",87,2,40,"16.06.2019",1.25,28,346
"4388","15581173","NEW Cosy Private En-Suite Room @Orchard Area/City",46685310,"L","Central Region","River Valley",1.29554,103.83903,"Private room",87,2,47,"07.08.2019",1.41,28,345
"4389","15581193","NEW Cosy Room Suite/WIFI @ Orchard/Somerset Area",46685310,"L","Central Region","Orchard",1.29843,103.83836,"Private room",85,2,80,"17.07.2019",2.33,28,336
"4391","15650807","Colonial retreat in East Coast",101001214,"John","East Region","Bedok",1.30818,103.9087,"Private room",81,180,2,"08.02.2017",0.06,1,0
"4393","15672118","Female only(只限女生)-Restful Room in Terrace House",8077242,"Ying Cong","West Region","Choa Chu Kang",1.39176,103.75235,"Private room",60,2,5,"10.01.2019",0.34,1,0
"4394","15712633","Private Room near Paya Lebar MRT",78386666,"Jayce","Central Region","Geylang",1.31476,103.88913,"Private room",53,1,15,"03.10.2018",0.45,6,0
"4396","15722457","New home",12318610,"Tay","North Region","Yishun",1.41443,103.84137,"Private room",62,1,36,"26.08.2019",1.24,2,330
"4397","15725690","1BR Condominium near MRT",6689302,"Fiona","West Region","Bukit Panjang",1.3729,103.7649,"Private room",40,90,2,"31.07.2018",0.06,2,0
"4398","15750877","City Apt Rm w/ Queen Bed + Window @ Orchard_12",97206233,"Julie","Central Region","Orchard",1.30389,103.83494,"Private room",82,1,44,"18.05.2019",1.3,10,334
"4399","15751335","City Apartment Rm w/ King Bed+Window @ Orchard_11",97206233,"Julie","Central Region","Newton",1.30473,103.83446,"Private room",90,1,19,"26.07.2019",0.56,10,324
"4400","15768398","Simplicity in nice surroundings",23761463,"Ziad","East Region","Bedok",1.32041,103.95513,"Private room",50,90,9,"01.01.2018",0.29,1,89
"4401","15773382","Private Apartment in Novena",102007408,"Geo","Central Region","Novena",1.32459,103.84289,"Private room",65,4,2,"12.08.2018",0.07,1,79
"4403","15775531","common room",102027164,"Amanda","North Region","Sembawang",1.44968,103.81611,"Private room",25,60,1,"20.12.2018",0.12,2,365
"4405","15809023","新加坡中心区域+交通便利+居住舒适+视野开阔+配套齐全+的公寓",102316815,"Daniel","Central Region","Toa Payoh",1.33685,103.86807,"Private room",100,1,2,"01.04.2017",0.07,1,0
"4406","15822581","(1)SERANGOON MRT/City Center/Aircon/ min 3 months",25422497,"Audrey","North-East Region","Hougang",1.35139,103.88113,"Private room",26,20,10,"12.04.2018",0.3,7,0
"4407","15826584","Spacious Private Room",96249364,"Attari","North-East Region","Sengkang",1.3837,103.90032,"Private room",40,180,186,"13.08.2019",5.47,2,91
"4409","15848593","Town - Room 1C",15503071,"Dan","Central Region","Kallang",1.31506,103.85503,"Private room",62,90,15,"03.10.2018",0.47,13,361
"4411","15850697","rm w own bthr",22063996,"Nassiba","Central Region","Geylang",1.31778,103.89263,"Private room",69,1,1,"12.11.2016",0.03,1,0
"4412","15875928","3SG/Serangoon MRT/Nex/ aircon/ wifi/ furnished",25422497,"Audrey","North-East Region","Hougang",1.34954,103.88052,"Private room",26,90,2,"07.08.2018",0.08,7,174
"4413","15893111","Simple and cosy room in quiet neighbourhood",42006064,"Tiffanie","Central Region","Bukit Timah",1.30899,103.80161,"Private room",50,60,14,"17.08.2018",0.42,1,249
"4414","15902723","Cozy room just 5 mins walk to NTU.",102149593,"Syed","West Region","Jurong West",1.33981,103.68924,"Private room",50,2,29,"10.08.2019",0.86,1,85
"4415","15921068","Cozy Master Bed Room Near EW6 MRT 舒适宽敞主人房",103300843,"Steven","East Region","Bedok",1.32254,103.91947,"Private room",58,90,2,"13.12.2017",0.06,1,89
"4416","15938502","Common Room near NUS",37291236,"Jason","West Region","Clementi",1.29732,103.76702,"Private room",87,3,3,"08.03.2017",0.09,2,147
"4417","15943782","For Startups & Entrepreneurs - 2 Bed Private Room",103099105,"Tribe Theory","Central Region","Outram",1.28154,103.84565,"Private room",90,1,5,"11.06.2019",0.16,4,307
"4418","15949448","*Friendly host family@ heart of SG( Potong Pasir)*",6379045,"Eddy","Central Region","Toa Payoh",1.33235,103.86791,"Private room",67,4,19,"13.08.2019",0.59,2,56
"4419","15965563","Common room near Gek Poh Shopping Center",103692249,"Meganathan","West Region","Jurong West",1.3451,103.69813,"Private room",31,180,1,"21.11.2018",0.11,2,364
"4420","15978100","清幽宁静､整洁干净的公寓房间｡包水电网煮饭游泳桑拿健身房｡",102918859,"Yajie","East Region","Bedok",1.3157,103.93442,"Private room",76,3,6,"12.05.2019",0.29,1,326
"4421","15991345","Cozy room in Newton",1521514,"Elizabeth","Central Region","Newton",1.31093,103.83939,"Private room",58,2,25,"05.08.2019",0.76,6,349
"4424","16006904","Quiet Room in Newton",1521514,"Elizabeth","Central Region","Newton",1.31152,103.83826,"Private room",58,2,9,"20.08.2019",0.46,6,352
"4425","16007139","Room with a balcony",1521514,"Elizabeth","Central Region","Novena",1.31219,103.84376,"Private room",61,2,10,"02.08.2019",0.34,6,365
"4426","16027385","Private Common Room at near Paya Lebar MRT",78386666,"Jayce","Central Region","Geylang",1.31728,103.88995,"Private room",56,2,5,"30.04.2018",0.17,6,0
"4427","16036564","Common Rm nr Expo/SUTD/CBP/Airport/Boeing (72C1)",4705949,"Kit","East Region","Tampines",1.34308,103.96009,"Private room",60,4,8,"12.05.2019",0.24,13,68
"4428","16044788","Loft studio at Orchard Rd",11390076,"Tryston","Central Region","Newton",1.30518,103.84066,"Private room",100,3,12,"27.07.2019",0.37,18,363
"4429","16054752","Common Bed Room Next to NTU",104193036,"Xuebao","West Region","Western Water Catchment",1.34364,103.68676,"Private room",54,180,1,"08.12.2016",0.03,2,365
"4430","16059067","Single bed room",104193036,"Xuebao","West Region","Jurong West",1.34322,103.68744,"Private room",50,90,1,"05.12.2017",0.05,2,179
"4431","16060289","Condo room available long and short term @ 68$/day",104602837,"Puneet","North-East Region","Hougang",1.37866,103.90196,"Private room",65,1,5,"09.08.2019",0.17,2,273
"4432","16075986","City Apartment Rm w/  2 Beds @ Orchard_9",97206233,"Julie","Central Region","Orchard",1.3034,103.83371,"Private room",110,1,21,"20.07.2019",0.64,10,322
"4434","16110969","FAMILY SUITE FOR 10 (Free Breakfast)",65679130,"Seven","Central Region","Kallang",1.30895,103.85883,"Private room",275,1,9,"24.07.2018",0.31,18,251
"4435","16112614","FAMILY SUITE FOR 14 GUESTS",65679130,"Seven","Central Region","Kallang",1.31072,103.85906,"Private room",399,1,4,"17.12.2017",0.14,18,348
"4436","16124058","Brand New Modern condo-room** close to CBD",8200399,"V/","Central Region","Geylang",1.31648,103.88565,"Private room",65,7,8,"03.07.2019",0.27,10,73
"4437","16124377","Brand New Modern En-suite Room close to CBD",8200399,"V/","Central Region","Geylang",1.31708,103.88466,"Private room",90,7,1,"02.04.2017",0.03,10,58
"4438","16130356","Suite@payalebar/ Serangoon mrt /minimum 3 months",95539967,"Elizabeth","North-East Region","Hougang",1.35148,103.88075,"Private room",28,30,1,"02.02.2017",0.03,3,365
"4439","16148118","Live near Botanic Gardens UNESCO heritage site",67321834,"Ixora","Central Region","Novena",1.32689,103.82142,"Private room",119,1,2,"06.12.2016",0.06,1,0
"4440","16149105","Studio Room 3 with pool in Private house泳池别墅3号一室一厅",68059127,"Wei","East Region","Bedok",1.32516,103.91457,"Private room",169,3,1,"01.12.2018",0.11,21,323
"4444","16150642","Studio room in House near MRT (7) 在别墅里带独立卫生间的套房",68059127,"Wei","East Region","Bedok",1.31857,103.91231,"Private room",128,3,2,"15.08.2019",1.07,21,344
"4446","16168152","Peranakan Style Room Away",105541127,"Alice","Central Region","Newton",1.306,103.84014,"Private room",75,2,70,"23.08.2019",2.1,1,76
"4447","16179392","The Caribbean at Keppel Bay",7574884,"Dean","Central Region","Bukit Merah",1.26649,103.81585,"Private room",99,3,9,"08.03.2018",0.29,1,0
"4450","16207539","1 room in a wonderful house/condo",55889134,"Sofia","Central Region","Toa Payoh",1.32881,103.87096,"Private room",50,2,4,"20.06.2017",0.12,2,0
"4451","16209070","highrise heritage queenbed RmA",8948251,"Joey","Central Region","Outram",1.28453,103.84182,"Private room",42,90,1,"13.12.2016",0.03,83,365
"4452","16213115","Family 10 person Private Room(2 Double & 6 Single)",46545593,"Meadows","Central Region","Kallang",1.31024,103.85991,"Private room",210,1,16,"03.08.2018",0.49,17,361
"4453","16213146","Nice Common Room",54324125,"Angela","Central Region","Novena",1.328,103.84253,"Private room",69,90,1,"08.03.2017",0.03,5,364
"4455","16220808","Lavender DoubleBed *RmWZ : 5m walk MRT",2413412,"Kaurus","Central Region","Kallang",1.30904,103.86205,"Private room",49,18,1,"24.06.2018",0.07,112,359
"4457","16231492","Joo’s Service Bungalow - Room 2",72242589,"James","Central Region","Geylang",1.30949,103.89388,"Private room",68,30,41,"06.07.2019",1.24,7,177
"4458","16231627","Joo’s Service Bungalow - Room 4",72242589,"James","Central Region","Marine Parade",1.3082,103.89402,"Private room",69,30,165,"02.07.2019",4.98,7,180
"4459","16231661","Joo’s Service Bungalow - Room 5",72242589,"James","Central Region","Marine Parade",1.3084,103.89329,"Private room",65,30,101,"02.07.2019",3.12,7,180
"4460","16231715","Joo’s Service Bungalow - Junior Room 6",72242589,"James","Central Region","Marine Parade",1.30936,103.89383,"Private room",75,30,111,"08.07.2019",3.42,7,180
"4461","16231741","Joo’s Service Bungalow - Room 8",72242589,"James","Central Region","Marine Parade",1.308,103.89239,"Private room",65,30,88,"03.07.2019",2.67,7,152
"4462","16231781","Joo’s Service Bungalow - Room 7",72242589,"James","Central Region","Marine Parade",1.3085,103.89363,"Private room",68,30,127,"28.07.2019",3.9,7,179
"4463","16231818","Joo’s Service Bungalow - Junior Master 9",72242589,"James","Central Region","Marine Parade",1.30894,103.894,"Private room",75,30,95,"18.06.2019",2.97,7,155
"4464","16237964","Private Room for Group of 10 Pax / 10 Beds",10861133,"DropINN","Central Region","Kallang",1.31419,103.86014,"Private room",235,1,13,"20.08.2019",0.56,11,360
"4466","16260783","Modern studio room EZS-6 with pool",24496358,"Katherine","East Region","Bedok",1.32534,103.91475,"Private room",131,3,3,"07.05.2019",0.11,24,345
"4468","16296968","Cozy Private Room in Brand-New Apartment!",77901085,"Laura","Central Region","Kallang",1.31811,103.85256,"Private room",44,1,11,"22.12.2017",0.37,1,0
"4469","16309636","Centre of Chinatown.",49380207,"Ong","Central Region","Outram",1.28452,103.84156,"Private room",87,2,54,"13.08.2019",1.67,7,325
"4471","16315526","Condo room at Clementi near NUS",101940767,"Krish","West Region","Clementi",1.31344,103.76476,"Private room",56,6,11,"07.08.2019",0.34,2,59
"4472","16326320","newly renovated double bedroom",2351356,"Reggie","North Region","Yishun",1.41933,103.84677,"Private room",60,6,62,"13.08.2019",2,2,81
"4473","16329592","newly renovated single bedroom",2351356,"Reggie","North Region","Yishun",1.41868,103.84719,"Private room",56,3,34,"15.08.2019",1.14,2,343
"4475","16370834","Comfortable Chermai (BR2)",5423329,"Jerome & Jane","North-East Region","Serangoon",1.38575,103.87274,"Private room",65,2,16,"18.03.2019",0.51,2,54
"4476","16375896","A Comfortable Room At Yew Tee",27816883,"Lina","West Region","Choa Chu Kang",1.3976,103.74918,"Private room",60,1,27,"21.10.2018",0.84,1,0
"4477","16397873","Orchard River Valley Private Room",58544659,"Wei","Central Region","River Valley",1.29524,103.83665,"Private room",74,1,3,"28.07.2018",0.1,2,5
"4478","16398559","Landed House Kingsize bed RM!10minutes to Orchard!",104362490,"Egem","Central Region","Bukit Timah",1.33793,103.77,"Private room",74,1,50,"05.08.2019",1.54,2,358
"4479","16398913","Cosy Master Rm in City Centre! Near MRT!",56421978,"Nancy","Central Region","Kallang",1.31838,103.85172,"Private room",65,5,4,"07.05.2019",0.2,7,170
"4481","16417299","City Apartment Rm w/ BathRoom @ Orchard_10",97206233,"Julie","Central Region","Orchard",1.30375,103.83339,"Private room",150,1,13,"22.06.2019",0.4,10,334
"4483","16418916","City Apartment Rm w/  2 Beds @ Orchard_6",97206233,"Julie","Central Region","Orchard",1.30347,103.83505,"Private room",90,1,19,"05.06.2019",0.62,10,322
"4484","16435779","Room with River View",25205011,"May","Central Region","Kallang",1.31286,103.86852,"Private room",131,2,42,"19.08.2019",1.57,1,171
"4487","16502098","Cheap Private Rm in Cosy Home!",108417270,"Nargis","East Region","Bedok",1.31798,103.91191,"Private room",44,1,110,"19.08.2019",3.84,3,161
"4488","16503238","Clean and cosy condominium near Hillview Station",36773968,"Winnie","West Region","Bukit Batok",1.36183,103.76424,"Private room",44,90,1,"29.01.2019",0.14,1,363
"4489","16521063","Lovely Cosy Room",28142522,"Apple","North-East Region","Sengkang",1.38064,103.90033,"Private room",50,180,6,"16.04.2017",0.19,1,363
"4490","16523058","Luxury Hotel Like Room Room III",63321758,"Amanda","North Region","Sungei Kadut",1.42978,103.76668,"Private room",49,1,62,"31.05.2019",1.92,4,334
"4491","16546964","Comfortable and Convenient home for Short Visit",37283440,"Daniel","North-East Region","Hougang",1.36049,103.88457,"Private room",69,1,2,"19.01.2017",0.06,1,0
"4492","16548229","Cozy double room in beautiful house",29295816,"Jojo","North-East Region","Hougang",1.36757,103.87684,"Private room",118,2,1,"18.01.2019",0.13,5,178
"4493","16552273","1960s Queenbed *RmAdr @ lavender bugis",8948251,"Joey","Central Region","Kallang",1.30965,103.86129,"Private room",36,18,1,"31.10.2018",0.1,83,359
"4494","16568254","Boon Lay jurong point豪华公寓主人房suit room for rent",109142490,"Sandy","West Region","Jurong West",1.33927,103.70404,"Private room",94,3,8,"02.06.2019",0.28,3,364
"4495","16578603","Cosy single bedroom in Yishun SGP",63207270,"Jiaquan","North Region","Yishun",1.41608,103.83783,"Private room",21,365,2,"29.03.2017",0.06,1,365
"4497","16590009","City Room w/ Queen Bed @ Town_5",109391687,"Trisno","Central Region","Newton",1.30485,103.8344,"Private room",76,1,10,"30.06.2019",0.32,10,347
"4498","16590155","City Room w/ 2 Beds @ Town_9",109391687,"Trisno","Central Region","Orchard",1.30404,103.83491,"Private room",108,1,7,"04.08.2019",0.22,10,322
"4499","16590376","City Room w/ 2 Beds + BathRoom @ Town_10",109391687,"Trisno","Central Region","Newton",1.30508,103.83477,"Private room",156,1,1,"26.03.2018",0.06,10,334
"4500","16590513","City Room w/ King Bed+Window @ Town_11",109391687,"Trisno","Central Region","Orchard",1.30529,103.83342,"Private room",90,1,6,"28.07.2019",0.19,10,324
"4501","16592588","Homely Apartment",109433419,"Bm","West Region","Choa Chu Kang",1.40121,103.7519,"Private room",58,2,52,"18.08.2019",1.65,1,363
"4502","16598021","Comfy Bedroom En-suite/WIFI @Somerset/Orchard Area",46685310,"L","Central Region","Orchard",1.29943,103.83793,"Private room",87,2,96,"13.08.2019",3.07,28,289
"4503","16603353","City Room w/ 2 Beds @ Town_8",109391687,"Trisno","Central Region","Orchard",1.30481,103.83341,"Private room",106,1,6,"26.11.2017",0.19,10,320
"4505","16605632","Simple and Neat Room in The City.",64641040,"Tony","Central Region","Kallang",1.31384,103.85765,"Private room",60,2,1,"23.01.2017",0.03,1,0
"4506","16607091","Suite@Payalebar/ walk to Serangoon mrt",25422497,"Audrey","North-East Region","Hougang",1.35149,103.88039,"Private room",26,18,4,"23.05.2019",0.13,7,251
"4507","16618127","A2 Big Condo Room Near City 600m to Aljunied MRT",96467516,"Linda","Central Region","Geylang",1.31602,103.88636,"Private room",72,2,137,"10.08.2019",4.26,26,187
"4509","16636319","SG/Suite@Payalebar/near MRT/NEX/Aircon/ cheap",25422497,"Audrey","North-East Region","Hougang",1.35128,103.88111,"Private room",26,90,4,"11.07.2018",0.13,7,365
"4512","16657859","A4 Condo Room Near City 600m to Aljunied MRT",96467516,"Linda","Central Region","Geylang",1.31434,103.88615,"Private room",72,2,124,"06.08.2019",3.96,26,218
"4514","16665444","(6)SG/ Serangoon MRT/City Center/ Penthouse/cheap",25422497,"Audrey","North-East Region","Hougang",1.35141,103.87921,"Private room",35,10,5,"25.08.2017",0.17,7,214
"4515","16680449","Sun room",109721016,"Lina","East Region","Bedok",1.32403,103.92687,"Private room",69,3,35,"26.06.2019",1.11,1,172
"4516","16702357","Cosy Private Bedroom Suite@ Orchard /Central area",46685310,"L","Central Region","River Valley",1.29601,103.83794,"Private room",87,1,7,"12.08.2019",0.23,28,345
"4517","16711969","A3 Condo Room Near City 600m to Aljunied MRT",96467516,"Linda","Central Region","Geylang",1.31497,103.88769,"Private room",72,2,99,"12.08.2019",3.19,26,208
"4518","16717180","T - Stylish Elegant Common Room in the City",229339,"Tom","Central Region","Bukit Merah",1.28399,103.8348,"Private room",78,2,2,"18.07.2019",1,26,325
"4519","16730755","Homely feeling : good location - Common Room",65319133,"Rosey","Central Region","Bukit Merah",1.2852,103.82406,"Private room",69,3,9,"14.04.2019",0.29,2,274
"4521","16798945","LavLoftbed Rm*A1: 5m walk MRT",2413412,"Kaurus","Central Region","Kallang",1.30863,103.86146,"Private room",44,18,2,"20.12.2017",0.07,112,362
"4522","16799416","Comfy Single room",12374682,"Ram","West Region","Jurong West",1.33936,103.69085,"Private room",35,3,3,"24.08.2017",0.12,1,0
"4523","16811553","Bedroom in the heart of the Business District",9870571,"Marcus","Central Region","Downtown Core",1.28043,103.85334,"Private room",90,4,2,"09.02.2017",0.06,1,0
"4524","16823251","Homely Feeling & Cosy Stay",65319133,"Rosey","Central Region","Bukit Merah",1.28455,103.8235,"Private room",69,180,31,"17.08.2019",0.99,2,336
"4525","16848626","Room for Rent in Terrace House in Siglap Singapore",63448912,"River City Inn","East Region","Bedok",1.31387,103.93091,"Private room",26,356,1,"26.09.2018",0.09,43,365
"4526","16881298","PARADISE  SUITE  ACCOMMODATION  FOR  BLESSED (3)",112299696,"Accomodation","North Region","Sembawang",1.44096,103.82183,"Private room",54,7,2,"16.07.2017",0.06,3,365
"4527","16886073","Cosy Junior Master Room In City Center. Near MRT",56421978,"Nancy","Central Region","Kallang",1.31779,103.85169,"Private room",65,5,15,"03.08.2019",0.49,7,170
"4530","16918595","Downtown Luxury Private Room w/on-suite bathroom",8792379,"Uli","Central Region","Orchard",1.30795,103.82865,"Private room",210,1,5,"03.07.2018",0.17,1,155
"4531","16932344","Central Spottiswoode Master bedroom",56351477,"Christopher","Central Region","Bukit Merah",1.27583,103.83579,"Private room",64,2,2,"12.08.2017",0.08,2,0
"4532","16941236","Charming master room at Balestier",76477483,"Laura","Central Region","Novena",1.32547,103.85029,"Private room",53,90,5,"23.04.2019",0.2,1,90
"4534","16966634","Quiet and Safe Location (BR1)",5423329,"Jerome & Jane","North-East Region","Serangoon",1.38583,103.87216,"Private room",75,2,21,"28.04.2019",0.69,2,0
"4535","16981748","City Room 2 Beds @ Town_2",109391687,"Trisno","Central Region","Orchard",1.30388,103.83358,"Private room",158,1,23,"28.07.2019",0.75,10,315
"4536","16985394","Family Room for 20 Guests",65679130,"Seven","Central Region","Kallang",1.30959,103.85861,"Private room",560,1,2,"23.06.2019",0.09,18,354
"4537","16991336","Budget City Room w/ 2 Beds @ Town_4",109391687,"Trisno","Central Region","Orchard",1.30391,103.8334,"Private room",108,1,4,"28.10.2018",0.14,10,338
"4538","17004808","Cosy Room in Upper Thomson Road",33151277,"Tarcia","North-East Region","Ang Mo Kio",1.3761,103.82872,"Private room",35,90,1,"14.06.2017",0.04,1,365
"4539","17015281","Short Term Room Rental near East Coast Beach Park",114079450,"Htin","East Region","Bedok",1.31814,103.94293,"Private room",50,2,2,"17.02.2017",0.06,2,54
"4541","17046048","Short Term Room Rental near East Coast Beach Park",114079450,"Htin","East Region","Bedok",1.32036,103.94337,"Private room",50,2,1,"10.02.2017",0.03,2,115
"4542","17049465","Tropical guest room with balcony",112851539,"J","Central Region","Bukit Timah",1.33835,103.78372,"Private room",135,2,19,"11.08.2019",0.65,2,306
"4543","17053896","Masterroom with bath @ Central Imperial",25375339,"ｼﾝ","Central Region","Geylang",1.31177,103.87982,"Private room",124,1,5,"01.08.2019",0.37,9,354
"4544","17084283","Luxurious Room in a Stunning Apartment",114638171,"Hana","Central Region","Rochor",1.30202,103.84872,"Private room",119,3,35,"25.04.2019",1.15,2,79
"4545","17093761","Freedom of living @ Jurong near NTU",114674497,"Mitul","West Region","Jurong West",1.34921,103.708,"Private room",40,5,61,"05.05.2019",2,6,144
"4546","17098078","Jinshan Hotel (Entrance from Temple Street)",70517846,"Jinshan Hotel","Central Region","Outram",1.28296,103.84482,"Private room",200,1,2,"06.11.2017",0.08,1,365
"4548","17122972","Tropical guest room",112851539,"J","Central Region","Bukit Timah",1.33875,103.78188,"Private room",135,2,47,"07.08.2019",1.79,2,75
"4549","17123186","Aljunied 3min walk: Small room w personal shower",97878860,"Chelsey","Central Region","Geylang",1.31403,103.88139,"Private room",40,18,1,"08.05.2017",0.04,59,353
"4550","17123698","Spacious room with lifestyle at city centre",47611818,"Jessie","Central Region","Downtown Core",1.29521,103.85369,"Private room",118,2,106,"06.08.2019",3.43,14,196
"4551","17142437","Lor 17 L3R2 Private Room private toilet outside",33096269,"E C","Central Region","Geylang",1.31262,103.88031,"Private room",44,2,114,"22.08.2019",3.75,14,77
"4552","17145048","Super near MRT pretty common room",115112951,"Moore","North-East Region","Hougang",1.36043,103.88409,"Private room",69,100,3,"29.05.2017",0.1,1,0
"4554","17179470","Modern Asian Peranakan Gem",23874147,"Adrian","North Region","Woodlands",1.43268,103.77437,"Private room",50,30,6,"17.08.2019",0.47,2,323
"4556","17228916","Divas Room at city centre",47611818,"Jessie","Central Region","Downtown Core",1.29734,103.85521,"Private room",93,2,49,"26.07.2019",1.59,14,240
"4557","17231060","City Apartment Rm w/  2 Beds @ Orchard_8",97206233,"Julie","Central Region","Orchard",1.30352,103.83436,"Private room",100,1,10,"07.04.2019",0.36,10,320
"4558","17275135","Orchard Rd - Big Master Room",11390076,"Tryston","Central Region","Newton",1.30449,103.83844,"Private room",100,3,11,"14.08.2019",0.36,18,364
"4559","17277763","Forever 21 Private room@ Cityhall",47611818,"Jessie","Central Region","Downtown Core",1.2966,103.8553,"Private room",106,2,77,"11.08.2019",2.54,14,229
"4560","17302758","Private Luxury  Condo Room close to Lake and Mrt",21386285,"Susie","West Region","Jurong West",1.34547,103.72264,"Private room",62,3,3,"08.07.2018",0.1,15,361
"4561","17325277","Sarina Corner Terrace",94740654,"Mohamad Ayub","East Region","Bedok",1.32049,103.90738,"Private room",75,1,1,"30.08.2017",0.04,1,0
"4562","17325640","Great Ensuite room just opposite of Mrt and Lake",21386285,"Susie","West Region","Jurong West",1.34658,103.72168,"Private room",79,2,1,"07.08.2018",0.08,15,356
"4563","17344662","Cozy and convenient terrace house",32924395,"Peng","North-East Region","Hougang",1.36376,103.87509,"Private room",40,1,7,"29.04.2017",0.23,1,90
"4565","17371927","Private Spacious Room close to the city!",117401338,"Pare","North-East Region","Serangoon",1.34543,103.86188,"Private room",119,2,39,"26.08.2019",1.41,1,292
"4566","17376004","West coast city view",11169302,"Addie","West Region","Clementi",1.30556,103.76769,"Private room",51,2,61,"10.08.2019",2,1,0
"4567","17399550","Spacious room with ensuite bathroom",14613568,"Shuhui","North-East Region","Sengkang",1.39444,103.9022,"Private room",56,3,57,"23.08.2019",2,3,285
"4568","17440731","Singapore-Common room for tourist!",39446045,"Mandiz","Central Region","Toa Payoh",1.33681,103.84944,"Private room",28,7,2,"05.09.2017",0.08,1,0
"4571","17454856","2CozyRooms@City Center/FarrerPark MRT/Little India",47866620,"Nanda","Central Region","Kallang",1.31382,103.85429,"Private room",125,2,56,"31.07.2019",1.89,13,158
"4572","17471882","City area spacious room",3034356,"Lily","Central Region","Geylang",1.32053,103.88416,"Private room",60,1,19,"14.08.2019",0.67,2,337
"4573","17483368","prewar doublebed Window RmA1 > lavender MRT",97878860,"Chelsey","Central Region","Kallang",1.30832,103.86118,"Private room",42,18,1,"01.03.2017",0.03,59,344
"4574","17483524","Brand new contemporary room rental",43543631,"Eddie","Central Region","Rochor",1.30173,103.84619,"Private room",119,1,7,"04.01.2019",0.35,2,365
"4575","17488373","prewar doublebed RmA1 > lavender MRT",97878860,"Chelsey","Central Region","Kallang",1.30892,103.86227,"Private room",39,18,1,"27.05.2017",0.04,59,359
"4576","17501404","Centrally Cozy Room near MRT",25996335,"Lee","Central Region","Kallang",1.31382,103.8538,"Private room",110,1,15,"16.06.2019",0.51,9,308
"4577","17519803","Downtown *Fireworks8View Ensuite+livingRm",97878860,"Chelsey","Central Region","Outram",1.28294,103.8436,"Private room",99,90,1,"30.04.2017",0.04,59,326
"4578","17595156","Private Crib for your short stay",25688125,"Juna","West Region","Choa Chu Kang",1.38341,103.74395,"Private room",50,2,19,"24.06.2019",0.64,1,14
"4580","17626886","prewar doublebed RmA* > lavender MRT",97878860,"Chelsey","Central Region","Kallang",1.30979,103.86245,"Private room",37,18,4,"16.06.2018",0.14,59,360
"4581","17660250","Nice and convenient room",107540964,"Eastern","Central Region","Marine Parade",1.30339,103.89628,"Private room",69,90,1,"20.12.2017",0.05,1,90
"4583","17677387","Private Master Room with attach bathroom",78386666,"Jayce","Central Region","Geylang",1.3165,103.88944,"Private room",56,1,2,"04.02.2018",0.1,6,0
"4584","17686936","5-Star Sanctuary Resort (Queen Room) in Singapore",34146041,"Ferdi","Central Region","Bukit Merah",1.28159,103.80318,"Private room",100,1,1,"24.09.2017",0.04,2,0
"4585","17705645","Spacious Room with private bathroom @ Jurong West",8644032,"Aleksandra","West Region","Jurong West",1.35285,103.705,"Private room",44,1,15,"17.07.2017",0.51,1,0
"4587","17727192","Private bedroom / bathroom with mesmerizing view",120868857,"Bjarke","Central Region","Downtown Core",1.27357,103.84359,"Private room",125,2,3,"23.08.2019",0.11,1,59
"4588","17736530","Chua's@33",120966362,"Shijie","West Region","Jurong West",1.33755,103.6903,"Private room",90,3,25,"09.06.2019",0.96,1,261
"4589","17740089","Bedroom twin at Orchard Road",119740557,"Nicholas","Central Region","Newton",1.30545,103.83863,"Private room",56,2,9,"19.09.2018",0.3,3,89
"4591","17768467","New Condo Ensuite Rm with  attached private bathrm",9293170,"Lee","West Region","Jurong West",1.34621,103.72257,"Private room",79,3,8,"20.07.2019",0.28,14,356
"4592","17769862","*Cozy Room @ City Center",47866620,"Nanda","Central Region","Kallang",1.31254,103.85318,"Private room",57,2,89,"11.08.2019",3.02,13,142
"4593","17778761","Luxury Condo Rm just opposite of Mrt & Jurong Lake",9293170,"Lee","West Region","Jurong West",1.34669,103.72327,"Private room",62,5,6,"19.07.2019",0.21,14,0
"4594","17779004","Condo Room walking distance from Jurong East Mrt",9293170,"Lee","West Region","Jurong East",1.33602,103.73888,"Private room",60,5,6,"18.06.2018",0.24,14,365
"4595","17779550","Condo Ensuite room with attached private  bathroom",9293170,"Lee","West Region","Jurong East",1.33445,103.73673,"Private room",79,7,2,"25.10.2017",0.09,14,348
"4596","17780164","Condo Single Air Con Room Near to Jurong east Mrt",9293170,"Lee","West Region","Jurong East",1.3361,103.73605,"Private room",35,7,4,"26.08.2018",0.15,14,361
"4597","17806689","master room for rent公寓空调大主人房出租",121695074,"Na","East Region","Tampines",1.34197,103.96186,"Private room",53,3,1,"24.08.2017",0.04,1,0
"4598","17831833","Comfortable & Quiet Master Bedroom",68223771,"Yolivia","West Region","Bukit Panjang",1.34775,103.77181,"Private room",10000,1,1,"27.05.2017",0.04,1,0
"4600","17856170","Cozy modern place @ little India.",73308318,"Shan Bros","Central Region","Rochor",1.30723,103.85235,"Private room",39,2,112,"13.08.2019",3.81,5,344
"4601","17859496","3BR in the Centre",25996335,"Lee","Central Region","Kallang",1.3146,103.85258,"Private room",310,1,5,"05.05.2019",0.22,9,291
"4602","17868090","Cosy single room - front of Bencoolen station",11390076,"Tryston","Central Region","Museum",1.29805,103.85023,"Private room",60,4,4,"23.06.2019",0.43,18,0
"4603","17881638","Condo room 15 mins to orchard rd",11390076,"Tryston","Central Region","Toa Payoh",1.34147,103.84127,"Private room",69,4,6,"02.04.2019",0.2,18,364
"4604","17881784","Orchard Ensuite room",11390076,"Tryston","Central Region","Orchard",1.30172,103.83815,"Private room",85,3,15,"31.07.2019",0.51,18,321
"4607","17896554","Common Room BISHAN MRT AirCon+Wifi+CanCook",56456300,"Bing","Central Region","Bishan",1.34676,103.85401,"Private room",40,1,9,"22.05.2017",0.31,1,0
"4609","17900978","Changi Road",77460827,"Iñigo","East Region","Bedok",1.31864,103.90845,"Private room",26,5,7,"20.07.2019",0.24,1,0
"4611","17929042","Cozy Studio in cultural district with a double bed",211434941,"Geraldine","Central Region","Downtown Core",1.29581,103.85504,"Private room",175,1,8,"19.08.2019",0.29,7,362
"4612","17929045","Funky Bunk Beds (without window)",211434941,"Geraldine","Central Region","Downtown Core",1.29753,103.8545,"Private room",165,1,1,"29.06.2019",0.49,7,362
"4613","17929049","Premier Twin Beds (with window)",211434941,"Geraldine","Central Region","Downtown Core",1.2976,103.85499,"Private room",185,1,1,"28.11.2018",0.11,7,361
"4615","17929055","Cabin for singles only 30% off (without window)",211434941,"Geraldine","Central Region","Downtown Core",1.29767,103.8556,"Private room",156,1,4,"15.08.2019",2.03,7,361
"4617","17946552","Executive Condo Rm near Jurong East Mrt &  Lake",9293170,"Lee","West Region","Jurong East",1.33494,103.73805,"Private room",60,5,16,"06.05.2019",0.55,14,355
"4618","17949590","Cheap Private Bedroom In Cosy Home",108417270,"Nargis","East Region","Bedok",1.31817,103.90939,"Private room",42,1,37,"05.08.2019",2.17,3,58
"4619","17951810","Condo Common Rm opposite of Lakeside Mrt",9293170,"Lee","West Region","Jurong West",1.34701,103.72155,"Private room",62,7,7,"01.06.2019",0.33,14,365
"4620","17956150","CBD City View Room near Clark Quay & Orchard",33035300,"Belle","Central Region","River Valley",1.29303,103.83687,"Private room",115,4,40,"28.07.2019",1.49,2,147
"4621","17965944","2 Spacious&Cozy Rooms 3mins walk to MRT",25996335,"Lee","Central Region","Kallang",1.31452,103.85256,"Private room",210,1,39,"21.08.2019",1.34,9,306
"4623","18011660","NOT AVAILABLE Ensuite rm w pte bathroom 高级大套房+单独卫浴",78238544,"Kenneth","North Region","Yishun",1.40768,103.81962,"Private room",187,1,37,"29.06.2019",1.28,3,364
"4624","18013085","Riviera Cozy near Orchard",123535614,"Chris And Vern","Central Region","River Valley",1.29648,103.83848,"Private room",78,93,21,"03.09.2017",0.74,1,89
"4625","18052476","CHIC LARGE ROOM IN THE HEART OF SINGAPORE!",124238686,"Mk","Central Region","Newton",1.31009,103.83928,"Private room",75,3,29,"07.08.2019",1.03,2,243
"4629","18101665","Bright & Spacious Junior Master Room near MRT",68059127,"Wei","East Region","Bedok",1.32073,103.91585,"Private room",100,3,1,"06.09.2018",0.08,21,322
"4631","18109887","Condo Common room at clementi - near nus",101940767,"Krish","West Region","Clementi",1.31815,103.75894,"Private room",50,7,14,"09.06.2019",0.52,2,56
"4632","18115493","Master room queen  bed @ Eunos mrt",91165081,"Chong","East Region","Bedok",1.31592,103.90672,"Private room",58,2,1,"20.09.2018",0.09,10,365
"4633","18117026","Near jurong east MRT new condo room",124827904,"Lucy","West Region","Jurong East",1.33541,103.74163,"Private room",69,5,10,"31.05.2019",0.41,6,162
"4634","18144507","MRT Cosy Condo Private Room w Bathroom attached",120827688,"Claire","North-East Region","Punggol",1.40427,103.90333,"Private room",60,90,68,"30.12.2018",2.36,1,34
"4635","18144702","3pax family dormitory",125105902,"Heritage","Central Region","Outram",1.28215,103.84483,"Private room",99,1,40,"07.08.2019",1.97,7,58
"4636","18149715","(room 8)Queen size bedroom near NTU NUS INSEAD MRT",52310102,"W3","Central Region","Queenstown",1.27986,103.78717,"Private room",69,5,2,"11.08.2018",0.07,14,365
"4637","18151459","West private room near NTU",12083856,"Wendy","West Region","Jurong West",1.34334,103.71274,"Private room",51,7,4,"02.05.2018",0.14,2,365
"4638","18169687","Modern studio room with shared pool - S6",68059127,"Wei","East Region","Bedok",1.32559,103.91451,"Private room",131,3,3,"01.08.2019",0.21,21,345
"4639","18180874","K2 guesthouse bedroom  with bathroom @ Buona Vista",52310102,"W3","Central Region","Queenstown",1.28164,103.78585,"Private room",99,3,7,"07.08.2019",0.25,14,365
"4640","18184250","Lor 17 L2R5 Private room in a walkup apartment",33096269,"E C","Central Region","Geylang",1.31247,103.878,"Private room",150,2,99,"12.08.2019",3.54,14,81
"4642","18214792","Your second home in Singapore",40345484,"Ine","Central Region","Marine Parade",1.29712,103.88907,"Private room",81,2,4,"12.12.2017",0.17,3,138
"4643","18235755","STYLISH ROOM in HEART OF ISLAND!!",124238686,"Mk","Central Region","Newton",1.30968,103.84143,"Private room",60,3,105,"03.08.2019",3.65,2,235
"4644","18254294","Our cosy home in Central Singapore",25682279,"F & T","Central Region","Novena",1.31218,103.84303,"Private room",69,3,92,"06.08.2019",3.25,1,22
"4645","18277072","Private Bedroom in Central Singapore",2049016,"Nicolas","Central Region","Outram",1.28701,103.84041,"Private room",50,2,10,"20.03.2019",0.36,1,0
"4646","18286281","NUS hive 1",126446203,"Goh","West Region","Clementi",1.29245,103.76717,"Private room",51,90,1,"01.07.2017",0.04,2,365
"4653","18376117","Cozy BR (1) w/King-size bed! Within mins to town!",127262409,"Cecilia","Central Region","Geylang",1.31216,103.88161,"Private room",60,1,141,"07.08.2019",5.16,2,148
"4654","18395154","CBD/MBS/Orchard/Somerset/Clark quay within mins!",29791609,"Goh","Central Region","River Valley",1.29689,103.8408,"Private room",94,1,111,"18.08.2019",3.99,2,344
"4656","18421322","prewar2 loftbed roomA > lavender MRT",97878860,"Chelsey","Central Region","Kallang",1.30805,103.86179,"Private room",44,18,1,"28.07.2017",0.04,59,362
"4657","18434466","Queen bedroom with shared bathroom",46515276,"Ark","Central Region","Kallang",1.31158,103.87273,"Private room",50,2,53,"27.07.2019",2.02,11,284
"4659","18443242","Private bedroom @CBD/end Orchard/Rochor (1)",127848034,"Justin","Central Region","Rochor",1.30254,103.84874,"Private room",62,2,134,"10.08.2019",4.86,4,204
"4660","18443344","Private Master Room w/Own Bathroom at paya lebar",78386666,"Jayce","Central Region","Geylang",1.31449,103.89031,"Private room",56,2,5,"01.01.2019",0.29,6,0
"4661","18450908","Bedroom in CBD/Heart of City/ near Orchard(5)",127848034,"Justin","Central Region","Rochor",1.30464,103.84859,"Private room",62,2,136,"07.08.2019",4.82,4,252
"4662","18452331","Master Bedroom in CBD/Heart of City/end Orchard(6)",127848034,"Justin","Central Region","Rochor",1.30426,103.85,"Private room",76,2,131,"13.08.2019",4.66,4,247
"4663","18471415","Master Suite in CBD/Heart of City/near Orchard (8)",127848034,"Justin","Central Region","Rochor",1.30245,103.85033,"Private room",83,2,133,"02.08.2019",4.82,4,305
"4668","18508828","(Room)Breezy Comfy Stay (Kitchen Bathroom)",128465640,"Azlan","North Region","Woodlands",1.44861,103.79962,"Private room",54,2,30,"14.08.2019",1.09,2,311
"4669","18509748","B-2mins subway/city central/aircon/wifi/bus/quiet",38730349,"J","Central Region","Kallang",1.31932,103.86046,"Private room",78,3,60,"14.08.2019",2.16,2,136
"4670","18513959","prewar doublebed *RmRJ > Lavender MRT",97878860,"Chelsey","Central Region","Kallang",1.30948,103.8612,"Private room",37,18,1,"02.03.2019",0.17,59,360
"4671","18516282","City Apartment Rm w/  2 Beds @ Orchard_4",97206233,"Julie","Central Region","Orchard",1.30379,103.8342,"Private room",110,1,17,"01.08.2019",0.64,10,338
"4673","18566096","Budget price with premium apartement services",41007459,"Anis","Central Region","Tanglin",1.31818,103.83007,"Private room",62,1,2,"18.08.2017",0.07,1,0
"4674","18570175","Lor 17 L2R1 Huge Private Room for big group",33096269,"E C","Central Region","Geylang",1.31282,103.88098,"Private room",90,2,59,"10.08.2019",2.11,14,84
"4675","18582303","Private Room Suite - Mins to Orchard/Somerset Area",61619807,"Ong","Central Region","Orchard",1.29898,103.83899,"Private room",85,2,42,"30.07.2019",1.5,27,344
"4676","18585234","Stunning Penthouse for TV / Ad Shoots only",23145293,"Dj","Central Region","Bukit Merah",1.28338,103.82947,"Private room",999,1,6,"22.09.2017",0.22,3,358
"4677","18588122","Singapore Best Location with the Best $$$ Value",129072054,"Dex","Central Region","Kallang",1.30999,103.86328,"Private room",150,1,19,"24.07.2018",0.68,4,352
"4678","18589278","Common Room at Clearwater Condo",21900076,"Mary","East Region","Bedok",1.3379,103.93474,"Private room",56,1,3,"12.11.2017",0.11,2,0
"4679","18589626","The Best Location with the Best Price",129072054,"Dex","Central Region","Kallang",1.30969,103.8633,"Private room",150,1,1,"19.06.2018",0.07,4,299
"4680","18591456","Private Serviced Ensuite Room - Fully Furnished",12792791,"Dionne","Central Region","Queenstown",1.27933,103.7874,"Private room",56,7,2,"02.09.2017",0.08,1,0
"4681","18602770","Cosy room with wifi.",14613568,"Shuhui","North-East Region","Sengkang",1.39581,103.90202,"Private room",44,2,41,"14.05.2019",1.49,3,0
"4682","18605664","City Apartment Rm @ Orchard_2",97206233,"Julie","Central Region","Newton",1.30523,103.83433,"Private room",160,1,10,"29.07.2019",0.42,10,314
"4683","18607018","Near Jurong East MRT condo Master room",124827904,"Lucy","West Region","Jurong East",1.33404,103.7428,"Private room",69,3,52,"25.08.2019",1.92,6,234
"4684","18617838","Cozy private room in the north",16070680,"Siqin","North Region","Sembawang",1.4463,103.8345,"Private room",39,1,2,"11.06.2017",0.07,1,0
"4685","18646201","prewar2 loftbed roomA > lavender MRT",97878860,"Chelsey","Central Region","Kallang",1.30883,103.86239,"Private room",35,18,1,"18.06.2017",0.04,59,362
"4686","18664648","NEW En-suite Bedroom /WIFI near Orchard/Somerset",46685310,"L","Central Region","River Valley",1.29626,103.83616,"Private room",87,2,6,"23.07.2019",0.25,28,341
"4689","18679631","Small room for you",108408404,"Sutthida","Central Region","Marine Parade",1.30823,103.89461,"Private room",14,2,1,"14.05.2017",0.04,1,0
"4692","18710914","马里士他",46441287,"Lu","Central Region","Novena",1.32532,103.84751,"Private room",50,3,2,"04.06.2017",0.07,1,239
"4694","18755310","Newly furnished spacious room",107321298,"Mark","East Region","Pasir Ris",1.36713,103.96359,"Private room",49,1,197,"10.08.2019",7.13,1,349
"4696","18783955","(*3 MTHS STAY ONWARD) 高级套房 high quality suite",78238544,"Kenneth","North Region","Yishun",1.4057,103.82069,"Private room",37,1,22,"10.07.2019",0.81,3,0
"4697","18830269","Luxury condo's cozy private room near Orchard Road",131127587,"Navneet","Central Region","Tanglin",1.31652,103.83092,"Private room",194,1,12,"20.10.2018",0.44,1,0
"4699","18858584","Cozy Premium Studio 2 Mins To Orchard (300 sqft)",111065775,"Abegail","Central Region","River Valley",1.29781,103.83823,"Private room",149,6,4,"28.02.2019",0.15,19,294
"4701","18887526","Singapore Dakota MRT + furnished  only for female",17553957,"Nan","Central Region","Geylang",1.31022,103.88486,"Private room",69,1,5,"24.07.2017",0.19,1,0
"4702","18899288","Condo Beside Bt Batok Mrt ~Attached Private toilet",228867,"Champ","West Region","Bukit Batok",1.34859,103.74774,"Private room",69,3,6,"24.06.2019",0.23,7,362
"4703","18903757","Master bedroom w/ large terrace (Tiong Bahru)",11827122,"Gat","Central Region","Bukit Merah",1.28364,103.83085,"Private room",60,1,1,"02.06.2017",0.04,3,0
"4704","18905203","Room 2 - Affordable common room near university",33003286,"Suan Khim","West Region","Clementi",1.29519,103.76575,"Private room",81,5,11,"28.04.2019",0.51,2,63
"4705","18954357","Cozy place on a very high floor with amazing view",18812801,"Elaine","Central Region","Kallang",1.32367,103.86548,"Private room",69,5,42,"12.12.2018",1.56,1,0
"4706","18969220","a3 Condo Room Near City 600m to Aljunied MRT",96467516,"Linda","Central Region","Geylang",1.31613,103.88735,"Private room",72,2,39,"26.07.2019",1.71,26,208
"4707","18969282","a4 Condo Room Near City 600m to Aljunied MRT",96467516,"Linda","Central Region","Geylang",1.31622,103.88633,"Private room",72,2,14,"08.07.2019",0.51,26,218
"4709","19007966","Downtown Ensuite03M2",97878860,"Chelsey","Central Region","Outram",1.28455,103.84308,"Private room",56,28,1,"05.03.2018",0.06,59,333
"4710","19009257","[Botanical Garden] Cozy Room by Beautiful Natures",125804276,"Lam","Central Region","Bishan",1.35041,103.83968,"Private room",60,2,94,"12.08.2019",3.48,1,13
"4711","19020434","Nice location with Nice People here",128556218,"Chan","Central Region","Bukit Merah",1.28578,103.83388,"Private room",387,1,1,"03.06.2017",0.04,1,365
"4712","19039775","NEW Cozy Bedroom Suite/ WIFI@Orchard/Somerset Area",46685310,"L","Central Region","River Valley",1.29587,103.83799,"Private room",100,2,59,"19.07.2019",2.21,28,327
"4713","19056267","window greenery *room near CitySQ Mall",2413412,"Kaurus","Central Region","Kallang",1.31113,103.85791,"Private room",40,18,1,"17.07.2018",0.07,112,342
"4714","19073773","Cozy room R at top floor in landed house",68059127,"Wei","East Region","Bedok",1.32137,103.91476,"Private room",90,3,1,"17.03.2019",0.18,21,116
"4715","19091188","Private Single Room @ Ang Mo Kio (Near MRT)",51465062,"Vivian","North-East Region","Ang Mo Kio",1.36453,103.84796,"Private room",50,1,10,"28.07.2019",1.35,1,165
"4716","19094235","Skylight bedroom in CBD & End of Orchard(3) +WIFI",132914882,"Diane","Central Region","Rochor",1.30415,103.85018,"Private room",56,2,100,"27.07.2019",3.86,1,313
"4718","19125341","Awesome view! *semi-Ensuite M292",2413412,"Kaurus","Central Region","Outram",1.28354,103.84141,"Private room",76,18,1,"08.06.2017",0.04,112,350
"4719","19128310","highrise ensuite + cityView",8948251,"Joey","Central Region","Outram",1.28309,103.84163,"Private room",56,18,1,"06.05.2018",0.06,83,350
"4721","19142204","Penthouse big Common Room",121197608,"Wendy","East Region","Bedok",1.32677,103.94544,"Private room",79,20,1,"25.08.2017",0.04,1,365
"4723","19184001","Connecting Room Tanjong Pagar Near CBD",134187371,"Esther","Central Region","Downtown Core",1.27608,103.84473,"Private room",500,1,2,"23.03.2018",0.1,10,175
"4725","19184005","Two Bedroom Apartment Tanjong Pagar Near CBD",134187371,"Esther","Central Region","Downtown Core",1.27525,103.84417,"Private room",800,1,2,"05.08.2018",0.13,10,175
"4726","19184009","Family Suite Room Tanjong Pagar Near CBD",134187371,"Esther","Central Region","Downtown Core",1.27783,103.84773,"Private room",550,1,2,"18.03.2018",0.08,10,174
"4727","19184011","Spacious bedroom near city centre with free Wi-Fi",134187371,"Esther","Central Region","Downtown Core",1.27466,103.8447,"Private room",300,1,4,"18.07.2019",0.45,10,167
"4728","19184013","Spacious bedroom near city centre with free Wi-Fi",134187371,"Esther","Central Region","Outram",1.27529,103.84318,"Private room",300,1,3,"07.03.2019",0.42,10,173
"4729","19184500","Spacious bedroom near city centre with free Wi-Fi",134187371,"Esther","Central Region","Downtown Core",1.27407,103.84411,"Private room",300,1,10,"10.08.2019",0.55,10,176
"4730","19184501","Spacious bedroom near city centre with free Wi-Fi",134187371,"Esther","Central Region","Downtown Core",1.27462,103.84248,"Private room",300,1,10,"15.03.2019",0.46,10,176
"4731","19184502","Spacious bedroom near city centre with free Wi-Fi",134187371,"Esther","Central Region","Downtown Core",1.27438,103.84429,"Private room",300,1,19,"01.08.2019",0.76,10,146
"4732","19184503","Spacious bedroom near city centre with free Wi-Fi",134187371,"Esther","Central Region","Outram",1.27551,103.84276,"Private room",300,1,16,"17.08.2019",0.64,10,171
"4733","19200431","Michelle and Steven's place (II)",20872645,"Michelle","West Region","Bukit Batok",1.35612,103.76073,"Private room",90,88,3,"24.09.2017",0.12,2,331
"4735","19218794","Renovated Master Bedroom & own bathroom@East Coast",36416351,"Min","East Region","Bedok",1.30763,103.91451,"Private room",3000,90,33,"31.03.2018",1.25,1,90
"4736","19220212","Pool View Room near Clark Quay & Orchard",33035300,"Belle","Central Region","River Valley",1.29303,103.8361,"Private room",94,8,26,"25.08.2019",0.97,2,281
"4739","19231733","Lor17 L2R3 Private Room for 4 guests",33096269,"E C","Central Region","Geylang",1.31224,103.88012,"Private room",60,2,69,"25.08.2019",2.6,14,76
"4740","19249203","Condominium at its best available",107519585,"Kashyap","East Region","Pasir Ris",1.36686,103.96838,"Private room",50,3,1,"06.07.2017",0.04,1,0
"4745","19299883","Private single room at Sengkang",135164148,"Chng","North-East Region","Sengkang",1.38293,103.90259,"Private room",53,180,1,"31.07.2017",0.04,2,365
"4746","19323522","Luxury Serviced Apartment: suites master room",68059127,"Wei","East Region","Bedok",1.31933,103.9145,"Private room",119,3,1,"07.06.2019",0.36,21,350
"4747","19337115","Ultimate River Valley resort escape",7999463,"Mila","Central Region","River Valley",1.29419,103.83938,"Private room",75,2,59,"12.08.2019",2.45,1,34
"4748","19361265","City area:Private bedrooms in private condo 20%Off",38934778,"Ian","Central Region","Bishan",1.35189,103.83481,"Private room",81,2,9,"14.08.2019",1.48,3,50
"4750","19375677","Home sweet home",135813890,"Madhu","West Region","Bukit Batok",1.35183,103.75667,"Private room",60,7,3,"26.08.2019",3,1,89
"4751","19379474","Lor17L2R4 Small Budget room with AC for 2",33096269,"E C","Central Region","Geylang",1.31218,103.87922,"Private room",44,3,85,"24.08.2019",3.28,14,74
"4759","19509543","Master Room with bathroom for single",135367789,"Mandy","West Region","Jurong West",1.34823,103.71643,"Private room",56,3,32,"03.08.2019",1.26,1,174
"4760","19543668","Condo life in the heart of Singapore ｼﾝｶﾞﾎﾟｰﾙ中心ｺﾝﾄﾞ生活",24289255,"Japandrejapandre","Central Region","Novena",1.31393,103.84124,"Private room",100,1,3,"01.08.2017",0.11,1,0
"4761","19577624","234 Toa Payoh",107953774,"Aicheng Sean","Central Region","Toa Payoh",1.33985,103.85737,"Private room",58,1,2,"08.07.2017",0.08,1,0
"4762","19619644","Somerset/fort canning/Dhoby Ghaut walking distance",120027908,"Elaine","Central Region","River Valley",1.29869,103.84214,"Private room",69,1,10,"11.07.2019",1.72,1,345
"4763","19629485","2 Queen-Beds Bedroom Suite @ Somerset/Orchard Area",61619807,"Ong","Central Region","River Valley",1.29776,103.83889,"Private room",158,2,21,"27.07.2019",0.84,27,333
"4764","19634599","Luxury Apartment SingleBedroom",126742574,"Sean","North-East Region","Serangoon",1.34727,103.87104,"Private room",81,2,18,"31.07.2018",0.7,1,0
"4765","19650919","Serviced Luxury Suite at City Fringe A02",137951106,"Simon","Central Region","Novena",1.32467,103.85258,"Private room",156,3,15,"22.07.2019",0.59,14,78
"4766","19668740","Luxury Suite at City Fringe A03",137951106,"Simon","Central Region","Novena",1.32364,103.85192,"Private room",108,3,10,"13.08.2019",0.4,14,317
"4767","19685674","Luxury Suite at City Fringe A04",137951106,"Simon","Central Region","Novena",1.32287,103.85204,"Private room",108,3,6,"22.06.2019",0.46,14,356
"4769","19714010","Renovated rm at Lakeside on East-West (green) line",138925328,"Yc","West Region","Jurong West",1.34409,103.71869,"Private room",65,1,12,"27.06.2019",0.56,1,178
"4770","19720477","Beautifully-Furnished Cozy Room with Balcony",77077626,"Markus","North-East Region","Serangoon",1.36435,103.86375,"Private room",125,2,5,"27.08.2018",0.2,3,365
"4772","19751695","Newly Refurbished Private Room @ Sembawang MRT",15035611,"Anna","North Region","Sembawang",1.45111,103.82765,"Private room",87,1,7,"16.12.2017",0.28,1,0
"4773","19758047","Ryan's Home",128313510,"Fan","West Region","Western Water Catchment",1.35424,103.68162,"Private room",31,1,1,"12.07.2017",0.04,1,0
"4774","19758048","The Bayshore",139411664,"Gwendolen","East Region","Bedok",1.31141,103.93891,"Private room",43,1,4,"16.09.2017",0.16,1,0
"4775","19773521","This is Sweet HOME !!!",139582407,"Jubilee","East Region","Bedok",1.31342,103.90675,"Private room",69,7,1,"05.05.2018",0.06,1,0
"4776","19774490","partial Ensuite* with own washer/dryer",8948251,"Joey","Central Region","Kallang",1.30857,103.86269,"Private room",35,28,1,"13.07.2017",0.04,83,355
"4778","19777121","Promotion: 7-10 person Loft Room Super WIFI City",12067440,"Tommy","Central Region","Kallang",1.31069,103.86125,"Private room",342,1,2,"08.07.2019",0.24,20,353
"4779","19797480","Promotion: 7 to 9 person Loft Room Super WIFI City",12067440,"Tommy","Central Region","Kallang",1.31079,103.85931,"Private room",303,1,3,"06.06.2019",0.16,20,356
"4780","19798538","Promotion 5~6 person Loft Room Super WIFI City",12067440,"Tommy","Central Region","Kallang",1.31245,103.85952,"Private room",253,1,2,"23.10.2017",0.08,20,356
"4781","19799435","Singapore common room for short stay",139838895,"Zheng","West Region","Choa Chu Kang",1.37745,103.74565,"Private room",50,2,16,"27.06.2018",0.62,1,179
"4782","19800088","Promotion: 11-14person Loft Room Super WIFI City",12067440,"Tommy","Central Region","Kallang",1.31232,103.85967,"Private room",462,1,1,"20.02.2018",0.05,20,352
"4784","19847774","Beary's 3 Bed Private Room",45368183,"Beary Best Hostel","Central Region","Outram",1.28435,103.84477,"Private room",137,1,2,"18.01.2019",0.19,9,333
"4785","19848045","Conveniently located room @ Redhill mrt",52310102,"W3","Central Region","Bukit Merah",1.28839,103.80955,"Private room",99,1,1,"09.08.2017",0.04,14,365
"4787","19881239","Beary's Private 6 Bed Dorm",45368183,"Beary Best Hostel","Central Region","Outram",1.28286,103.84582,"Private room",192,1,1,"08.08.2018",0.08,9,355
"4796","20038212","Singapore獨立房間",31632340,"Coco","East Region","Pasir Ris",1.37609,103.94342,"Private room",69,1,24,"28.04.2018",0.98,1,0
"4798","20065234","QUAD ROOM FOR 4",65679130,"Seven","Central Region","Kallang",1.31121,103.8589,"Private room",144,1,2,"20.07.2018",0.08,18,347
"4800","20069280","Single ONLY @ Yew Tee - Simple Industrial",10463855,"Siti Noordin","West Region","Choa Chu Kang",1.40288,103.74481,"Private room",51,2,7,"02.05.2019",0.41,3,360
"4801","20126837","One of a kind Penthouse in Novena by Homes SG",11898832,"Homes Sg","Central Region","Novena",1.32401,103.84902,"Private room",251,90,64,"03.02.2019",2.55,2,175
"4803","20142558","Private Bedroom nearby Bukit Panjang Plaza",12756385,"Wahidin","West Region","Bukit Panjang",1.38353,103.76407,"Private room",37,31,13,"31.07.2019",0.52,1,329
"4804","20155952","MasterbedRoom with PrivateToilet Clean newly Reno",138158188,"Leonard","West Region","Choa Chu Kang",1.37881,103.75444,"Private room",49,5,38,"01.03.2019",1.57,2,0
"4805","20182075","Central MRT Shopping Mall Condo Resort (Single)",25753591,"S","Central Region","Bukit Merah",1.28784,103.82714,"Private room",97,90,7,"06.03.2018",0.28,2,363
"4806","20196237","Art Room",25178472,"Ana","East Region","Tampines",1.33921,103.95523,"Private room",31,1,16,"26.04.2018",0.64,1,0
"4807","20200571","Private Master Bedroom @ Paya Lebar MRT",69005937,"Keith","Central Region","Geylang",1.31513,103.88541,"Private room",31,90,1,"03.08.2017",0.04,11,180
"4808","20213741","Pamper yourself with a luxury stay",143892668,"Chin","West Region","Jurong West",1.34683,103.72192,"Private room",65,5,7,"20.02.2019",0.3,13,365
"4809","20216044","Geylang Aljunied Hostel- lovely Pte room",81107861,"Jarovh","Central Region","Geylang",1.31548,103.88321,"Private room",53,2,39,"12.08.2019",1.56,4,352
"4811","20223050","Cozy room stone-throw away from MRT",8717693,"Keang","Central Region","Queenstown",1.30066,103.80023,"Private room",51,2,3,"17.09.2017",0.12,1,0
"4812","20233890","Luxury En-suite room with your own private bath",143892668,"Chin","West Region","Jurong East",1.34495,103.72278,"Private room",89,4,10,"10.08.2019",0.5,13,359
"4813","20244085","民宿E家",144277113,"Lihui","North-East Region","Sengkang",1.38986,103.89495,"Private room",94,1,1,"27.08.2017",0.04,1,0
"4814","20256486","Cosy Private Room & Private Bathroom",52008666,"Garance","Central Region","Kallang",1.30929,103.8638,"Private room",56,1,5,"09.09.2017",0.2,2,0
"4815","20258646","Condo Ensuite Room close to Jurong east Mrt & Lake",143892668,"Chin","West Region","Jurong East",1.33343,103.74084,"Private room",79,5,3,"13.07.2019",0.15,13,348
"4816","20291676","5-Star Sanctuary Resort (Twin Room) in Singapore",34146041,"Ferdi","Central Region","Bukit Merah",1.28225,103.80322,"Private room",100,1,1,"23.09.2017",0.04,2,0
"4818","20395120","Contemporary casual",145421414,"Tony","North-East Region","Punggol",1.39576,103.91618,"Private room",51,1,4,"16.10.2017",0.17,1,0
"4819","20396642","Luxury Suite at City Fringe B06",137951106,"Simon","Central Region","Novena",1.32345,103.85262,"Private room",118,3,3,"16.09.2018",0.16,14,351
"4820","20397202","Spacious Master room with Private Bathroom/3minMRT",145442500,"Jini","East Region","Bedok",1.31926,103.90881,"Private room",182,2,16,"12.08.2019",0.96,7,4
"4821","20397739","Private Room in a Central Condo",92553566,"Anshul","Central Region","Bukit Merah",1.28412,103.82785,"Private room",69,1,3,"30.06.2019",0.12,1,148
"4822","20413265","Bedroom with a view in a modern apartment",7559252,"Huilin","Central Region","Kallang",1.29762,103.88388,"Private room",81,2,11,"28.02.2019",0.96,1,0
"4823","20415804","Executive Condo room walking distance to MRT",143892668,"Chin","West Region","Jurong East",1.3342,103.73748,"Private room",60,5,3,"30.05.2018",0.12,13,0
"4824","20419305","Clean & Cosy",122947666,"Trung","North-East Region","Ang Mo Kio",1.36852,103.84274,"Private room",40,1,8,"28.05.2018",0.32,1,0
"4825","20426368","Pleasant Condo Private Rm near Mrt",143892668,"Chin","West Region","Jurong East",1.33455,103.73879,"Private room",62,3,3,"27.08.2018",0.13,13,359
"4826","20426981","Junior Master Room for Private Stay",77033455,"Ho","East Region","Bedok",1.32016,103.92059,"Private room",74,1,3,"17.08.2019",0.16,4,311
"4827","20426982","Regular Common Room",77033455,"Ho","East Region","Bedok",1.32032,103.92187,"Private room",60,1,3,"13.08.2019",0.13,4,365
"4828","20446077","The condo common room at dakota mrt",78386666,"Jayce","Central Region","Geylang",1.31193,103.88905,"Private room",49,2,1,"23.01.2018",0.05,6,0
"4829","20449193","Beautiful master bedroom near city center",24045610,"Anne","Central Region","Geylang",1.31438,103.88442,"Private room",65,3,2,"15.09.2017",0.08,1,0
"4830","20469489","MASTER Bedroom in Condo with Private bathroom",103483680,"Thomas","Central Region","Kallang",1.31113,103.85795,"Private room",56,2,3,"05.11.2017",0.13,1,0
"4831","20478669","Cozy master bedrm#couples/backpackers#exp culture",9293962,"Wa","Central Region","Queenstown",1.30098,103.77161,"Private room",49,3,2,"28.09.2017",0.08,1,0
"4832","20481470","(S)Loft Style Room with Private Bathroom/3mins MRT",145442500,"Jini","East Region","Bedok",1.32024,103.9143,"Private room",200,2,9,"28.07.2019",0.43,7,9
"4833","20485337","Cosy apartment in the heart of Tiong Bahru",28511785,"Simon","Central Region","Bukit Merah",1.28254,103.82862,"Private room",62,3,1,"27.08.2017",0.04,2,0
"4834","20512779","Spacious Room in Beautiful & Green Terrace House",9899270,"Peir","Central Region","Bukit Timah",1.34217,103.77398,"Private room",81,2,23,"07.08.2019",1.12,2,252
"4835","20514799","Cozy and luxurious room close to CBD!",145625250,"Sunny","Central Region","Novena",1.32381,103.84699,"Private room",75,1,59,"25.08.2019",2.42,1,132
"4837","20539655","Giffard Mansion",134338083,"Willie","Central Region","Novena",1.32483,103.84826,"Private room",39,90,20,"23.08.2018",0.82,2,333
"4838","20546154","Finest Stay with Comfort in Mind",146100311,"Cindy","West Region","Jurong West",1.34525,103.72394,"Private room",62,3,7,"12.07.2019",0.31,10,348
"4840","20560133","1 common room Redhill",146841502,"Thomas","Central Region","Bukit Merah",1.29167,103.81875,"Private room",49,1,1,"16.04.2018",0.06,1,0
"4841","20564987","Cozy Room",81511180,"Eugene","Central Region","Bukit Merah",1.27458,103.83484,"Private room",85,2,2,"29.12.2017",0.09,1,361
"4842","20573629","Private Bedroom in Charming Tiong Bahru",20953299,"Adrian","Central Region","Bukit Merah",1.28407,103.8345,"Private room",85,2,1,"03.09.2017",0.04,1,0
"4843","20580995","Private Sanctuary Spacious Luxury Condo En-suite",146100311,"Cindy","West Region","Jurong West",1.34678,103.72165,"Private room",83,3,1,"05.07.2019",0.55,10,365
"4844","20581173","Condo Room at Singapore's Oasis",146100311,"Cindy","West Region","Jurong East",1.34413,103.73288,"Private room",58,3,1,"16.05.2019",0.29,10,365
"4845","20608112","Cosy apartment in the heart of Tiong Bahru",28511785,"Simon","Central Region","Bukit Merah",1.28246,103.82789,"Private room",58,9,1,"28.08.2017",0.04,2,0
"4846","20609405","Brighton Room in Colonial/Heritage Shophouse",144936523,"Fang Ren","Central Region","Kallang",1.31294,103.85896,"Private room",156,29,47,"20.04.2019",1.97,12,89
"4847","20628822","Nice Condo Room Just Opposite of Mrt and Lake",9293170,"Lee","West Region","Jurong East",1.34253,103.73314,"Private room",57,3,3,"01.01.2019",0.23,14,363
"4848","20640481","Condo room  just opposite of Mrt & Garden",21386285,"Susie","West Region","Jurong East",1.3424,103.73356,"Private room",57,5,4,"23.01.2019",0.17,15,363
"4851","20655825","Classic Comfy Room just opposite of Mrt",143892668,"Chin","West Region","Jurong East",1.34277,103.73332,"Private room",58,3,2,"22.10.2018",0.14,13,365
"4853","20659809","Great room for budget travellers",143892668,"Chin","West Region","Jurong East",1.33659,103.73591,"Private room",33,5,2,"06.05.2019",0.37,13,0
"4855","20683780","Lakeville-new  Bedroom",148020627,"Anqi","West Region","Jurong West",1.34611,103.72288,"Private room",81,1,1,"05.09.2017",0.04,1,0
"4856","20685372","Master room with attached bathroom",708371,"Jamila","Central Region","Queenstown",1.29272,103.80938,"Private room",65,2,27,"08.07.2018",1.16,1,0
"4857","20686146","Spacious Condo Room just in front of Mrt and Lake",146100311,"Cindy","West Region","Jurong East",1.34385,103.73327,"Private room",60,3,2,"02.01.2019",0.16,10,362
"4858","20698050","373 Guillemard L2R3 prv room & toilet no windows",33096269,"E C","Central Region","Geylang",1.31277,103.8879,"Private room",49,2,89,"21.08.2019",3.77,14,64
"4859","20700848","Nice Room near Paya Lebar MRT",148175032,"Fefe","Central Region","Geylang",1.31391,103.89261,"Private room",35,3,75,"06.08.2019",3.2,4,130
"4860","20703034","Bentleigh Room in Colonial/Heritage Shophouse",144936523,"Fang Ren","Central Region","Kallang",1.31156,103.85775,"Private room",156,29,59,"21.04.2019",2.49,12,89
"4862","20715202","Spacious Condo Room just in front of Mrt & Garden",9293170,"Lee","West Region","Jurong East",1.34399,103.73296,"Private room",60,3,3,"27.06.2019",0.19,14,362
"4863","20715404","( 3 )Rooms at Same Condo Unit just opposite of Mrt",21386285,"Susie","West Region","Jurong East",1.34415,103.73317,"Private room",181,5,2,"27.06.2018",0.14,15,365
"4864","20717207","3 Bed rooms at Same Condo close to Mrt and Lake",143892668,"Chin","West Region","Jurong East",1.34473,103.7322,"Private room",181,7,3,"26.11.2018",0.12,13,365
"4867","20732822","Master Room near Paya Lebar MRT",148175032,"Fefe","Central Region","Geylang",1.31365,103.89233,"Private room",37,3,77,"18.06.2019",3.27,4,134
"4868","20743994","NEW Private EnSuite BedRoom @City/Orchard/Somerset",109333133,"Pat","Central Region","River Valley",1.29815,103.83931,"Private room",90,1,18,"29.07.2019",0.76,18,351
"4871","20762681","pool condo",148662477,"Jue","Central Region","Geylang",1.31779,103.89244,"Private room",68,3,1,"02.09.2017",0.04,1,0
"4874","20776819","Single room near commonwealth mrt ( central area )",146709340,"Khin Thawdar","Central Region","Queenstown",1.30611,103.79798,"Private room",25,1,4,"27.09.2017",0.17,1,0
"4875","20778113","1BR @ SG's foodie area",11248671,"Mei Xi","Central Region","Marine Parade",1.30917,103.8943,"Private room",65,90,1,"18.10.2017",0.04,1,90
"4877","20798153","Private Room Suite @ Central/Somerset/Orchard Area",61619807,"Ong","Central Region","River Valley",1.29706,103.83964,"Private room",85,2,22,"02.08.2019",0.95,27,341
"4878","20803693","Private Room for 2pax @ Chinatown",8881470,"Wink","Central Region","Outram",1.2829,103.84338,"Private room",110,1,2,"03.01.2019",0.13,5,0
"4880","20816680","Unlisted see the other one masterbedroom",116380869,"Andrew","North-East Region","Hougang",1.34224,103.88394,"Private room",50,1,20,"18.03.2019",0.84,2,0
"4882","20823632","shower wash basin in YOUR solo *room 1970s unit",8948251,"Joey","Central Region","Geylang",1.31464,103.88114,"Private room",35,18,2,"31.10.2018",0.14,83,353
"4883","20824274","Downtown Queenbed *Room3 @ Chinatown",97878860,"Chelsey","Central Region","Outram",1.28373,103.84306,"Private room",42,90,2,"29.07.2018",0.09,59,352
"4884","20836943","Fitzroy Loft in Colonial/Heritage Shophouse",144936523,"Fang Ren","Central Region","Kallang",1.31134,103.85742,"Private room",175,29,58,"15.06.2019",2.45,12,38
"4886","20859006","Cozy Space",77077626,"Markus","North-East Region","Serangoon",1.36491,103.86186,"Private room",118,2,8,"26.08.2019",0.34,3,365
"4887","20865016","Lush Green Neighborhood Private Room",141856494,"Kevin","Central Region","Bishan",1.35902,103.82973,"Private room",50,90,41,"26.01.2019",1.76,1,363
"4888","20865905","Clean Cosy Convenient A private room in Tampines",74681666,"Vincy","East Region","Tampines",1.35213,103.96068,"Private room",50,1,68,"29.07.2019",2.88,1,30
"4889","20877332","Downtown: loftbed roomA @ chinatown/cbd",97878860,"Chelsey","Central Region","Outram",1.28477,103.84167,"Private room",39,90,1,"30.12.2017",0.05,59,354
"4891","20888336","Cozy Room with a View",144358326,"Mini","Central Region","Bukit Timah",1.33433,103.80948,"Private room",44,4,75,"10.08.2019",3.23,1,30
"4894","20918452","Lovely Bright Room In Holland Village",9340524,"Leah","Central Region","Bukit Timah",1.31086,103.79846,"Private room",60,1,1,"18.09.2017",0.04,1,0
"4895","20920927","Room rental",79581069,"Irene","West Region","Bukit Panjang",1.38874,103.7723,"Private room",56,1,1,"16.09.2017",0.04,1,179
"4896","20935053","Private room at Somerset-convenient+luxurious apt!",29791609,"Goh","Central Region","River Valley",1.29568,103.83985,"Private room",108,1,6,"22.04.2019",0.28,2,355
"4897","20936240","Cheap apartment room near Boonlay (Jurong point)",136856425,"Ke","West Region","Jurong West",1.33975,103.70385,"Private room",40,1,2,"01.10.2017",0.09,1,0
"4898","20950835","Fianl discount 温馨家庭双人间(master room)",138729141,"Margaret","North-East Region","Hougang",1.35562,103.8848,"Private room",181,2,1,"15.10.2017",0.04,2,0
"4899","20951243","Final discount温馨家庭双人间(common room)",138729141,"Margaret","North-East Region","Hougang",1.35748,103.88352,"Private room",49,2,3,"31.07.2018",0.13,2,0
"4900","20982852","Two Condo rooms at Same unit just opposite of Mrt",9293170,"Lee","West Region","Jurong East",1.34351,103.7343,"Private room",140,5,1,"04.06.2018",0.07,14,365
"4901","20984770","Ensuite Master3A bedroom @ heritage apmt (3mth+)",97878860,"Chelsey","Central Region","Kallang",1.31272,103.85581,"Private room",51,18,1,"26.07.2018",0.08,59,322
"4903","20998924","Spacious apartment @ Teck Whye Lane. Bedroom 1.",151174817,"Nurlinahwati","West Region","Choa Chu Kang",1.37857,103.75367,"Private room",69,2,50,"04.08.2019",2.16,2,131
"4904","20999219","3 Bed Rooms at Same Condo close to Mrt & Garden",9293170,"Lee","West Region","Jurong East",1.34469,103.73397,"Private room",181,7,1,"28.07.2018",0.08,14,365
"4905","21014924","Modern and comfortable private room @ Orchard :)",13566624,"Flora","Central Region","Orchard",1.30232,103.83672,"Private room",110,1,29,"31.07.2019",1.43,1,153
"4906","21015410","partial *Ensuite with own washer/dryer",8948251,"Joey","Central Region","Kallang",1.30845,103.8627,"Private room",56,28,1,"14.06.2019",0.39,83,355
"4908","21037382","F2 Condo Room Near City 600m to Aljunied MRT",96467516,"Linda","Central Region","Geylang",1.31227,103.87961,"Private room",58,2,91,"20.08.2019",3.96,26,222
"4909","21037446","F3 Condo Room Near City 600m to Aljunied MRT",96467516,"Linda","Central Region","Geylang",1.31402,103.87954,"Private room",58,2,104,"24.08.2019",4.51,26,198
"4913","21055977","f3 Condo Room Near City 600m to Aljunied MRT",96467516,"Linda","Central Region","Geylang",1.31332,103.88028,"Private room",58,2,30,"14.08.2019",1.7,26,198
"4915","21061528","Family Room in West near Lakeside MRT/NTU/NUS",151749186,"Alan","West Region","Jurong West",1.3385,103.71956,"Private room",50,2,26,"29.07.2019",1.19,1,86
"4918","21069176","BLK 861 JURONG WEST STREET 81 (LADIES ONLY).",38738999,"Zaidah","West Region","Jurong West",1.34884,103.69737,"Private room",47,1,3,"20.07.2019",0.7,1,362
"4919","21069270","4pax family dormitory",125105902,"Heritage","Central Region","Outram",1.28117,103.84525,"Private room",140,1,19,"26.07.2019",0.9,7,64
"4920","21084415","High floor near the city",141470884,"Rajendra","Central Region","Marine Parade",1.2995,103.88845,"Private room",97,1,1,"08.11.2017",0.05,2,0
"4921","21087639","D'Leedon nice place to stay",112462719,"Julian","Central Region","Bukit Timah",1.31634,103.80424,"Private room",90,14,2,"16.10.2017",0.09,2,0
"4922","21106419","Jurong Lakeside @ Executive Maisonette Room 1",58662914,"IEraaniyan","West Region","Jurong West",1.33714,103.72384,"Private room",28,7,12,"14.04.2019",0.74,2,274
"4924","21114021","2 guest private room+ 2guest in openliv@SG Central",6379045,"Eddy","Central Region","Toa Payoh",1.33383,103.86713,"Private room",58,3,2,"16.07.2019",0.09,2,65
"4925","21128303","Spacious Room near Paya Lebar MRT",148175032,"Fefe","Central Region","Geylang",1.31534,103.89431,"Private room",40,3,61,"12.08.2019",2.67,4,148
"4929","21156476","Cozy traditional style apartment",59524693,"Garima","Central Region","Bukit Merah",1.28247,103.82756,"Private room",56,15,1,"09.10.2017",0.04,1,0
"4930","21172515","NEW Room Suite/Private Bath/Wifi @Somerset/Orchard",109333133,"Pat","Central Region","River Valley",1.29704,103.83766,"Private room",94,2,34,"16.07.2019",1.53,18,307
"4931","21182751","6 Bed family room",87731750,"Gap Year","Central Region","Kallang",1.31651,103.85901,"Private room",144,1,3,"26.03.2018",0.14,8,190
"4932","21191824","NEW Condo Private Room - Shared Bathroom",21027142,"Zen","East Region","Pasir Ris",1.35519,103.96701,"Private room",50,4,20,"20.08.2019",0.93,2,148
"4936","21227203","1 min MRT/city area cozy room&pool@Botanic gardens",142727817,"Stella","Central Region","Bukit Timah",1.32378,103.80808,"Private room",119,2,36,"25.08.2019",1.67,1,349
"4937","21238118","Condominium with great Amenities",56152713,"Ali","East Region","Bedok",1.32856,103.94565,"Private room",47,1,2,"30.11.2017",0.09,1,0
"4939","21248798","a2 Big Condo Room Near City 600m to Aljunied MRT",96467516,"Linda","Central Region","Geylang",1.31602,103.88783,"Private room",72,2,10,"08.07.2019",0.6,26,187
"4940","21257843","NEW En-Suite Bedroom @ CITY /Orchard/Somerset Area",109333133,"Pat","Central Region","River Valley",1.29755,103.838,"Private room",94,2,50,"10.08.2019",2.44,18,327
"4941","21258007","Comfy Room Suite & close to Orchard/Somerset Area",109333133,"Pat","Central Region","River Valley",1.29898,103.84068,"Private room",90,2,41,"03.08.2019",1.95,18,311
"4943","21290771","(2 bedder room) Students' hostel 3 mins from NUS",153080781,"WeiIn","Central Region","Queenstown",1.2927,103.76963,"Private room",31,2,36,"05.08.2019",1.71,8,120
"4945","21376468","Master room with city view and private bathroom",91391093,"Sam","Central Region","Kallang",1.30828,103.86453,"Private room",79,3,40,"06.03.2019",1.81,1,17
"4948","21405170","Kovan Condo",70456673,"Alexander","North-East Region","Hougang",1.36124,103.8841,"Private room",81,1,15,"09.07.2019",0.72,1,30
"4949","21415030","Hougang Common Room for Rent",39492771,"Eric","North-East Region","Hougang",1.37373,103.88552,"Private room",35,7,1,"24.10.2017",0.04,1,0
"4950","21419965","Condo Master Room  (Comfy & Quiet)",155235048,"Michael","West Region","Choa Chu Kang",1.39406,103.75225,"Private room",50,90,3,"26.05.2018",0.16,1,179
"4951","21420790","Standard Single Room in City Center",155244964,"The Quay","Central Region","Singapore River",1.2879,103.84736,"Private room",90,1,3,"16.02.2019",0.15,8,215
"4952","21428446","Superior Double Room in City Center",155244964,"The Quay","Central Region","Singapore River",1.28819,103.84896,"Private room",119,1,29,"16.03.2019",1.49,8,350
"4953","21457284","New& Cozy Bedroom Suite/WIFI near Somerset/Orchard",10248444,"Rc","Central Region","River Valley",1.29728,103.83942,"Private room",94,2,78,"26.07.2019",3.54,48,318
"4954","21462118","Private Room [Kampong Glam] - FEMALE ONLY",151316863,"Cheryl","Central Region","Rochor",1.30092,103.86016,"Private room",100,1,5,"22.07.2019",0.27,7,303
"4955","21462227","Private Room [Kampong Glam] - for 8 pax",151316863,"Cheryl","Central Region","Rochor",1.30228,103.85883,"Private room",419,1,1,"13.12.2017",0.05,7,346
"4956","21467590","f2 Condo Room Near City 600m to Aljunied MRT",96467516,"Linda","Central Region","Geylang",1.31193,103.87863,"Private room",58,2,10,"09.06.2019",0.52,26,222
"4957","21477315","Peaceful & Quiet Modern Private Room",38859224,"Clara","North-East Region","Ang Mo Kio",1.38826,103.83836,"Private room",56,1,13,"12.08.2019",0.65,1,256
"4958","21480910","Common room with queen bed",155757922,"Katherine","North-East Region","Sengkang",1.39128,103.90312,"Private room",75,3,2,"01.11.2018",0.11,1,0
"4959","21493991","富人区联排别墅 Romantic@HollandV!10minutes to Orchard!",104362490,"Egem","Central Region","Bukit Timah",1.31936,103.78824,"Private room",60,2,54,"02.08.2019",2.5,2,327
"4961","21509015","Close to Changi Airport/Biz Park/Expo(S)",156290352,"Su","East Region","Pasir Ris",1.36287,103.97342,"Private room",85,1,276,"13.08.2019",12.6,2,287
"4962","21552874","Place near to CBD",141470884,"Rajendra","Central Region","Marine Parade",1.29785,103.8884,"Private room",387,1,1,"17.12.2017",0.05,2,178
"4963","21553387","Giffard Mansion @ Balestier",134338083,"Willie","Central Region","Novena",1.32502,103.85001,"Private room",99,90,1,"01.01.2018",0.05,2,358
"4966","21596804","Lovely private room in large apartment in HV",332972,"Rebecca","Central Region","Bukit Timah",1.31347,103.80033,"Private room",175,1,2,"13.02.2018",0.09,1,0
"4967","21605333","Deluxe Double Room in City Center",155244964,"The Quay","Central Region","Downtown Core",1.28611,103.84791,"Private room",131,1,33,"15.04.2019",1.6,8,321
"4968","21641329","COZY PRIVATE ROOM IN CENTRAL SINGAPORE (CHINATOWN)",138220557,"Rati","Central Region","Outram",1.28579,103.84235,"Private room",50,1,63,"24.08.2019",2.93,1,41
"4969","21649410","TOP views in a quiet neighbourhood in St. Michaels",12945350,"Nicholas","Central Region","Kallang",1.32557,103.86148,"Private room",99,3,16,"22.06.2019",0.81,1,0
"4973","21675447","Spacious & ensuite room close to airport & expo",33925188,"Pratyush","East Region","Tampines",1.34201,103.95231,"Private room",40,2,10,"31.12.2017",0.47,1,0
"4975","21703476","1960s Queenbed RmA1 @ lavender bugis",8948251,"Joey","Central Region","Kallang",1.3082,103.86151,"Private room",40,18,1,"03.03.2018",0.06,83,359
"4978","21747530","❤️Mins to Somerset MRT/Orchard big room in a Condo❤️",147731699,"Eva","Central Region","River Valley",1.29838,103.83584,"Private room",69,1,11,"09.02.2018",0.51,1,0
"4979","21755679","Master room at Orchard",11390076,"Tryston","Central Region","Orchard",1.30173,103.84024,"Private room",85,4,3,"12.07.2019",0.3,18,334
"4980","21756287","SG's tallest residential tower. Private bedroom",82436525,"Velladrome","Central Region","Downtown Core",1.27546,103.8444,"Private room",110,5,1,"15.12.2017",0.05,1,0
"4981","21758205","Near CBD",158520306,"Abhishek","Central Region","Marine Parade",1.29893,103.88729,"Private room",81,1,6,"20.03.2019",0.3,1,0
"4982","21803237","Aljunied Room*A > MRT 3min > CBD 15 mins",2413412,"Kaurus","Central Region","Geylang",1.31604,103.88099,"Private room",33,18,1,"24.05.2018",0.06,112,359
"4983","21820005","Standard Single  - 2mins away from Chinatown MRT",75539321,"Kelvin","Central Region","Outram",1.28329,103.84357,"Private room",94,1,50,"25.08.2019",2.44,5,306
"4985","21822655","Near NTU spacious room with air con",159079845,"Qingyan","West Region","Jurong West",1.35151,103.70257,"Private room",40,3,1,"19.11.2017",0.05,2,0
"4987","21831599","Your stop over in Singapore",51291202,"Leon","East Region","Tampines",1.33894,103.95879,"Private room",40,1,3,"09.12.2017",0.14,1,0
"4988","21855459","Private room with free wifi",14613568,"Shuhui","North-East Region","Sengkang",1.39584,103.90079,"Private room",44,3,63,"26.08.2019",3,3,292
"4992","21887155","Twin room attached balcony",40912923,"Erin","Central Region","Geylang",1.3119,103.90407,"Private room",56,1,90,"20.06.2019",4.22,4,14
"4993","21888054","Luxury apartment few mins walk to Orchard Rd!",131052744,"George","Central Region","River Valley",1.29615,103.8366,"Private room",186,2,24,"02.08.2019",1.63,1,269
"4994","21906973","✪✪2BR study bed room unit @ Novena (btk)",8492007,"Alvin","Central Region","Novena",1.32633,103.84955,"Private room",137,4,6,"21.02.2019",0.3,203,365
"4996","21913744","kEnsuiteM1* Brickwall2 @ Chinatown/CBD",2413412,"Kaurus","Central Region","Outram",1.28351,103.84402,"Private room",57,28,1,"14.01.2018",0.05,112,356
"4998","21915252","The Obi Room",30080617,"Eddie","East Region","Tampines",1.34632,103.96221,"Private room",44,2,64,"12.07.2019",3.03,7,0
"4999","21916263","Lavender SingleBed *Rm: 5m walk MRT",2413412,"Kaurus","Central Region","Kallang",1.30913,103.86292,"Private room",40,18,1,"22.06.2018",0.07,112,359
"5002","21928089","Experience living in the West in a Private bedroom",130704287,"Victor","West Region","Choa Chu Kang",1.39238,103.75079,"Private room",35,30,8,"18.08.2018",0.38,1,0
"5003","21928496","Spacious Master Bed room Near Chinatown MRT",160016661,"Vinay","Central Region","Outram",1.284,103.84201,"Private room",44,1,14,"11.04.2018",0.68,1,7
"5004","21937326","Master bed room - 5 mins ride to CBD",93394861,"Co","Central Region","Geylang",1.31884,103.88209,"Private room",100,2,17,"27.08.2019",0.81,1,162
"5005","21939528","Cosy Studio located in the Heart of Singapore",5629144,"Jun Ying","Central Region","Bukit Timah",1.31818,103.7867,"Private room",99,90,1,"20.12.2017",0.05,1,364
"5006","21941085","Warm Home",104300605,"Beibei","Central Region","Bukit Merah",1.27616,103.83657,"Private room",50,1,110,"12.08.2019",5.19,2,65
"5007","21942515","1 Bedroom - Room 2",160155254,"Daniel","Central Region","Geylang",1.31005,103.87707,"Private room",51,2,88,"10.08.2019",4.36,2,29
"5008","21952871","Luxury services apartment : private studio room",68059127,"Wei","East Region","Bedok",1.32142,103.91484,"Private room",131,3,2,"01.05.2018",0.1,21,71
"5011","21970302","Fireworks *view2! highrise Ensuite",8948251,"Joey","Central Region","Outram",1.28333,103.84237,"Private room",60,90,1,"20.09.2018",0.09,83,355
"5012","21974182","Comfy Private Bedroom Suite @Orchard/Somerset Area",109333133,"Pat","Central Region","River Valley",1.29734,103.83994,"Private room",85,2,52,"10.08.2019",2.47,18,318
"5014","21984842","Affordable Condo Common Room near MRT",50768683,"Lyka","West Region","Jurong West",1.34597,103.7225,"Private room",56,2,2,"20.01.2018",0.1,1,0
"5016","22019165","Chinatown doorstep View! from your Semi-Ensuite*A",2413412,"Kaurus","Central Region","Outram",1.28559,103.8419,"Private room",57,90,1,"01.02.2018",0.05,112,355
"5017","22021287","Near Jurong east MRT new condo  room",124827904,"Lucy","West Region","Jurong East",1.33498,103.74293,"Private room",60,5,5,"21.08.2019",0.83,6,70
"5018","22021293","Deluxe Queen Room - 2mins away from Chinatown MRT",75539321,"Kelvin","Central Region","Outram",1.28331,103.84478,"Private room",110,1,69,"23.08.2019",3.32,5,308
"5019","22027275","Ensuite Bedroom near last hot spring",35666883,"Ethan","North Region","Sembawang",1.43725,103.82731,"Private room",87,1,17,"12.08.2019",1.12,7,364
"5020","22051870","Small Utility Cosy Room",108417270,"Nargis","East Region","Bedok",1.31666,103.91008,"Private room",37,1,127,"17.08.2019",6.35,3,145
"5021","22051992","Downtown Ensuite89M1",97878860,"Chelsey","Central Region","Outram",1.28372,103.84246,"Private room",56,90,1,"03.01.2018",0.05,59,343
"5022","22053594","A cosy & convenient place at Paya Lebar!",48321930,"Feebo","East Region","Bedok",1.31432,103.90896,"Private room",94,1,5,"25.03.2018",0.26,1,0
"5023","22054285","Furnished and cozy room SUPER near to MRT station",22944500,"Lu","North Region","Sembawang",1.4483,103.81893,"Private room",40,2,27,"07.07.2018",1.28,1,0
"5024","22068486","Orchard/River Valley/Clarke Quay ★★★★★ PrivateRoom",156753890,"Kenny","Central Region","River Valley",1.29489,103.84009,"Private room",44,180,8,"22.08.2019",0.62,1,214
"5027","22098450","Private bedroom (7) in CBD/Rochor/ No host stay",161433922,"D","Central Region","Rochor",1.30319,103.84866,"Private room",60,2,98,"30.07.2019",4.69,1,282
"5028","22110157","Perfect Singe Room@city centre",149387152,"Apple","Central Region","Downtown Core",1.29602,103.85523,"Private room",62,2,67,"08.08.2019",3.21,3,224
"5029","22113993","Sweet Home The Bayshore",161554342,"SangWon","East Region","Bedok",1.31248,103.93877,"Private room",100,1,1,"06.01.2018",0.05,1,0
"5032","22177543","Double Ensuite at Buona Vista( (Phone number hidden by Airbnb) )",18618387,"Joyce","Central Region","Queenstown",1.28086,103.78741,"Private room",87,10,1,"26.08.2018",0.08,18,364
"5033","22185082","1 Bedroom - Room 1",160155254,"Daniel","Central Region","Geylang",1.30885,103.87757,"Private room",50,2,94,"30.07.2019",4.56,2,31
"5034","22193170","Nice spacious room near Lakeside MRT (female only)",24778864,"Yajing","West Region","Jurong West",1.34418,103.71655,"Private room",50,4,14,"31.07.2019",0.73,1,163
"5035","22193279","Private room B for 4 to 6 adults in City suburb.",56276774,"Seng","Central Region","Kallang",1.32456,103.86489,"Private room",160,2,52,"17.08.2019",2.7,2,305
"5036","22196788","EnsuiteM3A +Bathroom @ heritage apartment (3mth+)",8948251,"Joey","Central Region","Kallang",1.31145,103.85834,"Private room",53,18,1,"30.06.2018",0.07,83,332
"5037","22214451","1960s Queenbed *RmDa @ lavender bugis",8948251,"Joey","Central Region","Kallang",1.30996,103.86254,"Private room",39,18,1,"03.12.2018",0.11,83,359
"5040","22230934","Downtown Ensuite02M1*",97878860,"Chelsey","Central Region","Outram",1.2855,103.84181,"Private room",60,18,1,"22.08.2018",0.08,59,356
"5041","22232367","Beautiful Master Room + En Suite - Orchard Road",162089456,"Marion","Central Region","Newton",1.30453,103.83638,"Private room",99,90,7,"31.01.2019",0.41,2,365
"5042","22233862","Resort Style Stay in Beautiful Green Terrace House",9899270,"Peir","Central Region","Bukit Timah",1.34251,103.77415,"Private room",94,2,37,"23.07.2019",1.84,2,240
"5043","22251148","Private Bedroom in an Amazing Shophouse",20432550,"Lou","Central Region","Bukit Merah",1.27502,103.83649,"Private room",85,1,5,"07.04.2019",0.26,1,0
"5044","22286141","Best price with best quality(New condo)",160732208,"Annie","Central Region","Kallang",1.32222,103.86572,"Private room",58,7,10,"31.07.2019",0.53,1,273
"5045","22291248","Cheerful Sun Studio at Conservation Shophouse",162546186,"Brian","Central Region","Kallang",1.31191,103.8604,"Private room",89,5,6,"23.01.2019",0.31,4,0
"5046","22291547","Lovely Cloud Studio at Jalan Besar with WiFi",162546186,"Brian","Central Region","Kallang",1.3101,103.86022,"Private room",69,5,5,"06.05.2019",0.53,4,0
"5047","22300651","New& Comfy Room Suite/Wifi - Orchard/Somerset Area",10248444,"Rc","Central Region","River Valley",1.29589,103.83804,"Private room",93,2,23,"25.07.2019",1.26,48,335
"5049","22316106","Chuan Park Easy Room",162094352,"Zhang","North-East Region","Serangoon",1.35302,103.86464,"Private room",40,1,1,"27.12.2017",0.05,1,0
"5051","22319714","Private bedroom w 2 single beds near MBS/Suntec",3234859,"Sk","Central Region","Kallang",1.30439,103.86106,"Private room",94,1,108,"12.08.2019",5.32,9,119
"5057","22330464","Brand new furnished condo room with private bath.",71878081,"Kanika","East Region","Pasir Ris",1.35471,103.96471,"Private room",42,90,1,"03.01.2018",0.05,1,0
"5058","22345943","prewar doublebed RmA* > Lavender MRT",97878860,"Chelsey","Central Region","Kallang",1.30864,103.86084,"Private room",39,18,1,"21.04.2018",0.06,59,359
"5060","22373991","Hidden Gem in historic shophouse | City Centre",163600102,"Jihane","Central Region","Bukit Merah",1.2761,103.83613,"Private room",125,3,2,"27.04.2018",0.1,1,0
"5062","22389665","SINGLE RM 6@Holland Village/MRT/NUH/INSEAD",4412979,"Sue","Central Region","Bukit Timah",1.3128,103.7914,"Private room",47,90,13,"20.08.2019",0.67,8,365
"5063","22395492","1960s Queenbed Rm*Da @ lavender bugis",8948251,"Joey","Central Region","Kallang",1.30956,103.8618,"Private room",39,18,1,"02.05.2019",0.25,83,359
"5065","22438455","Private Room in NEW condo!  AWESOME swimming pool",5543946,"Mark","North-East Region","Serangoon",1.34405,103.88096,"Private room",75,30,4,"27.07.2018",0.2,1,0
"5066","22441995","Ben’s Breakfast & Bed !",32961098,"Ben","Central Region","Museum",1.29507,103.84238,"Private room",50,60,31,"25.12.2018",1.65,1,179
"5067","22459458","A Private Room at Jurong West near NTU",3990809,"Smart","West Region","Jurong West",1.33732,103.70075,"Private room",44,1,3,"24.01.2018",0.15,1,0
"5068","22462927","Cozy East",159374933,"Ellina","East Region","Bedok",1.3146,103.94034,"Private room",49,1,43,"04.08.2019",2.18,1,343
"5069","22488997","Corner Room near Paya Lebar MRT",148175032,"Fefe","Central Region","Geylang",1.31396,103.89448,"Private room",37,3,43,"09.08.2019",2.18,4,157
"5070","22534903","Bugis/Dhoby/Orchard: Spacious Rm L1",55844797,"That Green Corner","Central Region","Rochor",1.30057,103.85183,"Private room",99,1,37,"18.08.2019",2.16,8,238
"5071","22557532","Bugis/Dhoby/Orchard: Spacious Rm L2",55844797,"That Green Corner","Central Region","Rochor",1.30104,103.85238,"Private room",99,1,31,"03.08.2019",1.88,8,227
"5072","22560212","Bugis/Dhoby/Orchard: Spacious Rm R2",55844797,"That Green Corner","Central Region","Rochor",1.30187,103.85224,"Private room",104,1,33,"18.08.2019",1.74,8,222
"5073","22561162","Bugis/Dhoby/Orchard: Spacious Rm R1",55844797,"That Green Corner","Central Region","Rochor",1.3024,103.85073,"Private room",104,1,18,"29.07.2019",0.95,8,232
"5074","22561920","Awesome view! from your Semi-Ensuite*1 Chinatown",2413412,"Kaurus","Central Region","Outram",1.2839,103.84182,"Private room",57,90,1,"19.07.2018",0.07,112,332
"5075","22574367","6pax family dormitory -Shared Bathroom",125105902,"Heritage","Central Region","Outram",1.28104,103.8458,"Private room",178,1,21,"07.07.2019",1.33,7,74
"5076","22574377","咖啡豆的温馨小窝",105770238,"昂斯","North Region","Woodlands",1.42814,103.78087,"Private room",56,1,2,"31.03.2019",0.1,2,363
"5077","22575924","JTK Apartment #1",163555459,"Frerriel","East Region","Bedok",1.31314,103.92642,"Private room",196,1,65,"26.08.2019",3.46,3,278
"5078","22576423","JTK Apartment #2",163555459,"Frerriel","East Region","Bedok",1.31348,103.92636,"Private room",153,2,58,"13.08.2019",2.93,3,288
"5079","22577896","Oriental Tropics Neoclassical Apartment",15040015,"Kermit","West Region","Bukit Batok",1.3421,103.75972,"Private room",87,2,9,"12.08.2019",0.51,1,364
"5081","22588306","K2 Guesthouse @ Mapletree Balcony Rm( (Phone number hidden by Airbnb) )",1439258,"K2 Guesthouse","Central Region","Queenstown",1.27917,103.78691,"Private room",99,1,1,"16.02.2018",0.05,32,340
"5082","22590845","Downtown FireworksView Queenbed Room.",97878860,"Chelsey","Central Region","Outram",1.2848,103.84349,"Private room",49,90,1,"04.03.2018",0.06,59,289
"5083","22590867","Cozy and newly renovated flat",166129186,"Kai","West Region","Bukit Batok",1.34222,103.76014,"Private room",60,2,1,"11.02.2018",0.05,1,0
"5084","22601385","6min to mrt 15 min to city cosy condo utility room",47928660,"Anna / Chee Kiang","Central Region","Geylang",1.31147,103.88989,"Private room",35,10,21,"02.07.2019",1.33,4,65
"5086","22634589","Pool side condo room- near airport and Expo Hall",26560232,"Hazel","East Region","Pasir Ris",1.35715,103.96441,"Private room",100,2,8,"05.03.2019",0.42,2,55
"5087","22636241","Master Rm 70M1 nr Expo/CBP/Airport/Boeing/CGH",4705949,"Kit","East Region","Tampines",1.34316,103.95844,"Private room",69,4,27,"17.08.2019",1.52,13,79
"5088","22643930","Private condo room near airport and Expo",26560232,"Hazel","East Region","Pasir Ris",1.36987,103.96815,"Private room",81,2,2,"17.11.2018",0.12,2,57
"5090","22679150","Special promo: Spacious room on Orchard Road",2905202,"Gretchen","Central Region","River Valley",1.30303,103.82661,"Private room",79,3,11,"21.12.2018",0.63,1,14
"5091","22683205","Newly Re-furbished Couple Room (Yew Tee MRT)",10463855,"Siti Noordin","West Region","Choa Chu Kang",1.40158,103.74491,"Private room",72,2,12,"12.08.2019",0.64,3,180
"5092","22713326","# 超大主人房",160832687,"Ming Yang","North-East Region","Hougang",1.35492,103.88209,"Private room",99,1,1,"24.03.2018",0.06,2,0
"5093","22719122","City Room w/ Queen Bed @ Town_6",109391687,"Trisno","Central Region","Orchard",1.30538,103.83288,"Private room",90,1,3,"11.09.2018",0.23,10,322
"5095","22721316","Whitehaven single room 2",33345191,"Zari","Central Region","Queenstown",1.29018,103.77828,"Private room",25,90,3,"17.08.2019",0.24,3,101
"5096","22726244","New condo and best price in Singapore",161976939,"JingYu","Central Region","Novena",1.32338,103.85343,"Private room",89,5,1,"10.06.2018",0.07,1,358
"5097","22743385","Quiet room with private bathroom in central SG",5821854,"Sophie","Central Region","Novena",1.31559,103.84279,"Private room",110,2,3,"13.08.2019",0.16,1,0
"5098","22763952","Private room with own bathroom | Near Nature park",22324534,"Jimmy","West Region","Bukit Batok",1.34817,103.75978,"Private room",33,3,2,"12.03.2018",0.11,1,0
"5099","22778183","Perfect double room@city hall",149387152,"Apple","Central Region","Downtown Core",1.29779,103.85672,"Private room",62,2,43,"21.07.2019",2.24,3,201
"5101","22797111","Smeller room with own bathroom at Tanah Merah MRT",91165081,"Chong","East Region","Bedok",1.33006,103.94504,"Private room",28,15,4,"01.04.2019",0.21,10,93
"5102","22801581","Nice Home",104300605,"Beibei","Central Region","Bukit Merah",1.27479,103.83694,"Private room",44,1,26,"11.08.2019",1.36,2,104
"5104","22818979","Boonlay cozy room for short or long stay 文理地铁公寓普通房",109142490,"Sandy","West Region","Jurong West",1.34255,103.70873,"Private room",81,3,3,"10.04.2019",0.29,3,364
"5105","22819808","Mu",168666642,"Moe","North Region","Woodlands",1.44381,103.79268,"Private room",22,1,1,"29.07.2018",0.08,2,365
"5111","22890318","Private budget student rm @ Buona Vista/NUS/NTU-8",1439258,"K2 Guesthouse","Central Region","Queenstown",1.27981,103.78604,"Private room",65,15,2,"31.03.2019",0.2,32,280
"5113","22917107","*****1 mins to mrt train station with full facilit",47894524,"Alex","West Region","Jurong West",1.34027,103.70559,"Private room",72,2,3,"30.05.2018",0.19,2,0
"5114","22934534","(Phone number hidden by Airbnb) bedroom with Private toilet",33096269,"E C","Central Region","Geylang",1.31124,103.88693,"Private room",181,3,34,"26.08.2019",1.84,14,52
"5115","22971370","Family Rm @ SBV Buona Vista & MRT( (Phone number hidden by Airbnb) )",1439258,"K2 Guesthouse","Central Region","Queenstown",1.28097,103.78728,"Private room",150,5,2,"10.07.2018",0.13,32,361
"5116","22979219","Cosy room with private entrance close to town",165209,"Lesley","Central Region","Novena",1.31972,103.84568,"Private room",81,30,26,"16.08.2019",1.51,2,313
"5117","22979766","Jimmy’s place",100474068,"Jimmy","West Region","Choa Chu Kang",1.38408,103.74598,"Private room",50,8,20,"22.05.2019",1.08,2,301
"5118","22987507","Amazing view from 1 bedroom",47987680,"Jeraldine","Central Region","Bukit Merah",1.29052,103.82,"Private room",64,2,36,"18.08.2019",2.54,1,316
"5119","22987750","City Room 2 Beds @ Town_1",109391687,"Trisno","Central Region","Newton",1.30561,103.8347,"Private room",108,1,2,"16.10.2018",0.19,10,326
"5120","22987797","City Room w/ 2 Beds + BathRoom @ Town_3",109391687,"Trisno","Central Region","Orchard",1.30529,103.8328,"Private room",160,1,1,"22.07.2019",0.79,10,328
"5121","22995267","Gorgeous apartment in the heart of Tanjong Pagar",6514798,"Sabrina","Central Region","Outram",1.27609,103.84127,"Private room",85,2,9,"02.08.2019",0.53,1,89
"5122","23010909","SUPERB location and room @buona vista near NUS",52310102,"W3","Central Region","Queenstown",1.28088,103.7874,"Private room",56,5,3,"08.08.2019",0.19,14,355
"5123","23014721","Master Bedroom at the heart of Singapore",99439643,"Eugene","Central Region","Geylang",1.31546,103.89428,"Private room",42,1,6,"06.02.2019",0.32,1,0
"5124","23027554","欢迎旅客长短期出租",136819478,"Xx","West Region","Jurong West",1.35118,103.70194,"Private room",87,3,3,"20.07.2018",0.16,3,0
"5125","23048720","highrise EnsuiteM1B + attached bathroom (3mths+)",8948251,"Joey","Central Region","Outram",1.28405,103.84401,"Private room",57,90,1,"30.04.2018",0.06,83,343
"5126","23052272","#1 Huge Loft like apt w/DJ studio & amazing views",89666016,"Darren","Central Region","Rochor",1.30236,103.8501,"Private room",89,1,88,"14.08.2019",4.62,2,74
"5128","23079555","XY Hotel Bugis - 101 Movie Suite (No Window)",168257708,"XY Hotel Bugis","Central Region","Rochor",1.30392,103.86044,"Private room",200,1,1,"18.03.2018",0.06,15,266
"5132","23079760","XY Hotel Bugis - 208 Deluxe SPARROW",168257708,"XY Hotel Bugis","Central Region","Rochor",1.3051,103.85855,"Private room",200,1,1,"03.02.2019",0.14,15,347
"5133","23079814","XY Hotel Bugis - 106 Junior Suite SINGAPURA CAT",168257708,"XY Hotel Bugis","Central Region","Rochor",1.30407,103.86055,"Private room",190,1,1,"20.10.2018",0.1,15,353
"5137","23079907","XY Hotel Bugis - 203 Superior Double CRESCENT MOON",168257708,"XY Hotel Bugis","Central Region","Rochor",1.30375,103.85861,"Private room",181,1,1,"12.08.2018",0.08,15,359
"5139","23079943","XY Hotel Bugis - 205 Honeymoon Suite",168257708,"XY Hotel Bugis","Central Region","Rochor",1.3041,103.85934,"Private room",260,1,1,"18.02.2019",0.16,15,342
"5140","23079980","XY Hotel Bugis - 301 Suite COLOR CLOUDS",168257708,"XY Hotel Bugis","Central Region","Rochor",1.30408,103.85934,"Private room",250,1,2,"03.03.2019",0.19,15,344
"5142","23080043","XY Hotel Bugis - 302 Family Suite SWAN",168257708,"XY Hotel Bugis","Central Region","Rochor",1.30367,103.86009,"Private room",281,1,1,"01.12.2018",0.11,15,357
"5144","23097015","Aljunied *Room > MRT 3min > CBD 15 mins",2413412,"Kaurus","Central Region","Geylang",1.31514,103.88258,"Private room",33,18,4,"21.05.2019",0.25,112,359
"5146","23133424","Lor17 L2R2 Small Budget room with AC for 2",33096269,"E C","Central Region","Geylang",1.31323,103.8795,"Private room",50,3,53,"24.08.2019",3.03,14,68
"5147","23134898","Cheap Cozy and Spacious Home (Common Room) :)",11280282,"Chester","East Region","Pasir Ris",1.37066,103.96204,"Private room",37,1,4,"28.02.2018",0.22,2,0
"5148","23160983","Condo Master Room @ the Heart of Singapore",140265288,"Transient Room","Central Region","River Valley",1.29521,103.83714,"Private room",150,5,1,"06.07.2018",0.07,3,362
"5149","23209834","Common Rm 70C1 nr Expo/SUTD/CBP/Airport/Boeing",4705949,"Kit","East Region","Tampines",1.3418,103.95939,"Private room",58,4,33,"18.08.2019",1.84,13,79
"5153","23256379","NUS+NTU+MAPLETREE+INSEAD  ( (Phone number hidden by Airbnb) )",18618387,"Joyce","Central Region","Queenstown",1.28133,103.78511,"Private room",69,5,1,"07.04.2018",0.06,18,361
"5156","23264498","Big room available in condo in heart of Chinatown",54965290,"Katherine","Central Region","Outram",1.28254,103.84743,"Private room",74,3,5,"13.04.2018",0.27,2,0
"5157","23277237","**Cozy Room @ City Center",47866620,"Nanda","Central Region","Kallang",1.315,103.85483,"Private room",58,2,38,"06.08.2019",2.08,13,147
"5160","23329869","Event Space in Clarke Quay",155244964,"The Quay","Central Region","Singapore River",1.28762,103.84873,"Private room",150,1,1,"25.09.2018",0.09,8,363
"5161","23332729","Room with Toilet near City of Singapore",140265288,"Transient Room","Central Region","River Valley",1.29528,103.83594,"Private room",69,5,1,"08.09.2018",0.08,3,362
"5163","23348921","Downtown *FIREworks8View Ensuite+livingRm",97878860,"Chelsey","Central Region","Outram",1.2837,103.84224,"Private room",65,90,2,"17.06.2018",0.14,59,326
"5168","23438702","Y)Cozy Master room with Private Bathroom/3mins MRT",145442500,"Jini","East Region","Bedok",1.32159,103.91589,"Private room",81,2,10,"12.08.2019",0.59,7,6
"5170","23457264","Little pandan",174844031,"Ann","West Region","Jurong East",1.32145,103.7498,"Private room",26,2,13,"03.05.2019",0.73,2,118
"5171","23476737","near sengkang",78357301,"Jennifer","North-East Region","Sengkang",1.38629,103.89326,"Private room",69,3,5,"25.08.2018",0.27,2,0
"5174","23509344","Tiny Bunk bedroom",54233522,"Pusen","North-East Region","Hougang",1.3621,103.8861,"Private room",26,5,6,"02.09.2018",0.38,1,0
"5176","23548551","Cosy room 20 mins to the city",11390076,"Tryston","Central Region","Toa Payoh",1.34266,103.84084,"Private room",42,7,4,"22.02.2019",0.26,18,155
"5177","23548940","Transient @ Nice Room w/own toilet near airport",37962226,"Mai","East Region","Bedok",1.32032,103.91128,"Private room",57,3,47,"25.08.2019",3.13,1,60
"5178","23567956","# 单独一层的普通房",160832687,"Ming Yang","North-East Region","Hougang",1.35372,103.88139,"Private room",49,1,1,"12.03.2018",0.06,2,0
"5179","23598682","Garden home",160352841,"Ling","East Region","Tampines",1.35625,103.95988,"Private room",500,3,28,"15.11.2018",1.58,1,86
"5180","23600799","Brand new hostel@city centre-Private Queen Suite",175566234,"Quek","Central Region","Downtown Core",1.2989,103.8566,"Private room",99,1,5,"03.10.2018",0.28,9,52
"5181","23603274","*Female only* Relax East Coast stay near the city!",17076425,"Yuki","Central Region","Marine Parade",1.30349,103.90229,"Private room",50,2,37,"11.08.2019",2.06,2,119
"5186","23641675","Birch Room in Award Winning Heritage Shophouse",144936523,"Fang Ren","Central Region","Geylang",1.31389,103.88428,"Private room",131,29,1,"26.05.2018",0.07,12,88
"5189","23653768","*** Cozy Room @ City Center",47866620,"Nanda","Central Region","Kallang",1.31402,103.85361,"Private room",110,1,8,"02.04.2019",0.49,13,350
"5190","23718390","USR Room 2",177765444,"Jones","North-East Region","Hougang",1.35455,103.88038,"Private room",49,5,11,"14.07.2019",0.69,1,296
"5191","23723634","• Spacious  Private Room @ Elite Shopping Paradize",177815609,"Jane","Central Region","Newton",1.30554,103.83647,"Private room",119,1,58,"26.08.2019",3.38,3,35
"5192","23733935","Luxurious Penthouse In City Centre 2",1170341,"Jenny","Central Region","Tanglin",1.29246,103.83061,"Private room",90,30,3,"12.05.2019",0.26,3,293
"5194","23751725","Perfect Location at Elite Shopping Paradize S'pore",177815609,"Jane","Central Region","Newton",1.30636,103.83711,"Private room",150,1,33,"20.08.2019",1.94,3,36
"5195","23752565","• Gorgeous Private Room @ Elite Shopping Paradize",177815609,"Jane","Central Region","Newton",1.30669,103.83564,"Private room",119,1,57,"24.08.2019",3.23,3,39
"5196","23760158","Warm and Cosy room for travellers",178192415,"Daniel","Central Region","Bukit Merah",1.27399,103.83551,"Private room",56,1,47,"27.08.2019",7.23,1,54
"5198","23823104","Master Bedroom w Pte bathroom @ SW Condo near NUS",178807286,"Stella","West Region","Clementi",1.31457,103.75813,"Private room",231,90,1,"26.04.2018",0.06,1,90
"5201","23863811","1 Bedroom Apartment near Orchard (450 sqft)",111065775,"Abegail","Central Region","Orchard",1.29899,103.83837,"Private room",144,6,2,"28.02.2019",0.14,19,54
"5203","23926236","Bright room in hip neighborhood",17179570,"Erika","Central Region","River Valley",1.29398,103.83809,"Private room",69,5,1,"23.03.2018",0.06,1,0
"5205","23950179","Superior Room on East Coast Road",108773366,"RedDoorz","East Region","Bedok",1.30947,103.91101,"Private room",100,1,10,"23.04.2019",0.59,109,358
"5206","23951283","Superior Room near Marine Parade Central",108773366,"RedDoorz","East Region","Bedok",1.30861,103.91147,"Private room",100,1,3,"21.05.2018",0.18,109,358
"5207","23951500","Superior Room near Katong Mall",108773366,"RedDoorz","East Region","Bedok",1.30767,103.91143,"Private room",100,1,3,"29.07.2019",0.19,109,358
"5208","23951548","Superior Room near Katong Shopping Centre",108773366,"RedDoorz","East Region","Bedok",1.30995,103.91299,"Private room",100,1,12,"08.07.2019",0.94,109,357
"5209","23951948","Superior Room near East Coast Park",108773366,"RedDoorz","East Region","Bedok",1.30818,103.9115,"Private room",100,1,3,"20.08.2018",0.18,109,358
"5210","23952242","2 rooms/4 people on East Coast Road",108773366,"RedDoorz","East Region","Bedok",1.30969,103.913,"Private room",169,1,7,"22.06.2019",0.88,109,356
"5211","23952436","2 rooms/4 people near Marine Parade Central",108773366,"RedDoorz","East Region","Bedok",1.30918,103.91287,"Private room",144,1,6,"02.01.2019",0.46,109,364
"5212","23952491","2 rooms/4 people near Katong Mall",108773366,"RedDoorz","East Region","Bedok",1.3091,103.91144,"Private room",169,1,1,"24.06.2018",0.07,109,358
"5213","23952623","2 rooms/4 people near Katong Shopping Centre",108773366,"RedDoorz","East Region","Bedok",1.30838,103.91166,"Private room",169,1,1,"26.12.2018",0.12,109,358
"5215","23952759","Family Room/3 people on East Coast Road",108773366,"RedDoorz","East Region","Bedok",1.30923,103.91237,"Private room",144,1,2,"10.06.2019",0.3,109,356
"5216","23952884","Family Room/3 people near Marine Parade Central",108773366,"RedDoorz","East Region","Bedok",1.30935,103.91164,"Private room",125,1,2,"25.04.2019",0.15,109,364
"5218","23957921","Cosy private room right at mrt station.",114002560,"William","Central Region","Kallang",1.32156,103.86186,"Private room",58,1,15,"22.07.2019",0.87,4,172
"5220","23967500","Delightful private room in Lacasa condominium",1178636,"Shari","North Region","Woodlands",1.43089,103.7943,"Private room",44,30,1,"01.04.2018",0.06,1,363
"5226","23999593","Twin Room near Katong Mall",108773366,"RedDoorz","East Region","Bedok",1.30794,103.91297,"Private room",94,1,8,"07.04.2019",0.55,109,358
"5227","23999596","Twin Room near Marine Parade Central",108773366,"RedDoorz","East Region","Bedok",1.30931,103.91175,"Private room",81,1,2,"30.04.2019",0.3,109,364
"5230","24000355","Room in Boutique hotel on East Coast Road",108773366,"RedDoorz","East Region","Bedok",1.3099,103.91089,"Private room",90,1,4,"14.07.2019",0.24,109,358
"5231","24000763","Room in Boutique hotel near Marine Parade Central",108773366,"RedDoorz","East Region","Bedok",1.30787,103.913,"Private room",90,1,18,"21.05.2019",1.08,109,356
"5232","24000911","Room in Boutique hotel near Katong Shopping Centre",108773366,"RedDoorz","East Region","Bedok",1.30942,103.91233,"Private room",90,1,21,"27.07.2019",1.25,109,357
"5233","24000938","Room in Boutique hotel near East Coast Park",108773366,"RedDoorz","East Region","Bedok",1.30801,103.91084,"Private room",90,1,10,"04.06.2019",0.69,109,358
"5235","24001023","3 rooms/6 people near Marine Parade Central",108773366,"RedDoorz","East Region","Bedok",1.30861,103.91148,"Private room",250,1,4,"11.08.2019",0.32,109,358
"5237","24001526","Cool and convenient condo near Pasir Panjang MRT 2",44761306,"Paul","Central Region","Queenstown",1.27744,103.7886,"Private room",58,10,5,"22.04.2019",0.31,2,0
"5239","24003066","3 rooms/6 people near East Coast Park",108773366,"RedDoorz","East Region","Bedok",1.30845,103.91122,"Private room",250,1,2,"03.06.2019",0.15,109,358
"5240","24022796","Common room with aircon available for 10 days",64281394,"Abhishek","West Region","Jurong West",1.35045,103.71907,"Private room",31,1,1,"21.06.2018",0.07,1,0
"5241","24025735","Affordable room @ haw par villa mrt near NUS",52310102,"W3","Central Region","Queenstown",1.27957,103.78723,"Private room",85,1,2,"10.08.2018",0.15,14,365
"5243","24066417","Bedok flat near Changi",157093067,"Becky","East Region","Bedok",1.32273,103.93284,"Private room",36,3,4,"14.05.2018",0.24,1,239
"5245","24111947","Balmoral Road 61A Master Private Bedroom",69005937,"Keith","Central Region","Newton",1.31394,103.83233,"Private room",50,90,1,"01.04.2018",0.06,11,365
"5247","24161078","Affordable K2 guesthouse  room @ NUS and NUH.",1439258,"K2 Guesthouse","Central Region","Queenstown",1.27942,103.787,"Private room",87,5,3,"26.03.2019",0.28,32,361
"5248","24170288","Loft room off Orchard rd",11390076,"Tryston","Central Region","Newton",1.30573,103.84005,"Private room",75,4,2,"15.05.2019",0.15,18,362
"5249","24171768","布业中心 主人房",170378301,"Mei","Central Region","Rochor",1.30427,103.86059,"Private room",60,7,2,"22.06.2018",0.12,9,0
"5250","24223645","Gusti Bed & Breakfast - 6 Bed Room (Private)",98644049,"Gusti","Central Region","Kallang",1.31018,103.86336,"Private room",169,1,1,"12.07.2019",0.63,5,339
"5251","24223693","Charming residences near NUS NUH INSEAD ROOMS",52310102,"W3","Central Region","Queenstown",1.27986,103.78589,"Private room",85,15,1,"18.05.2018",0.06,14,365
"5253","24238015","Premier King Room - 2mins away from Chinatown MRT",75539321,"Kelvin","Central Region","Outram",1.28364,103.8435,"Private room",150,1,13,"12.08.2019",0.96,5,306
"5254","24261748","M.Room • Bold & Eclectic Apartment 5min train-MBS",3234859,"Sk","Central Region","Kallang",1.30464,103.86217,"Private room",104,1,84,"24.08.2019",4.99,9,149
"5256","24276360","SP Studio - Modern house in the East",31731290,"Wansik","East Region","Bedok",1.32287,103.91336,"Private room",181,3,40,"13.08.2019",2.48,5,16
"5257","24288828","C.Room • Bold & Eclectic Apartment 5min train-MBS",3234859,"Sk","Central Region","Kallang",1.30493,103.86103,"Private room",94,1,109,"16.08.2019",7.6,9,134
"5260","24295678","Superior Room near Mustafa Center",108773366,"RedDoorz","Central Region","Kallang",1.31425,103.85877,"Private room",85,1,8,"13.03.2019",0.5,109,365
"5261","24295732","Superior Room near City Square Mall",108773366,"RedDoorz","Central Region","Kallang",1.31242,103.86055,"Private room",85,1,2,"11.03.2019",0.27,109,365
"5262","24295793","Superior Room near Serangoon Road",108773366,"RedDoorz","Central Region","Kallang",1.31276,103.86034,"Private room",85,1,6,"24.07.2019",0.38,109,361
"5264","24302260","The Room Changi Airport/Biz",156290352,"Su","East Region","Pasir Ris",1.36443,103.97292,"Private room",99,1,93,"07.08.2019",5.61,2,289
"5265","24312988","2 rooms/4 people on Jalan Besar",108773366,"RedDoorz","Central Region","Kallang",1.31327,103.8593,"Private room",169,1,5,"31.07.2019",0.68,109,364
"5266","24313410","2 rooms/4 people near Lavender Street",108773366,"RedDoorz","Central Region","Kallang",1.31323,103.85871,"Private room",169,1,4,"20.01.2019",0.25,109,365
"5267","24313525","2 rooms/4 people near Mustafa Center",108773366,"RedDoorz","Central Region","Kallang",1.31261,103.86072,"Private room",169,1,1,"16.06.2019",0.41,109,365
"5269","24313574","2 rooms/4 people near Serangoon Road",108773366,"RedDoorz","Central Region","Kallang",1.31426,103.86031,"Private room",169,1,1,"07.07.2019",0.57,109,364
"5271","24313679","Room in Boutique hotel near Lavender Street",108773366,"RedDoorz","Central Region","Kallang",1.31278,103.8608,"Private room",85,1,3,"23.12.2018",0.22,109,365
"5275","24323605","有保安的公寓楼下地铁站+巴士站直达南洋理工大学+NUS   ｡   唯一交通全岛方便的公寓｡",183511167,"琳琳","West Region","Jurong West",1.34327,103.70511,"Private room",90,3,8,"05.07.2019",0.55,8,365
"5277","24368282","Big aircon rooms ideal upto 3 people to stay in",98179701,"Minn Thu","Central Region","Novena",1.32386,103.85763,"Private room",49,2,46,"27.08.2019",2.96,1,32
"5278","24370607","Modern Loft Room 1  - 3 Mins to MRT",6632570,"Ethan","North Region","Woodlands",1.44001,103.8009,"Private room",44,6,4,"20.06.2019",0.32,4,353
"5279","24403090","Great room in Bukit Timah",4426065,"Lynn","Central Region","Bukit Timah",1.32559,103.81097,"Private room",40,7,2,"24.07.2018",0.13,2,55
"5280","24420175","Newly Renovated Bedroom beside Somerset MRT",25185912,"Rebekah","Central Region","Newton",1.3056,103.83983,"Private room",87,28,5,"26.07.2019",0.31,14,259
"5281","24453388","温馨大主人房",159798586,"佳佳","Central Region","Kallang",1.32491,103.86406,"Private room",50,5,1,"17.04.2018",0.06,1,0
"5282","24464059","Budget and awesome room. @ hougang. Near kovan mrt",18618387,"Joyce","North-East Region","Hougang",1.36395,103.8904,"Private room",44,60,1,"06.07.2018",0.07,18,243
"5283","24499950","Tanah Marah MRT  > Smaller room with own bathroom",15553995,"Mrs Tan","East Region","Bedok",1.32892,103.94449,"Private room",28,20,2,"18.07.2019",0.34,8,179
"5284","24506647","PRIVATE CAPSULE IN LITTLE INDIA",182727326,"Atlantis","Central Region","Kallang",1.31673,103.85849,"Private room",32,1,64,"31.07.2019",3.92,7,305
"5285","24526943","Trendy New Capsule Hotel",182727326,"Atlantis","Central Region","Kallang",1.31479,103.85934,"Private room",32,1,53,"12.08.2019",3.24,7,308
"5286","24528929","Spacious Room 1 (Ensuite) near MRT in the East",184792657,"Alee","Central Region","Geylang",1.31458,103.89913,"Private room",47,2,57,"11.08.2019",3.52,6,94
"5287","24546514","Spacious Room 4 (1+) near MRT in the East",184792657,"Alee","Central Region","Geylang",1.31591,103.89919,"Private room",49,2,56,"12.08.2019",3.57,6,76
"5288","24552050","天涯海角",16462930,"Xiang","West Region","Choa Chu Kang",1.38824,103.74424,"Private room",50,1,1,"08.06.2018",0.07,1,26
"5290","24571017","Spacious Room 5 (1+) near MRT in the East",184792657,"Alee","Central Region","Geylang",1.31435,103.90033,"Private room",49,2,64,"09.08.2019",3.93,6,86
"5291","24586538","371 L2R2 Big Private Room w Toilet in a walkup apt",33096269,"E C","Central Region","Geylang",1.31266,103.88792,"Private room",64,2,64,"26.08.2019",3.94,14,60
"5292","24587033","Beautiful room in A beautiful condo",9426705,"Suifoon","Central Region","Bukit Timah",1.32535,103.81202,"Private room",49,5,1,"06.08.2018",0.08,1,0
"5293","24592588","Your private enclave in City Centre!",173904781,"James","Central Region","Novena",1.32144,103.85294,"Private room",50,30,2,"15.02.2019",0.17,8,291
"5294","24606096","Guesthouse Apartment Near- NUH & NUS( (Phone number hidden by Airbnb) )",1439258,"K2 Guesthouse","Central Region","Queenstown",1.28087,103.78549,"Private room",87,15,1,"13.07.2019",0.64,32,361
"5295","24609199","Cozy Deluxe Queen Private Room",164189015,"Jasmin","Central Region","Rochor",1.30407,103.85463,"Private room",131,1,2,"16.04.2019",0.23,1,324
"5296","24609883","Limited Pre-Reno Apartment 2019 Offer!",31673090,"Moo","Central Region","Marine Parade",1.30417,103.90081,"Private room",31,1,14,"18.08.2019",1.18,1,77
"5297","24610800","highrise *EnsuiteM1 + attached toilet & shower",8948251,"Joey","Central Region","Outram",1.28398,103.84301,"Private room",57,28,1,"11.03.2019",0.18,83,356
"5298","24612463","Cozy place...stay safe like home",185574685,"Shamima","North-East Region","Punggol",1.40975,103.89916,"Private room",39,1,1,"11.03.2019",0.18,1,0
"5300","24636266","highRise Ensuite3* + PrivateLivingRm",8948251,"Joey","Central Region","Outram",1.28395,103.84277,"Private room",69,90,1,"20.05.2018",0.06,83,356
"5301","24636530","Downtown Ensuite Master* + Personal Living Room",97878860,"Chelsey","Central Region","Outram",1.28319,103.84287,"Private room",69,90,1,"05.06.2018",0.07,59,356
"5304","24644690","Cozy/MRT/ Private Room/20 mins to city",48017751,"May","North-East Region","Punggol",1.40385,103.89949,"Private room",68,1,39,"15.08.2019",2.78,2,324
"5307","24706634","City  single room in front of Bencoolen Station",11390076,"Tryston","Central Region","Museum",1.29719,103.85027,"Private room",60,5,3,"22.01.2019",0.24,18,45
"5308","24707713","Master bedroom 1 @ Heritage Tiong Bahru",186742615,"Justin","Central Region","Bukit Merah",1.28273,103.83438,"Private room",60,2,84,"12.08.2019",5.36,1,254
"5309","24720145","373 L3R3 Private room with private bath",33096269,"E C","Central Region","Geylang",1.31226,103.88648,"Private room",60,2,47,"18.08.2019",3.56,14,80
"5310","24725185","Newly Renovated Orchard room@ Somerset MRT",25185912,"Rebekah","Central Region","Newton",1.30598,103.83917,"Private room",87,30,2,"08.06.2018",0.13,14,90
"5311","24738846","JTK Apartment #3",163555459,"Frerriel","East Region","Bedok",1.31417,103.92691,"Private room",78,2,49,"18.08.2019",3.88,3,301
"5312","24741587","Deluxe King room on Victoria Street",108773366,"RedDoorz","Central Region","Rochor",1.29783,103.85199,"Private room",125,1,6,"10.04.2019",0.41,109,365
"5314","24751008","P Studio - Close to Changi on the East West Line",31731290,"Wansik","East Region","Bedok",1.32411,103.9153,"Private room",93,3,32,"11.08.2019",2.11,5,2
"5315","24761439","Deluxe King room near Bugis MRT",108773366,"RedDoorz","Central Region","Museum",1.29663,103.85146,"Private room",125,1,12,"04.08.2019",0.76,109,358
"5316","24763374","Deluxe King room near Singapore Art Museum",108773366,"RedDoorz","Central Region","Rochor",1.29798,103.85126,"Private room",125,1,3,"11.03.2019",0.22,109,365
"5317","24763494","Deluxe King room near National Library",108773366,"RedDoorz","Central Region","Museum",1.29686,103.85135,"Private room",125,1,2,"17.03.2019",0.26,109,365
"5319","24763675","Room in boutique hotel on Victoria Street",108773366,"RedDoorz","Central Region","Downtown Core",1.29675,103.85354,"Private room",125,1,3,"10.08.2019",0.26,109,363
"5320","24763826","Superior twin room on Victoria Street",108773366,"RedDoorz","Central Region","Museum",1.29635,103.85161,"Private room",106,1,35,"12.08.2019",3.03,109,332
"5321","24764493","Superior twin room near Bugis MRT",108773366,"RedDoorz","Central Region","Museum",1.29612,103.85164,"Private room",106,1,4,"10.03.2019",0.27,109,364
"5325","24785006","Lavender QueenBed rm2: 5m walk MRT",2413412,"Kaurus","Central Region","Kallang",1.30871,103.86085,"Private room",39,18,1,"27.12.2018",0.12,112,359
"5326","24792059","Comfy abode west side of sg",28321312,"Reena","West Region","Bukit Batok",1.35507,103.73999,"Private room",50,5,1,"26.05.2018",0.07,1,362
"5328","24833918","Cosy Family/Couple/Business friendly home",187738931,"Xiaoqi","North-East Region","Serangoon",1.3615,103.8615,"Private room",75,1,5,"11.07.2019",0.71,1,36
"5331","24857166","Lovely rm with bathroom at haw par villa mrt(305)",18618387,"Joyce","Central Region","Queenstown",1.27956,103.78594,"Private room",87,3,12,"16.08.2019",0.78,18,365
"5332","24863189","Cozy ensuite master bedroom amongst a row of cafes",52897090,"Elle","East Region","Bedok",1.31484,103.91863,"Private room",56,3,33,"04.08.2019",2.09,5,130
"5333","24894201","Downtown: loftbed *roomS @ chinatown/cbd",97878860,"Chelsey","Central Region","Outram",1.28395,103.84346,"Private room",39,90,1,"05.07.2019",0.55,59,354
"5335","24919927","Lavender QueenBed rmTY: 5m walk MRT",2413412,"Kaurus","Central Region","Kallang",1.30907,103.8605,"Private room",37,18,2,"01.08.2019",1.13,112,341
"5337","24927780","A nice place for travellers",20883050,"Alvin","Central Region","Geylang",1.31021,103.88267,"Private room",60,1,25,"01.08.2019",1.62,37,353
"5338","24929061","Bright Cosy Room in Heart of Town",14259114,"Jia","Central Region","River Valley",1.29466,103.8386,"Private room",51,2,8,"18.08.2019",0.53,1,0
"5339","24962718","Private room",72139700,"Sally","West Region","Jurong West",1.34631,103.72518,"Private room",50,1,1,"29.05.2018",0.07,1,361
"5340","24972169","Downtown Ensuite 92M1",97878860,"Chelsey","Central Region","Outram",1.28348,103.84228,"Private room",60,90,1,"04.09.2018",0.08,59,361
"5341","24973289","Cosy Room with High Ceiling & an Outdoor Terrace",186186852,"M Social","Central Region","Singapore River",1.29188,103.83787,"Private room",187,1,7,"02.04.2019",0.46,5,349
"5342","24975249","Nice Rooms for Travellers",20883050,"Alvin","Central Region","Geylang",1.31174,103.88197,"Private room",60,1,11,"03.08.2019",0.71,37,363
"5344","24979153","Master bedroom 3 at Tiong Bahru/ Outram Park",188842185,"Jj","Central Region","Bukit Merah",1.28314,103.83454,"Private room",60,2,63,"12.08.2019",4.12,1,252
"5345","24979452","Cosy Room with High Ceiling & an Outdoor Terrace",186186852,"M Social","Central Region","Singapore River",1.29032,103.83726,"Private room",187,1,18,"22.07.2019",1.26,5,346
"5346","24979664","Stylish Duplex Loft with Bed on Upper Mezzanine",186186852,"M Social","Central Region","Singapore River",1.29171,103.83807,"Private room",274,1,5,"21.07.2019",0.41,5,356
"5347","24979977","Snuggish Room with Alcove Ceiling",186186852,"M Social","Central Region","River Valley",1.29168,103.83847,"Private room",178,1,22,"19.07.2019",1.64,5,355
"5348","24996138","Roomy Duplex Loft with Bed on Lower Mezzanine",186186852,"M Social","Central Region","Singapore River",1.29029,103.83688,"Private room",256,1,6,"23.04.2019",0.42,5,355
"5349","25020267","Chinatown your doorstep: MasterRm attachbathroom",2413412,"Kaurus","Central Region","Outram",1.28384,103.84294,"Private room",57,28,2,"27.08.2018",0.16,112,333
"5350","25047044","Short term stay in NUS NUH( (Phone number hidden by Airbnb) )",18618387,"Joyce","Central Region","Queenstown",1.28154,103.78746,"Private room",65,1,10,"07.08.2019",0.73,18,354
"5351","25087117","Lavender DoubleBed Room*: 5m walk MRT",2413412,"Kaurus","Central Region","Kallang",1.30936,103.86244,"Private room",42,18,1,"17.09.2018",0.09,112,359
"5352","25183317","En-suites single room in House near MRT (1)",68059127,"Wei","East Region","Bedok",1.31692,103.91223,"Private room",87,3,1,"29.06.2018",0.07,21,343
"5353","25183623","En-suites double room in House near MRT (3)",68059127,"Wei","East Region","Bedok",1.31877,103.91253,"Private room",99,3,4,"03.08.2019",0.3,21,341
"5356","25246986","A Wonderful Experience in Singapore",20883050,"Alvin","Central Region","Geylang",1.31179,103.88323,"Private room",60,1,37,"12.08.2019",2.49,37,359
"5358","25282863","Big Room @ Seletar Hills",24038248,"Lim","North-East Region","Serangoon",1.38125,103.86759,"Private room",62,2,79,"26.08.2019",5.19,5,31
"5359","25300648","Scandinavian Inspired Mansionette",107909050,"Chlovelle","West Region","Jurong West",1.35387,103.71593,"Private room",108,2,4,"12.11.2018",0.29,1,364
"5361","25307313","Garnet Room in Award Winning Shophouse",144936523,"Fang Ren","Central Region","Geylang",1.31233,103.88485,"Private room",115,6,1,"04.03.2019",0.17,12,87
"5363","25353206","highrise Ensuite *attached bathroom @chinatown 9m1",8948251,"Joey","Central Region","Outram",1.2845,103.84329,"Private room",65,90,1,"19.07.2018",0.07,83,361
"5364","25356260","1beauty hillview condo",189819621,"Xuan","West Region","Bukit Batok",1.35302,103.76837,"Private room",40,1,9,"09.09.2018",0.62,1,0
"5365","25366424","Nice Room@ Seletar Hills",24038248,"Lim","North-East Region","Serangoon",1.38351,103.86913,"Private room",46,2,64,"25.08.2019",4.23,5,30
"5366","25376102","Pretty condo go city centre 10 minutes",191309433,"Zoe","North-East Region","Hougang",1.36215,103.89035,"Private room",42,1,19,"09.06.2019",1.28,4,67
"5367","25385698","Short term stay with us at Nus nuh. And near mrt",52310102,"W3","Central Region","Queenstown",1.27948,103.78768,"Private room",99,1,1,"13.08.2019",1,14,365
"5369","25435388","Resort-Feel Private Room In a Luxurious Condo",48751387,"Ian","Central Region","Geylang",1.3253,103.9048,"Private room",129,1,36,"19.08.2019",2.6,1,334
"5370","25445549","*New*3min MRT*City central*High floor*Quiet*Cozy",191196476,"Yoyo","Central Region","Kallang",1.31044,103.8584,"Private room",86,2,7,"18.07.2019",0.47,2,349
"5373","25489396","Cozy Room@Punggol - 1 LRT station to Punggol MRT",28260347,"Carmen","North-East Region","Punggol",1.40436,103.90788,"Private room",75,3,11,"26.12.2018",0.76,1,0
"5374","25505227","Go orchard taxi 5 minute",191309433,"Zoe","Central Region","Kallang",1.32727,103.86251,"Private room",40,30,3,"12.11.2018",0.23,4,53
"5375","25516668","5 minute go orchard taxi master like studio very pretty",191309433,"Zoe","Central Region","Kallang",1.32531,103.86452,"Private room",60,1,8,"11.10.2018",0.56,4,0
"5377","25586550","Cosy Ensuite Private Room @ East Coast",160584643,"Theresa","East Region","Bedok",1.31723,103.92069,"Private room",28,2,13,"11.09.2018",0.94,1,0
"5379","25603877","comfort spacious room like home",193004034,"Kelly","Central Region","Toa Payoh",1.33416,103.84735,"Private room",44,3,4,"29.06.2018",0.27,1,0
"5382","25796874","【Spacious and comfortable unit】",59850672,"Jen","West Region","Choa Chu Kang",1.3797,103.73912,"Private room",44,3,11,"12.08.2019",0.84,2,352
"5383","25797887","Downtown Ensuite Master + Personal Living Room",97878860,"Chelsey","Central Region","Outram",1.2832,103.84207,"Private room",67,90,1,"22.12.2018",0.12,59,356
"5384","25816343","Special room at Marina Bay Sands Hotel",162056672,"Marina Bay Sands Hotel","Central Region","Downtown Core",1.28473,103.8593,"Private room",300,1,9,"24.08.2018",0.61,2,269
"5386","25872180","Cozzzy Spacious Homestay",78395972,"Dzung","East Region","Bedok",1.3302,103.91444,"Private room",60,2,61,"09.07.2019",4.29,1,213
"5391","25955418","COSY PRIVATE MASTER BEDROOM WITH ATTACHED BATHRM",194823170,"Olivia","East Region","Bedok",1.31525,103.91907,"Private room",50,1,15,"01.08.2019",1.27,3,40
"5392","25963531","kAweSome view8* Ensuite 1+1 @ CBD/Chinatown",2413412,"Kaurus","Central Region","Outram",1.28526,103.84173,"Private room",65,90,2,"23.12.2018",0.16,112,326
"5394","25998215","Quiet and spacious room near Woodleigh MRT(R2)",44793532,"Yuan","Central Region","Toa Payoh",1.33875,103.86948,"Private room",43,1,114,"12.08.2019",7.81,2,235
"5395","26010615","Beautiful Master Bedroom Near Chinatown",195325602,"Alan","Central Region","Bukit Merah",1.2846,103.83342,"Private room",65,7,1,"11.06.2019",0.38,6,360
"5398","26054381","A5 Condo Room Near City 600m to Aljunied MRT",96467516,"Linda","Central Region","Geylang",1.31555,103.8877,"Private room",67,2,37,"15.08.2019",2.69,26,214
"5401","26056791","S. Room • Single Bed Room in Bold & Eclectic home",3234859,"Sk","Central Region","Kallang",1.30495,103.86233,"Private room",60,1,53,"25.08.2019",3.73,9,139
"5402","26065685","Niven road A5 号房",170378301,"Mei","Central Region","Rochor",1.30213,103.84845,"Private room",56,7,2,"09.02.2019",0.27,9,0
"5405","26120936","Beautiful modern condo surrounded by nature",194915699,"Chance","West Region","Bukit Panjang",1.37778,103.76279,"Private room",60,1,9,"01.11.2018",0.65,1,0
"5406","26121744","a5 Condo Room Near City 600m to Aljunied MRT",96467516,"Linda","Central Region","Geylang",1.31501,103.88655,"Private room",67,2,20,"19.08.2019",1.55,26,214
"5410","26232923","Modern Room1. Clean & Cosy. suitable for everyone.",36277810,"Johanna","North-East Region","Sengkang",1.39042,103.87892,"Private room",44,1,81,"05.08.2019",5.79,1,325
"5411","26290123","Aljunied Room*J > MRT 3min > CBD 15 mins",2413412,"Kaurus","Central Region","Geylang",1.31395,103.88181,"Private room",33,18,1,"07.11.2018",0.1,112,359
"5413","26318683","Spacious rm in retro & trendy house- CENTRAL!",9164793,"Michelle","Central Region","Bukit Merah",1.28439,103.83243,"Private room",108,1,10,"28.10.2018",0.71,5,0
"5414","26335455","Huge Common Room at East Coast Road",91165081,"Chong","East Region","Bedok",1.30899,103.91135,"Private room",40,5,1,"03.01.2019",0.13,10,362
"5415","26336203","Special room offer at Marina Bay Sands Hotel",162056672,"Marina Bay Sands Hotel","Central Region","Marina South",1.28435,103.86159,"Private room",419,1,3,"21.08.2018",0.22,2,0
"5416","26344207","Sufen’s Place",100474068,"Jimmy","West Region","Choa Chu Kang",1.38422,103.74553,"Private room",50,8,14,"14.08.2019",1.13,2,271
"5417","26381161","Geylang Aljunied MRT Hostel- single Pte room",81107861,"Jarovh","Central Region","Geylang",1.31619,103.88308,"Private room",37,2,33,"26.08.2019",2.38,4,157
"5418","26382243","kEnsuiteM1 Brickwall8 @ Chinatown/CBD",2413412,"Kaurus","Central Region","Outram",1.28486,103.84178,"Private room",57,90,1,"13.07.2018",0.07,112,343
"5419","26384329","Master M4A +bathroom @ heritage apartment (3mth+)",8948251,"Joey","Central Region","Kallang",1.31111,103.8582,"Private room",57,18,1,"29.06.2018",0.07,83,360
"5420","26435923","Junior Master in City Centre (Free Cancellation!)",56421978,"Nancy","Central Region","Kallang",1.3182,103.85192,"Private room",60,3,15,"26.08.2019",1.2,7,146
"5421","26444799","New condominium: master bedroom for rent/新公寓主人房出租",181489116,"Alan Yu","Central Region","Toa Payoh",1.34171,103.87957,"Private room",81,3,3,"01.09.2018",0.23,1,0
"5422","26461753","Best location!King size room with private bathroom",87181745,"James","Central Region","Rochor",1.30084,103.85045,"Private room",111,1,1,"15.02.2019",0.15,4,0
"5423","26577038","f4 Condo Room Near City 600m to Aljunied MRT",96467516,"Linda","Central Region","Geylang",1.31269,103.87859,"Private room",51,2,22,"18.08.2019",1.62,26,168
"5424","26583889","Luxurious Penthouse in City Centre 3",1170341,"Jenny","Central Region","Tanglin",1.29293,103.83104,"Private room",104,30,3,"28.07.2019",0.94,3,261
"5425","26592863","Private room in TB Eng Hoon",40828349,"Rainier","Central Region","Bukit Merah",1.28524,103.83359,"Private room",62,3,2,"01.08.2018",0.15,1,0
"5426","26683920","Private Happy-Hut @ city centre",134613805,"Licya","Central Region","Bukit Merah",1.28895,103.83094,"Private room",99,1,41,"24.08.2019",3,1,46
"5427","26722862","Aljunied *RoomG > MRT 3min > CBD 15 mins",2413412,"Kaurus","Central Region","Geylang",1.31564,103.88095,"Private room",33,18,2,"08.02.2019",0.22,112,359
"5429","26790724","Touch & GO for Convenience (Newly Renovated)",951965,"Arun","East Region","Tampines",1.36119,103.93414,"Private room",87,1,3,"07.06.2019",0.23,2,261
"5430","26794016","Resort living in the center of the city",11651748,"Smooth","Central Region","River Valley",1.29408,103.8409,"Private room",56,1,2,"15.12.2018",0.23,1,21
"5432","26822021","Heritage apartment: Master rmM3* +bathroom (3mth+)",2413412,"Kaurus","Central Region","Kallang",1.31283,103.85834,"Private room",60,18,1,"22.07.2019",0.79,112,332
"5433","26901705","Cheap pocket Room with attached toilet Jurong East",56273456,"Sona","West Region","Bukit Batok",1.34985,103.74369,"Private room",50,7,1,"02.08.2018",0.08,3,0
"5434","26957485","Restful Single Room in Terrace House",44885364,"Yong Wah","West Region","Choa Chu Kang",1.39145,103.75232,"Private room",28,1,34,"24.08.2019",2.58,2,6
"5435","26958869","Cozy BR (2) w/King-size bed! Within mins to town!",127262409,"Cecilia","Central Region","Geylang",1.3132,103.88139,"Private room",60,1,39,"05.08.2019",3.02,2,147
"5437","27034075","Brand New Hotel 1887 Single 2 with breakfast",7614592,"Bryan","Central Region","Outram",1.28195,103.84368,"Private room",118,1,6,"03.06.2019",0.45,14,357
"5438","27036742","Brand new Hotel 1887 Single Room 3 with BreakFast",7614592,"Bryan","Central Region","Outram",1.28189,103.84436,"Private room",100,1,11,"15.07.2019",0.82,14,356
"5439","27037488","Stripes",102695772,"Za","North Region","Woodlands",1.43925,103.80332,"Private room",56,1,28,"08.08.2019",2.16,2,84
"5441","27052457","Sweet and restful room in charming neighbourhood",1112482,"Diana","Central Region","Kallang",1.31496,103.84838,"Private room",31,3,23,"14.08.2019",1.78,1,47
"5442","27072907","Chic & Luxury Condo room for lady @  lakeside MRT",64248773,"April","West Region","Jurong West",1.34746,103.72335,"Private room",81,2,3,"01.09.2018",0.23,1,0
"5445","27140686","Walk 3 minutes to Mrt pretty bed room",191309433,"Zoe","Central Region","Geylang",1.314,103.8836,"Private room",42,10,5,"16.10.2018",0.39,4,2
"5446","27173843","Chinatown your8 doorstep: Private RoomW1",2413412,"Kaurus","Central Region","Outram",1.28497,103.84227,"Private room",57,90,1,"13.08.2019",1,112,350
"5448","27192864","sweet house",148212286,"Zhou","Central Region","Kallang",1.31099,103.85663,"Private room",50,60,1,"20.08.2018",0.08,2,0
"5449","27195225","Camo",102695772,"Za","North Region","Woodlands",1.43825,103.80587,"Private room",56,1,29,"26.08.2019",2.21,2,90
"5450","27262007","位於市區近mrt的光亮寬敞房間",117570030,"Xuan","Central Region","Bishan",1.35137,103.83998,"Private room",108,2,1,"27.07.2018",0.08,1,0
"5451","27271822","Ideal place for travellers",20883050,"Alvin","Central Region","Geylang",1.31224,103.88141,"Private room",60,1,4,"29.07.2019",0.36,37,365
"5452","27272375","Ideal place for Travelers 2",20883050,"Alvin","Central Region","Geylang",1.31074,103.88177,"Private room",60,1,20,"25.07.2019",1.53,37,356
"5453","27292722","Sanctuary In The West - Boon Lay MRT",1030128,"Lena","West Region","Jurong West",1.34205,103.71297,"Private room",53,2,4,"11.06.2019",0.31,3,345
"5454","27324882","Bed Space > East Coast Road",91165081,"Chong","East Region","Bedok",1.30794,103.9118,"Private room",40,4,1,"18.11.2018",0.11,10,365
"5455","27343211","Emerald Hill Apartment",119740557,"Nicholas","Central Region","Newton",1.30622,103.83835,"Private room",119,3,1,"26.12.2018",0.12,3,88
"5458","27410001","Two luxury condo rooms at same condo unit",146100311,"Cindy","West Region","Jurong West",1.34547,103.72125,"Private room",150,5,3,"06.07.2019",0.37,10,365
"5460","27418165","Master room next to East Coast Park",110659263,"Khairul","Central Region","Marine Parade",1.30386,103.91547,"Private room",42,2,1,"17.08.2019",1,1,328
"5461","27424215","Not available  any more house sold",191336118,"Ed Ian","East Region","Bedok",1.33025,103.90945,"Private room",50,3,2,"08.08.2018",0.15,1,346
"5462","27429267","Best location!Queen size room gym swimming pool",87181745,"James","Central Region","Rochor",1.30011,103.8515,"Private room",69,1,1,"16.02.2019",0.15,4,0
"5463","27440211","Cozy & Quiet private room nearby Botanic Gardens",52249126,"Ron","Central Region","Bukit Timah",1.32235,103.81205,"Private room",79,1,18,"02.08.2019",1.47,1,80
"5464","27445655","City area 666",201533938,"Weiguo","Central Region","Rochor",1.30739,103.84694,"Private room",56,2,6,"01.10.2018",0.48,3,0
"5465","27454482","新加坡公寓短租",206882690,"国勇","Central Region","Toa Payoh",1.332,103.84861,"Private room",69,1,4,"18.03.2019",0.33,2,0
"5466","27501982","MASTER SUITE 8@HOLLAND VILLAGE MRT/INSEAD/NUH",4412979,"Sue","Central Region","Bukit Timah",1.3123,103.79081,"Private room",89,3,4,"26.05.2019",0.34,8,323
"5467","27513236","Maggie's bnb 1bedroom",206769167,"Maggie Wu","East Region","Bedok",1.31708,103.906,"Private room",81,3,5,"05.08.2019",0.4,3,148
"5468","27513348","Acasia Breeze @ Yishun (pink Rm)",172761127,"Nuzaibah","North Region","Yishun",1.41545,103.8436,"Private room",49,1,13,"17.08.2019",2.71,2,36
"5469","27513625","Maggie's bnb",206769167,"Maggie Wu","East Region","Bedok",1.3179,103.90737,"Private room",81,90,4,"30.06.2019",0.33,3,146
"5470","27530446","@4pax family dormitory",125105902,"Heritage","Central Region","Outram",1.28178,103.84419,"Private room",158,1,19,"11.08.2019",1.48,7,8
"5471","27537549","Private room few stops from Sentosa",159842957,"Nt","Central Region","Bukit Merah",1.27809,103.82065,"Private room",35,1,1,"19.08.2018",0.08,1,0
"5472","27581596","Maggie's apartment - 1bdroom",206769167,"Maggie Wu","East Region","Bedok",1.3189,103.90833,"Private room",81,90,2,"30.04.2019",0.4,3,356
"5473","27603657","Boon Lay Guest House",208287759,"Ashraf","West Region","Jurong West",1.34893,103.71002,"Private room",40,90,1,"14.08.2018",0.08,1,90
"5475","27615107","Cozy & Convenient Apartment near Airport",158044210,"Joey","East Region","Pasir Ris",1.37033,103.94525,"Private room",40,180,11,"12.11.2018",0.88,1,0
"5476","27624199","Stunning Room in the City - Short Stay",114638171,"Hana","Central Region","Rochor",1.30326,103.84709,"Private room",60,2,3,"26.02.2019",0.25,2,3
"5478","27689348","Penthouse Resort Living in East Coast (Ruby Room)",7275893,"Ken","East Region","Bedok",1.31167,103.91255,"Private room",100,1,7,"21.07.2019",0.56,2,334
"5479","27709128","Master Room with City View",20883050,"Alvin","Central Region","Geylang",1.31162,103.88352,"Private room",90,2,17,"05.08.2019",1.48,37,341
"5480","27718541","Cozy master bedroom in Central Singapore !",109934554,"Charlie","Central Region","Kallang",1.30771,103.86402,"Private room",79,2,5,"18.01.2019",0.4,1,0
"5481","27781949","Penthouse Resort Living in East Coast (Jade Room)",7275893,"Ken","East Region","Bedok",1.31036,103.91298,"Private room",100,1,12,"30.06.2019",0.96,2,338
"5484","27810679","2 Bedrooms In Spacious Centrally located appt",2977470,"Ian","Central Region","Bukit Merah",1.2693,103.82509,"Private room",106,2,24,"15.08.2019",2.06,2,52
"5487","27830769","Forest Wood Modern Stay City Fringe",27813121,"Dap","North-East Region","Hougang",1.3535,103.87946,"Private room",49,2,1,"29.08.2018",0.08,1,0
"5488","27838989","Singapore Multi-unit building",210237231,"Peter","Central Region","Toa Payoh",1.33867,103.84821,"Private room",81,2,25,"22.08.2019",2.12,1,72
"5491","27950624","Mackenzie 00",201533938,"Weiguo","Central Region","Rochor",1.30534,103.84928,"Private room",56,2,1,"16.09.2018",0.09,3,0
"5494","27992861","超赞ﾃﾞｻﾞｲﾅｰ【峇厘度假风】Balinese Sanctuary美しい綺麗の森林别墅3minMRT!",143455661,"Yang Lay","East Region","Bedok",1.32401,103.9139,"Private room",56,1,75,"24.08.2019",6.25,1,58
"5495","28046655","Beautiful budget room in a heritage shophouse",3589987,"Sheryl","Central Region","Marine Parade",1.31021,103.90305,"Private room",69,7,1,"14.06.2019",0.39,2,0
"5500","28116308","Masteroom (bath) @ Terrace House @ Thomson Village",25375339,"ｼﾝ","Central Region","Bishan",1.35266,103.8336,"Private room",81,1,1,"03.10.2018",0.09,9,362
"5501","28124814","*CBD 1 BedRoom near MRT/RAFFLES/Marina Bay Sands-I",212439670,"Yee","Central Region","Downtown Core",1.27571,103.84541,"Private room",85,14,4,"12.08.2019",0.34,2,82
"5502","28137638","Private bed room for stay (Queen Size Bed) Punggol",102492573,"Lee","North-East Region","Punggol",1.40321,103.91767,"Private room",42,1,8,"11.08.2019",0.69,1,87
"5503","28163613","The Bliss - Little India",212732702,"Sundeep","Central Region","Rochor",1.30886,103.85305,"Private room",56,1,25,"24.08.2019",2.13,1,9
"5504","28175783","*CBD 1 BedRoom near MRT/RAFFLES/MBS - II",212439670,"Yee","Central Region","Downtown Core",1.27557,103.84749,"Private room",78,14,5,"09.06.2019",0.44,2,28
"5505","28185514","Bright Spacious Master w Pool",2825246,"Carl","East Region","Bedok",1.32328,103.90852,"Private room",90,2,21,"20.08.2019",1.82,3,73
"5506","28239177","★CharmingCityFringePvtRm/DAKOTA★",20874965,"Marilyn","Central Region","Marine Parade",1.30608,103.89668,"Private room",49,1,37,"06.08.2019",3.18,8,42
"5507","28262827","RARE City Fringe Studio Close to Subway with Pool!",153852953,"Ada","Central Region","Kallang",1.32075,103.86555,"Private room",58,7,10,"30.05.2019",0.86,2,0
"5508","28266733","#2 Huge Loft like apt w/DJ studio & amazing views",89666016,"Darren","Central Region","Rochor",1.30075,103.85053,"Private room",99,1,49,"17.08.2019",4.18,2,71
"5509","28271801","Boon Lay MRT - Single Room (with own Bathroom)",1030128,"Lena","West Region","Jurong West",1.34044,103.70797,"Private room",56,2,14,"18.07.2019",1.37,3,148
"5510","28291541","WANGZ Hotel",212768156,"Wangz","Central Region","Bukit Merah",1.28334,103.83391,"Private room",233,1,1,"16.06.2019",0.41,1,353
"5511","28320933","Lovely and Private Family Room for 10 pax",175566234,"Quek","Central Region","Downtown Core",1.29774,103.85643,"Private room",365,1,4,"17.01.2019",0.39,9,138
"5515","28396419","Clean cozy room near train station & airport",60695093,"Linx","East Region","Tampines",1.34392,103.95853,"Private room",51,3,5,"12.08.2019",0.45,1,0
"5516","28400701","Luxurious central home (Somerset) / fantastic view",214412141,"Rumy","Central Region","Newton",1.3045,103.83921,"Private room",137,2,20,"19.08.2019",2.96,1,173
"5517","28417785","PROMO ♦ Spacious Convenient En-suite Rm@Orchard  ♦",98751474,"Mandarin Orchard Singapore","Central Region","Orchard",1.30238,103.83572,"Private room",600,1,6,"23.06.2019",0.66,3,351
"5518","28417802","*PROMO* ♦ Spacious Room in the Heart of Orchard ♦",98751474,"Mandarin Orchard Singapore","Central Region","Orchard",1.3026,103.83728,"Private room",400,1,22,"18.08.2019",2.37,3,359
"5519","28417997","*NEW* ♦ Orchard Road Homey 2BR sleeps 4  ♦",98751474,"Mandarin Orchard Singapore","Central Region","Orchard",1.30078,103.83713,"Private room",800,1,2,"23.06.2019",0.23,3,332
"5520","28460475","Room for 2 persons",48108016,"Amandine","Central Region","Bishan",1.36357,103.8321,"Private room",37,5,20,"09.07.2019",1.89,1,101
"5522","28522862","Lavender QueenBed *rmPA: 5m walk MRT",2413412,"Kaurus","Central Region","Kallang",1.3091,103.86217,"Private room",44,18,1,"20.12.2018",0.12,112,359
"5524","28566848","Spacious Private Condo Master Room next to NUS",215601346,"Clementine","Central Region","Queenstown",1.28713,103.77931,"Private room",100,1,7,"07.05.2019",0.62,1,316
"5525","28633538","Center of the city.Clean room and private bathroom",87181745,"James","Central Region","Rochor",1.30023,103.85002,"Private room",104,1,3,"17.10.2018",0.28,4,0
"5526","28649449","AWESOME ENSUITE RM @ BUONA VISTA (Phone number hidden by Airbnb)",1439258,"K2 Guesthouse","Central Region","Queenstown",1.28104,103.78755,"Private room",85,1,1,"12.08.2019",1,32,356
"5528","28670854","Private room near Changi Airport and EXPO Halls",216323636,"Sarah","East Region","Tampines",1.33808,103.95774,"Private room",51,1,19,"02.05.2019",1.76,1,0
"5529","28675203","Y&J’s Haven",49584057,"Y2m","West Region","Jurong East",1.33726,103.74533,"Private room",60,3,7,"02.08.2019",0.88,2,75
"5532","28709418","★DelightfulCityFringeRm/Kallang/Suntec/Katong★",20874965,"Marilyn","Central Region","Marine Parade",1.30649,103.89457,"Private room",62,1,33,"07.08.2019",2.94,8,65
"5533","28724933","John's place",79389640,"Daryl","East Region","Pasir Ris",1.3708,103.96211,"Private room",36,1,1,"23.09.2018",0.09,1,89
"5534","28747912","1+1 Good for Budget Travellers @ Chinatown MRT 超值",24997642,"Regina & Co.","Central Region","Outram",1.28483,103.84296,"Private room",160,2,59,"19.08.2019",5.4,6,239
"5535","28748380","Quality Private Spacious room @ Chinatown MRT",24997642,"Regina & Co.","Central Region","Outram",1.28647,103.84291,"Private room",85,4,13,"17.08.2019",1.17,6,254
"5536","28762587","Pasir Ris One",138461683,"David","East Region","Pasir Ris",1.37249,103.95158,"Private room",69,1,36,"23.08.2019",3.53,1,339
"5538","28789161","Braddell View Pte Condo - Master Rm - Pool & Gym",73457822,"Kingston","Central Region","Toa Payoh",1.34074,103.84061,"Private room",58,1,7,"24.08.2019",1.09,1,345
"5540","28812814","Warm Home. 15 minutes to Airport&Downtown",108213578,"Qin","Central Region","Marine Parade",1.30603,103.9134,"Private room",46,1,12,"18.08.2019",1.09,4,345
"5541","28813059","Spacious Private Room in City fringe Apt 套房民宿 202",7029973,"Teddy","Central Region","Novena",1.32214,103.8542,"Private room",81,2,24,"05.08.2019",2.36,5,65
"5542","28813662","City Fringe Cosy Comfy Private Room 套房民俗 203",7029973,"Teddy","Central Region","Novena",1.32219,103.85242,"Private room",78,2,36,"21.08.2019",3.25,5,57
"5544","28873217","★Café Galore!★ Comfy Moonhouse / FREE WiFi",162546186,"Brian","Central Region","Kallang",1.31089,103.85954,"Private room",89,5,9,"01.07.2019",0.87,4,0
"5545","28876292","Spacious Enchanted Studio - FREE Wifi / 5min stn",162546186,"Brian","Central Region","Kallang",1.31008,103.85881,"Private room",99,6,1,"03.11.2018",0.1,4,0
"5546","28881876","Private condo room Just opposite of Lake and Mrt",21386285,"Susie","West Region","Jurong East",1.3439,103.73391,"Private room",57,5,2,"11.02.2019",0.28,15,90
"5548","28917933","马林百列",159173081,"Shi You","Central Region","Marine Parade",1.30423,103.91612,"Private room",60,1,2,"21.07.2019",1.18,2,170
"5549","28924202","3BR+2BA 7 Min Walk to Central Singapore orchard313",81596134,"Lucy","Central Region","River Valley",1.29847,103.83448,"Private room",200,2,30,"26.07.2019",2.85,16,309
"5552","28948302","4BR+3BA  7 Min Walk to somerset 313 cozy apartment",81596134,"Lucy","Central Region","River Valley",1.29749,103.83474,"Private room",399,2,26,"09.08.2019",2.5,16,304
"5553","28950843","Comfy Cosy City-fringe Private Room 套房民宿 206",7029973,"Teddy","Central Region","Novena",1.32191,103.85393,"Private room",58,2,42,"25.08.2019",4.13,5,77
"5554","28958329","B1 Big Master Room with Private Bathroom Near City",96467516,"Linda","Central Region","Geylang",1.31425,103.88727,"Private room",87,2,47,"21.08.2019",4.42,26,147
"5555","28967232","Lem's crib",190297680,"Lemuel","North Region","Central Water Catchment",1.35279,103.81906,"Private room",50,1,1,"09.10.2018",0.09,1,90
"5556","28970364","Bedroom in sembawang",35666883,"Ethan","North Region","Sembawang",1.43701,103.82571,"Private room",90,1,5,"11.08.2019",0.62,7,180
"5557","28975564","B2 Big Condo Room Near City 600m to Aljunied MRT",96467516,"Linda","Central Region","Geylang",1.31488,103.88588,"Private room",72,2,50,"20.08.2019",4.89,26,191
"5558","28983113","B3 Condo Room Near City 600m to Aljunied MRT",96467516,"Linda","Central Region","Geylang",1.31608,103.88732,"Private room",72,2,25,"12.08.2019",2.35,26,221
"5559","28983781","B4 Condo Room Near City 600m to Aljunied MRT",96467516,"Linda","Central Region","Geylang",1.31462,103.88666,"Private room",58,2,29,"07.07.2019",3.02,26,210
"5561","28994716","Nice & Comfort Private Room",218544488,"Kelly","North-East Region","Punggol",1.39759,103.91302,"Private room",60,5,9,"27.04.2019",0.94,1,90
"5562","28998072","Single Pod Suite",209260798,"The Pod","Central Region","Rochor",1.30125,103.86032,"Private room",75,1,1,"26.10.2018",0.1,8,360
"5564","28999077","Spacious Private Room Stay in Singapore",181978553,"Faith","Central Region","Newton",1.30629,103.84726,"Private room",60,5,18,"09.08.2019",1.78,2,108
"5565","29015768","Spacious room3 near MRT in the East",184792657,"Alee","Central Region","Geylang",1.31451,103.90077,"Private room",37,3,28,"10.08.2019",3.12,6,145
"5566","29020376","Artistically restored Shophouse Room in Chinatown",218722083,"Ann Siang","Central Region","Outram",1.28109,103.84631,"Private room",200,3,11,"16.08.2019",1.82,5,304
"5568","29068591","6-Bed Private Room - Steps from Chinatown MRT!",17526618,"Royal","Central Region","Outram",1.28454,103.84312,"Private room",181,2,1,"27.03.2019",0.19,13,136
"5570","29073433","Private Room JurongEastMrt/ChineseGardenMrt",93004283,"Nika","West Region","Jurong East",1.34668,103.73255,"Private room",65,2,1,"08.10.2018",0.09,1,0
"5571","29076794","Common room @ Central Imperial",25375339,"ｼﾝ","Central Region","Geylang",1.31089,103.87805,"Private room",69,1,3,"08.05.2019",0.5,9,347
"5573","29093658","City Central Double Room (Shared Toilet)",219256508,"Kelly","Central Region","Outram",1.28319,103.83608,"Private room",69,4,3,"14.01.2019",0.28,3,0
"5574","29094151","City Central Deluxe Double Room (Own Toilet)",219256508,"Kelly","Central Region","Bukit Merah",1.28427,103.83467,"Private room",81,4,1,"18.11.2018",0.11,3,0
"5575","29108574","New Spacious Ensuite w Pool",2825246,"Carl","East Region","Bedok",1.32224,103.91004,"Private room",69,2,13,"25.08.2019",1.34,3,88
"5576","29123541","Cosy 2BR home near Orchard",117734470,"Mandelyn","Central Region","Novena",1.32602,103.84621,"Private room",169,4,15,"31.07.2019",1.5,8,80
"5577","29131936","Corner Cosy Comfy City Fringe Apartment 套房民宿 205",7029973,"Teddy","Central Region","Novena",1.32106,103.85285,"Private room",60,2,19,"22.08.2019",1.84,5,82
"5581","29252819","Cosy Private Room Suite @ Orchard/ Central Area.",61619807,"Ong","Central Region","River Valley",1.29704,103.83956,"Private room",83,2,12,"23.06.2019",1.3,27,345
"5582","29256271","NEW En-suite Bedroom /WIFI near Orchard/Somerset",46685310,"L","Central Region","River Valley",1.29562,103.83815,"Private room",87,2,2,"23.11.2018",0.21,28,342
"5583","29256550","NEW Private Cosy Bedroom /WIFI @ Central/ Orchard",46685310,"L","Central Region","River Valley",1.2971,103.84013,"Private room",87,2,14,"11.08.2019",1.42,28,339
"5586","29302695","Yunnan Garden Corner Terrace ( Near NTU)",220733620,"Lee","West Region","Jurong West",1.33871,103.69155,"Private room",81,1,17,"24.08.2019",2.37,3,334
"5589","29321856","Private BR&BA☆Breakfast☆Resort Style☆Holland V☆NUS",95365095,"Nana","Central Region","Bukit Timah",1.31924,103.77288,"Private room",56,1,21,"08.08.2019",2.13,1,115
"5590","29327225","Whitehaven Single",33345191,"Zari","Central Region","Queenstown",1.29087,103.77683,"Private room",28,90,2,"15.08.2019",0.45,3,114
"5593","29355884","Rent room in East of Singapore (LONG TERM TENANTS)",221154546,"Rishabh","East Region","Bedok",1.32704,103.90979,"Private room",40,90,1,"18.10.2018",0.1,1,364
"5594","29367383","景万岸公寓(near airport kembangan MRT)近机场市中心!超大主人房!高楼通风",188638801,"Lanbor","North Region","Central Water Catchment",1.35114,103.81938,"Private room",58,3,1,"18.11.2018",0.11,1,365
"5596","29439672","Jacufier's House",221677389,"Xianliang","East Region","Tampines",1.35265,103.92941,"Private room",44,2,23,"22.08.2019",3.18,1,35
"5598","29454180","Luxury room around Marina Bay and infinity pool",31727752,"Jing","Central Region","Downtown Core",1.28346,103.8578,"Private room",481,1,12,"21.07.2019",1.31,2,180
"5603","29530126","b4 Condo Room Near City 600m to Aljunied MRT",96467516,"Linda","Central Region","Geylang",1.31438,103.88727,"Private room",58,2,2,"26.08.2019",2,26,210
"5604","29549073","Private Room 1 - Central Area",43043281,"Tina","Central Region","Kallang",1.31315,103.85907,"Private room",22,3,20,"08.08.2019",2.7,3,306
"5605","29557173","b3 Big Condo Room Near City 600m to Aljunied MRT",96467516,"Linda","Central Region","Geylang",1.31456,103.88629,"Private room",72,2,23,"13.08.2019",2.28,26,221
"5606","29572721","NICE BEDROOM in Condo. GREAT CENTRAL LOCATION!",23125569,"Oscar","Central Region","Tanglin",1.29651,103.8288,"Private room",119,1,37,"14.08.2019",3.71,2,3
"5607","29575641","regent heights",149764369,"Penny","West Region","Bukit Batok",1.35106,103.7558,"Private room",60,180,1,"30.10.2018",0.1,1,0
"5610","29597994","★★Cosy City Centre Room with Single bed/Orchard★",222795238,"Damien","Central Region","Tanglin",1.29439,103.83069,"Private room",44,1,40,"11.08.2019",4.55,6,57
"5611","29599048","★★Cosy City Centre Room with Single bed★",222795238,"Damien","Central Region","Tanglin",1.29637,103.82968,"Private room",43,1,35,"07.08.2019",4.1,6,44
"5612","29599522","★★City Centre Room with Single bed/Orchard★",222795238,"Damien","Central Region","Tanglin",1.29648,103.8292,"Private room",44,1,33,"04.08.2019",3.84,6,71
"5613","29599789","CityCtrPrivateFamilyRoom/Orchard",222795238,"Damien","Central Region","Tanglin",1.29426,103.83074,"Private room",62,1,32,"08.08.2019",3.74,6,42
"5614","29600350","★★FamilyCityCtrRoom/Orchard/ClarkeQuay★★",222795238,"Damien","Central Region","Tanglin",1.29463,103.83065,"Private room",71,1,29,"13.08.2019",3.28,6,67
"5615","29600789","★★CosyCoupleCityCtrRoom/Orchard/ClarkeQuay★★",222795238,"Damien","Central Region","Tanglin",1.29453,103.82983,"Private room",56,1,34,"12.08.2019",3.91,6,65
"5616","29614706","PRIV ROOM & BATH in shared apartment near Orchard",20709460,"Serg","Central Region","Novena",1.3148,103.83936,"Private room",50,2,18,"19.08.2019",2.3,1,12
"5617","29653772","b1 Big Master Room with Private Bathroom Near City",96467516,"Linda","Central Region","Geylang",1.31631,103.88804,"Private room",87,2,2,"12.07.2019",0.23,26,147
"5618","29654245","b2 Big Condo Room Near City 600m to Aljunied MRT",96467516,"Linda","Central Region","Geylang",1.31561,103.88788,"Private room",72,2,4,"09.07.2019",0.66,26,191
"5619","29654617","b5 Condo Room Near City 600m to Aljunied MRT",96467516,"Linda","Central Region","Geylang",1.31481,103.88593,"Private room",51,2,14,"25.08.2019",1.57,26,211
"5620","29663028","Master  Room ⭐️ 4Min to MRT⭐️ Pools-Jaccuzzi",201932923,"Emily","Central Region","Geylang",1.31497,103.89055,"Private room",94,4,9,"30.07.2019",1,2,40
"5621","29741816","NEWLY RENOVATED CENTRAL ROOM NEAR FAMOUS FOOD CTR3",92189808,"Darius","Central Region","Kallang",1.31356,103.84615,"Private room",60,1,24,"09.08.2019",2.54,4,342
"5622","29742132","NEWLY RENOVATED CENTRAL ROOM NEAR FAMOUS FOOD CTR1",92189808,"Darius","Central Region","Kallang",1.31389,103.84658,"Private room",58,1,19,"25.07.2019",1.95,4,158
"5623","29742265","NEWLY RENOVATED CENTRAL ROOM NEAR FAMOUS FOOD CTR2",92189808,"Darius","Central Region","Kallang",1.31473,103.84831,"Private room",58,1,18,"10.08.2019",1.92,4,158
"5624","29763827","Private room in a two storey penthouse at Eunos.",3534614,"Michael","Central Region","Geylang",1.31638,103.89989,"Private room",60,1,6,"28.05.2019",0.66,1,0
"5625","29765373","Big size Room-quiet-near Airport and East side",4267415,"Nan","East Region","Bedok",1.31921,103.92644,"Private room",37,20,8,"12.05.2019",0.86,1,51
"5626","29766008","Nice small room near Orchard road",24729943,"Alyna","Central Region","River Valley",1.29684,103.83842,"Private room",50,7,17,"24.07.2019",1.76,1,0
"5627","29768671","prewar miniStudio* + washer/dryer",97878860,"Chelsey","Central Region","Kallang",1.30815,103.86075,"Private room",44,28,1,"10.12.2018",0.11,59,355
"5628","29775931","City Central Deluxe Double Room (Own Toilet) R2",224024374,"Ml","Central Region","Bukit Merah",1.28239,103.83594,"Private room",75,4,1,"11.11.2018",0.1,2,0
"5630","29785264","Common room 2 mins walking to train station",41533046,"Kok Yung","Central Region","Toa Payoh",1.33202,103.84497,"Private room",50,2,11,"28.02.2019",1.18,3,0
"5631","29830333","Double room in Holland Village! 4 mins to HV MRT",23145293,"Dj","Central Region","Bukit Timah",1.31344,103.7948,"Private room",50,1,2,"02.12.2018",0.21,3,0
"5633","29848385","Master room in town",41533046,"Kok Yung","Central Region","Toa Payoh",1.33329,103.845,"Private room",56,90,2,"26.11.2018",0.21,3,0
"5634","29850199","❤180º Marina Bay View 1B1B Suite Downtown MRT 金莎景!",224422788,"Nathan","Central Region","Downtown Core",1.28082,103.85274,"Private room",200,2,16,"03.08.2019",1.72,2,106
"5635","29858416","Executive Queen - 2mins away from Chinatown MRT",75539321,"Kelvin","Central Region","Outram",1.28469,103.84332,"Private room",118,1,7,"09.08.2019",0.75,5,308
"5636","29861630","3BR+3BA MODERN APT IN CENTRAL OF ORCHARD 313",81596134,"Lucy","Central Region","River Valley",1.29856,103.83496,"Private room",399,2,16,"26.07.2019",1.83,16,338
"5638","29888806","Common room 2 mins walking to MRT station",41533046,"Kok Yung","Central Region","Toa Payoh",1.33342,103.84335,"Private room",50,2,5,"14.12.2018",0.53,3,0
"5639","29908029","High level Bugis MRT Two Bedroom Great View",183775270,"Joe","Central Region","Kallang",1.30035,103.86185,"Private room",81,2,19,"19.08.2019",2.01,5,65
"5642","29973454","Private room in heartland",1039065,"Jonathan","Central Region","Geylang",1.31682,103.8778,"Private room",300,1,1,"13.11.2018",0.1,1,0
"5644","30000219","Private Home stay in Singapore",181978553,"Faith","Central Region","Rochor",1.3062,103.84807,"Private room",60,5,12,"07.08.2019",2.35,2,305
"5645","30018676","Luxury Seaview Near City 1 BR Apt w own Bathroom",45364760,"Desmond","Central Region","Marine Parade",1.29808,103.88788,"Private room",90,5,3,"06.07.2019",1.29,1,154
"5646","30021614","Spaciou room with king bed in the city area",3034356,"Lily","Central Region","Geylang",1.31936,103.88279,"Private room",81,1,4,"11.08.2019",0.5,2,348
"5650","30044864","2 rooms at same Condo unit Close to Mrt",146100311,"Cindy","West Region","Jurong West",1.34479,103.72104,"Private room",150,7,1,"21.07.2019",0.77,10,358
"5651","30046453","Downtown *FireworksView Ensuite+livingRm",97878860,"Chelsey","Central Region","Outram",1.28517,103.84305,"Private room",65,90,1,"18.11.2018",0.11,59,356
"5652","30058572","prewar doublebed *RmK > lavender MRT.",97878860,"Chelsey","Central Region","Kallang",1.31113,103.86041,"Private room",43,18,1,"01.04.2019",0.2,59,359
"5653","30074495","Y&J’s Home",49584057,"Y2m","West Region","Jurong East",1.33521,103.74691,"Private room",40,3,2,"28.02.2019",0.24,2,333
"5654","30111915","Freedom of Living 2@Near NTU",114674497,"Mitul","West Region","Jurong West",1.35022,103.70373,"Private room",44,5,9,"08.08.2019",0.99,6,326
"5655","30126894","Family Room - Jalan Besar",43043281,"Tina","Central Region","Rochor",1.30489,103.8554,"Private room",68,2,25,"10.08.2019",2.86,3,300
"5656","30197961","Spacious apartment @ Teck Whye Lane. Bedroom 2.",151174817,"Nurlinahwati","West Region","Choa Chu Kang",1.37765,103.75518,"Private room",19,2,6,"26.07.2019",0.66,2,213
"5657","30256433","Lake view",227215611,"Jj","Central Region","Kallang",1.317,103.86396,"Private room",49,2,9,"10.08.2019",1,2,142
"5658","30261649","Cozy room w attached bathroom",63152849,"Joey","North-East Region","Punggol",1.39973,103.91061,"Private room",68,2,2,"11.08.2019",0.59,2,356
"5661","30295299","★★MiniLoftBedroomCityFringe",20874965,"Marilyn","Central Region","Marine Parade",1.30744,103.89687,"Private room",50,1,3,"23.12.2018",0.34,8,55
"5663","30317231","Room for Rent 2",43043281,"Tina","Central Region","Kallang",1.31332,103.8592,"Private room",87,2,20,"29.07.2019",2.4,3,258
"5665","30353822","Cosy ensuite room in Luxurious Condo with 3 pools",14777132,"Joey","Central Region","Bishan",1.35231,103.85031,"Private room",81,1,9,"28.01.2019",1.02,1,27
"5666","30385249","Chinatown (2 Queen Beds) Family Boutique Hotel",221293047,"Terry","Central Region","Outram",1.28237,103.84231,"Private room",200,1,2,"02.06.2019",0.43,5,364
"5670","30385453","Chinatown (1 Queen Bed) Family Boutique Hotel",221293047,"Terry","Central Region","Outram",1.2837,103.84384,"Private room",100,1,3,"18.05.2019",0.41,5,329
"5671","30389028","Private bedroom and bathroom in beautiful condo",53281424,"Mairéad","Central Region","Downtown Core",1.27645,103.84845,"Private room",81,2,30,"18.08.2019",3.85,2,65
"5673","30410480","Downtown FireworksView Ensuite+livingRm (MM)",97878860,"Chelsey","Central Region","Outram",1.28324,103.84168,"Private room",75,90,1,"13.08.2019",1,59,356
"5674","30427429","Amazing view. Sleep like an angel",91024342,"Roshan D","Central Region","River Valley",1.29508,103.83751,"Private room",100,4,1,"01.08.2019",1,1,87
"5675","30448929","Nature wild life",7356768,"Miyuki","East Region","Pasir Ris",1.37741,103.9616,"Private room",60,1,1,"07.12.2018",0.11,1,330
"5676","30449744","Resort Living Sanctuary @ Changi",228617687,"Flemmin","East Region","Pasir Ris",1.35471,103.96739,"Private room",68,1,44,"25.08.2019",5.52,2,159
"5677","30453430","HighFloor More Space! Living rm + bedroom (3mths+)",201775246,"Hillary","Central Region","Outram",1.28386,103.84302,"Private room",60,90,1,"26.03.2019",0.19,48,356
"5681","30520209","1960s Windows Queenbed RmA @ lavender bugis",8948251,"Joey","Central Region","Kallang",1.31135,103.86234,"Private room",44,18,1,"23.03.2019",0.19,83,344
"5683","30524645","Enjoy your time",205502602,"Wonderland","East Region","Bedok",1.32077,103.91346,"Private room",69,1,4,"28.02.2019",0.57,1,0
"5684","30525191","Spacious ensuite room at Clarke Quay/ CBD",183775270,"Joe","Central Region","Singapore River",1.28906,103.84363,"Private room",81,5,6,"27.07.2019",1.13,5,10
"5685","30549602","HighFloor *juniorMaster City/Chinatown View Queen.",201775246,"Hillary","Central Region","Outram",1.28313,103.8428,"Private room",57,18,2,"11.02.2019",0.24,48,350
"5687","30571312","Lovely Master room with Private Bathroom/3mins MRT",145442500,"Jini","East Region","Bedok",1.323,103.91621,"Private room",71,2,13,"13.08.2019",1.59,7,73
"5690","30678047","Little India & Farrer Park Near Mustafa",114674497,"Mitul","Central Region","Rochor",1.31083,103.85262,"Private room",100,1,5,"02.08.2019",0.96,6,343
"5691","30695157","Pravite convenient condo room 1 near MRT",229758663,"Lisa","West Region","Jurong East",1.34427,103.73576,"Private room",64,2,12,"10.06.2019",1.45,1,62
"5692","30698302","Selvas crib",229781427,"Selva","East Region","Pasir Ris",1.36412,103.96196,"Private room",150,1,1,"18.12.2018",0.12,1,90
"5694","30758135","Mahattan",28175517,"Coco","East Region","Tampines",1.34041,103.95276,"Private room",119,1,1,"11.08.2019",1,1,0
"5695","30778537","selfcheckin singlebed *roomBr @ aljunied near MRT",201775246,"Hillary","Central Region","Geylang",1.31359,103.88223,"Private room",36,18,1,"11.01.2019",0.13,48,359
"5698","30815841","2 Queen Beds Room Suite/Wifi@Somerset/Orchard Area",10248444,"Rc","Central Region","River Valley",1.29453,103.83946,"Private room",140,2,21,"08.08.2019",2.76,48,300
"5699","30829908","Affordable Loft Studio in a Shophouse (Neil Road)",230280001,"Stacy","Central Region","Bukit Merah",1.27831,103.83617,"Private room",140,6,1,"18.08.2019",1,18,119
"5700","30878734","selfcheckin singlebed *roomA @ aljunied near MRT",201775246,"Hillary","Central Region","Geylang",1.3155,103.8809,"Private room",36,18,1,"21.12.2018",0.12,48,359
"5703","30898788","NEW En-suite Bedroom /WIFI near Orchard/Somerset",46685310,"L","Central Region","River Valley",1.29486,103.84006,"Private room",87,2,18,"14.07.2019",2.38,28,345
"5704","30900595","New & Compact Bedroom Suite /WIFI @Central/Orchard",109333133,"Pat","Central Region","River Valley",1.29662,103.8386,"Private room",82,2,12,"28.07.2019",1.6,18,343
"5705","30922260","Little pandan 2",174844031,"Ann","West Region","Jurong East",1.32151,103.7496,"Private room",35,7,4,"28.07.2019",0.48,2,251
"5706","30932212","lucky house",191969051,"Sarah","Central Region","Toa Payoh",1.33765,103.84416,"Private room",72,3,12,"20.08.2019",1.63,1,51
"5708","30950866","Cosy  En-Suite Bedroom/WIFI @ Orchard/Central area",46685310,"L","Central Region","River Valley",1.2956,103.83779,"Private room",87,2,7,"03.07.2019",0.86,28,339
"5709","30950869","New Private Room Suite/WIFI @Orchard/Somerset Area",46685310,"L","Central Region","River Valley",1.29727,103.83889,"Private room",83,2,9,"27.07.2019",1.17,28,342
"5710","30966211","Lavender QueenBed *rm54: 5m walk MRT",2413412,"Kaurus","Central Region","Kallang",1.30852,103.86265,"Private room",50,18,1,"01.03.2019",0.17,112,359
"5711","30970424","★★AmazingFamilyRoomOrchardMRT/ClarkeQuay★",5184040,"Beth","Central Region","Tanglin",1.29652,103.82925,"Private room",57,2,31,"31.07.2019",3.91,4,29
"5712","31029384","[NEW]Modern Loft BR in Central-2MINS to MRT&Food",44321809,"Kate","Central Region","Kallang",1.31026,103.86872,"Private room",118,3,23,"30.07.2019",3.12,4,48
"5713","31076781","Master room for 3 person ( Smoking Room )",20883050,"Alvin","Central Region","Geylang",1.31205,103.88132,"Private room",90,1,11,"11.08.2019",1.38,37,353
"5715","31094939","(S)Big Master with Private Bathroom/3mins  MRT",145442500,"Jini","East Region","Bedok",1.32237,103.91494,"Private room",96,3,2,"04.08.2019",2,7,10
"5716","31095224","(R)Cozy room with Private Bathroom/3mins  MRT",145442500,"Jini","East Region","Bedok",1.32159,103.91602,"Private room",74,2,7,"06.08.2019",0.95,7,2
"5717","31106977","Luke's",232462982,"Wankeun","Central Region","Newton",1.30545,103.83616,"Private room",160,1,11,"07.08.2019",1.54,3,70
"5719","31129905","highRise *Ensuite3 + PrivateLivingRm",8948251,"Joey","Central Region","Outram",1.2851,103.84295,"Private room",69,90,1,"29.12.2018",0.12,83,356
"5720","31152040","luke's master room",232462982,"Wankeun","Central Region","Newton",1.30619,103.83524,"Private room",110,1,13,"09.08.2019",1.63,3,64
"5721","31155160","HighFloor City/chinatown *Queenbed room",201775246,"Hillary","Central Region","Outram",1.28512,103.84277,"Private room",53,90,1,"19.05.2019",0.29,48,352
"5723","31197264","Best location - Chinatown walking street",212448129,"Atlantis","Central Region","Outram",1.28474,103.84352,"Private room",37,1,31,"12.08.2019",4.03,3,244
"5724","31201062","CBD Pool Facing Room near Clark Quay & Orchard",5117330,"Shan","Central Region","River Valley",1.29192,103.83889,"Private room",19,4,14,"24.08.2019",1.77,2,334
"5725","31201327","371A L2R3 private room with private toilet",33096269,"E C","Central Region","Geylang",1.31201,103.88644,"Private room",64,2,22,"22.08.2019",3.01,14,63
"5726","31204753","Ultra Modern Space & Luxurious Room in Balestier",2512249,"Evonne","Central Region","Novena",1.32769,103.86111,"Private room",50,3,5,"08.08.2019",0.71,1,56
"5727","31214273","Ideal place for travelers 3",20883050,"Alvin","Central Region","Geylang",1.31163,103.88146,"Private room",60,1,2,"25.03.2019",0.26,37,363
"5728","31216096","Common room in the East",32647857,"Adrian","East Region","Bedok",1.32132,103.95163,"Private room",42,90,1,"02.02.2019",0.14,2,251
"5729","31218304","Big ensuite bedroom in newly built house",220733620,"Lee","West Region","Jurong West",1.3392,103.69176,"Private room",100,1,6,"24.08.2019",0.78,3,179
"5730","31219674","Big ensuite bedroom in newly built house near NTU",220733620,"Lee","West Region","Jurong West",1.33888,103.69037,"Private room",100,1,4,"13.08.2019",0.52,3,364
"5731","31241900","Private Room Near MRT",21315137,"Ethan","Central Region","Geylang",1.3141,103.87675,"Private room",887,1,1,"25.01.2019",0.14,7,365
"5732","31247597","Awesome view! semi-Ensuite M292",2413412,"Kaurus","Central Region","Outram",1.28531,103.84162,"Private room",87,18,1,"01.02.2019",0.14,112,350
"5735","31293668","福大厦 超大主卧室",170378301,"Mei","Central Region","Rochor",1.30306,103.84806,"Private room",87,7,1,"06.02.2019",0.15,9,0
"5739","31300844","Master bedroom in the East",32647857,"Adrian","East Region","Bedok",1.32086,103.95001,"Private room",56,30,1,"28.01.2019",0.14,2,326
"5741","31326300","Cozy /windy room at $ 38 per night ( discounted)",132755501,"May","North Region","Yishun",1.42315,103.84248,"Private room",50,1,5,"01.05.2019",0.77,1,70
"5742","31351480","2 Bedroom 1 min walk to MRT near downtown",117734470,"Mandelyn","North-East Region","Serangoon",1.35024,103.86571,"Private room",189,3,3,"24.02.2019",0.41,8,0
"5743","31357872","Spacious room in Vivsters cozy home",48018398,"Vivian","North Region","Woodlands",1.42843,103.77711,"Private room",131,1,1,"30.01.2019",0.14,1,88
"5745","31376777","CDB pool facing room near Orchard & Clarke Quay",5117330,"Shan","Central Region","Singapore River",1.29173,103.83711,"Private room",90,10,14,"28.07.2019",1.82,2,306
"5746","31430589","Cosy Appartment",29004443,"Myvonne","Central Region","Rochor",1.3087,103.8506,"Private room",61,2,9,"06.08.2019",1.21,2,81
"5750","31520512","Private Room to Rent",131876267,"Aghita","Central Region","Bukit Timah",1.31321,103.80043,"Private room",60,2,14,"30.05.2019",1.85,1,158
"5751","31532527","Queens condo room available",204863401,"Ko","Central Region","Queenstown",1.29308,103.80709,"Private room",50,1,1,"06.02.2019",0.15,1,0
"5752","31532719","Farrer Park - Serenity in the heart of the city",236303515,"Catherine","Central Region","Kallang",1.31577,103.85544,"Private room",100,3,13,"31.07.2019",1.9,4,68
"5753","31548456","condo room with Great location",233236839,"Chao","North-East Region","Sengkang",1.38035,103.89479,"Private room",47,1,1,"14.01.2019",0.13,1,57
"5754","31551462","Master Romm in Condo - Esta Ruby",236482643,"Maud","Central Region","Geylang",1.31439,103.89419,"Private room",42,5,2,"25.01.2019",0.27,1,0
"5756","31573008","CitySkylines@Chinatown",49380207,"Ong","Central Region","Outram",1.28325,103.84138,"Private room",99,3,18,"09.08.2019",2.45,7,332
"5757","31589323","River view bliss",227215611,"Jj","Central Region","Kallang",1.31926,103.86329,"Private room",50,2,1,"21.04.2019",0.23,2,162
"5759","31627432","Private room in a charming heritage appartment",10548810,"Laetitia","Central Region","Novena",1.31672,103.8386,"Private room",64,2,18,"25.08.2019",2.78,1,7
"5760","31634142","Your personal space in the Heart of Singapore",236303515,"Catherine","Central Region","Kallang",1.31655,103.85478,"Private room",100,3,13,"26.08.2019",1.83,4,69
"5762","31684891","1BR Luxury Suite nearOchard RoadnextMRTClarkequay",158218013,"Z","Central Region","River Valley",1.2953,103.83591,"Private room",68,1,2,"28.06.2019",0.74,7,0
"5763","31685025","1Bed Room Luxury Suite near Ochard RoadnextMRT@Z03",158218013,"Z","Central Region","River Valley",1.2949,103.83752,"Private room",58,1,5,"28.06.2019",1.76,7,0
"5764","31687465","Cozy Lakeshore Home",87176632,"子杰","West Region","Jurong West",1.34678,103.72162,"Private room",50,1,1,"04.08.2019",1,1,362
"5767","31774152","common room @ punggol",150540513,"Nana","North-East Region","Punggol",1.41196,103.89907,"Private room",35,2,2,"31.05.2019",0.55,1,54
"5768","31775980","1BR cosy room near East Coast park",182179441,"Ailing","East Region","Bedok",1.32118,103.92055,"Private room",44,1,14,"18.08.2019",1.94,2,0
"5771","31812017","ORCHARD URBAN PARADISE-(common room)",233118337,"SugarKenn","Central Region","Newton",1.31633,103.8361,"Private room",119,4,23,"17.08.2019",3.77,3,327
"5772","31812483","Work Out in the comfort of your room in Chinatown",218722083,"Ann Siang","Central Region","Outram",1.28168,103.84646,"Private room",240,1,6,"21.08.2019",1.01,5,334
"5773","31812651","AN ORCHARD METROPOLIS-master bedroom",233118337,"SugarKenn","Central Region","Newton",1.31572,103.83458,"Private room",181,4,15,"23.08.2019",2.41,3,319
"5774","31820133","Singapore on your doorstep in bustling Bugis!",22043124,"Peter","Central Region","Downtown Core",1.29769,103.85582,"Private room",99,1,23,"21.08.2019",3.58,1,28
"5776","31854536","1 min to Paya Lebar  MRT/ Near Airport & Near City",14536173,"Ric","Central Region","Geylang",1.3152,103.89118,"Private room",50,3,16,"13.08.2019",2.7,3,37
"5778","31886652","A cosy room away from home Room#1",239009681,"Lina","East Region","Bedok",1.31078,103.92476,"Private room",81,2,8,"26.05.2019",1.18,2,232
"5780","31947200","Cozy home at the city fringe",82666657,"Calista","Central Region","Kallang",1.31505,103.84751,"Private room",100,1,1,"09.05.2019",0.27,1,0
"5781","31948394","quiet beautiful room in Singapore",118676322,"Apple","North-East Region","Hougang",1.37461,103.90443,"Private room",56,5,4,"25.07.2019",0.72,1,358
"5783","31960343","Rejuvenate & Recharge in Luxury In Chinatown",218722083,"Ann Siang","Central Region","Outram",1.28099,103.84635,"Private room",410,1,3,"28.06.2019",0.86,5,284
"5784","31960810","Experience Suite Living in the heart of Chinatown",218722083,"Ann Siang","Central Region","Downtown Core",1.2799,103.84668,"Private room",369,1,5,"21.08.2019",0.83,5,276
"5785","31965730","Newly Re-furbished Family (with Children) Room",10463855,"Siti Noordin","West Region","Choa Chu Kang",1.40156,103.74416,"Private room",78,2,3,"12.07.2019",0.83,3,365
"5786","32010385","Private Room -Panoramic View / Sky Park / near MRT",40375333,"Walter","Central Region","Geylang",1.3194,103.88009,"Private room",176,4,1,"17.07.2019",0.7,3,138
"5787","32024851","Hard Rock Hotel 硬石酒店 $300起",171199385,"Lee","Central Region","Southern Islands",1.25306,103.82268,"Private room",300,1,3,"14.07.2019",0.7,2,0
"5790","32027361","Highfloor *FullBathroom attached02 @ Chinatown/CBD",201775246,"Hillary","Central Region","Outram",1.28383,103.84314,"Private room",57,18,1,"01.06.2019",0.34,48,356
"5792","32035176","B5 Condo Room Near City 600m to Aljunied MRT",96467516,"Linda","Central Region","Geylang",1.31427,103.88585,"Private room",51,2,14,"02.07.2019",2.32,26,211
"5794","32035969","F4 Condo Room Near City 600m to Aljunied MRT",96467516,"Linda","Central Region","Geylang",1.31212,103.87846,"Private room",51,2,4,"20.08.2019",0.61,26,168
"5795","32053800","Your home in the heart of Singapore",236303515,"Catherine","Central Region","Kallang",1.31581,103.85464,"Private room",100,3,15,"06.08.2019",2.21,4,72
"5796","32160295","Private Room at UE Square/ River Valley Road",28801530,"May F C","Central Region","River Valley",1.29395,103.84165,"Private room",81,2,10,"26.08.2019",1.59,1,57
"5798","32177917","Bedok Residences Condominium common room",172933752,"颖","East Region","Bedok",1.32384,103.92846,"Private room",100,1,2,"20.03.2019",0.32,1,77
"5799","32205289","Evergreen park condo near hougang MRT",237131449,"Shangping","North-East Region","Hougang",1.36848,103.89754,"Private room",56,2,16,"03.08.2019",2.49,2,145
"5801","32227139","STANDARD ROOM",241820843,"Hau","Central Region","Geylang",1.31225,103.87821,"Private room",50,1,10,"24.05.2019",1.54,1,157
"5802","32242800","★Delightful CityCtrRoom/Orchard/ClarkeQuay★",5184040,"Beth","Central Region","Tanglin",1.29571,103.82925,"Private room",67,2,23,"10.08.2019",3.5,4,55
"5805","32303894","prewar singlebed RmA > lavender MRT",97878860,"Chelsey","Central Region","Kallang",1.31151,103.8621,"Private room",47,18,1,"05.03.2019",0.17,59,359
"5806","32324599","Evergreen park condo near hougang MRT",237131449,"Shangping","North-East Region","Hougang",1.36872,103.89837,"Private room",33,2,1,"03.06.2019",0.34,2,330
"5807","32341175","Family Room 6 Beds",196709892,"Anna","Central Region","Rochor",1.30391,103.85327,"Private room",156,1,2,"27.04.2019",0.31,5,363
"5808","32345618","Large Room w/ Private Terrace near Chinatown",242632689,"KeSa","Central Region","Outram",1.2803,103.84246,"Private room",200,5,4,"29.07.2019",1.74,4,351
"5810","32352184","Cozy Room in Hipster town!",9164793,"Michelle","Central Region","Bukit Merah",1.28375,103.83477,"Private room",75,1,2,"02.05.2019",0.43,5,0
"5811","32353763","Spacious Master-suite+PrivateBath in WEST region",205261995,"Liyx","West Region","Jurong East",1.33635,103.73911,"Private room",49,1,12,"08.08.2019",2.5,2,114
"5812","32376196","Awesome single rm for 1 @ Buona Vista near NUS(1)",1439258,"K2 Guesthouse","Central Region","Queenstown",1.28045,103.78673,"Private room",44,30,1,"30.04.2019",0.25,32,300
"5813","32385687","Double room near Chinatown with a Sky View",242632689,"KeSa","Central Region","Outram",1.27963,103.84101,"Private room",231,5,3,"26.07.2019",0.83,4,355
"5814","32388171","★ Cozy Private Master Bedroom in CBD ★",21328186,"Ken","Central Region","Rochor",1.30186,103.84834,"Private room",69,1,9,"15.07.2019",2.06,3,89
"5815","32388223","Stylish Urban Room near Chinatown",242632689,"KeSa","Central Region","Outram",1.27974,103.84091,"Private room",200,5,6,"12.08.2019",1.45,4,358
"5816","32419727","Woodland/Admiralty HDB common room for rent",37736471,"Goh","North Region","Woodlands",1.44218,103.80508,"Private room",31,1,2,"31.03.2019",0.33,1,0
"5817","32425547","★ Cozy Private Ensuite room in CBD ★",21328186,"Ken","Central Region","Rochor",1.30002,103.84824,"Private room",69,1,32,"22.08.2019",6,3,102
"5820","32488562","BRAND NEW Balcony rm2* @ tiong bahru heritage",2413412,"Kaurus","Central Region","Bukit Merah",1.28361,103.83377,"Private room",57,28,1,"21.02.2019",0.16,112,285
"5821","32520833","City area: private condo bedroom 20% discount",38934778,"Ian","Central Region","Bishan",1.35262,103.83555,"Private room",75,2,7,"30.06.2019",1.14,3,0
"5823","32527953","ORCHARD Central - common bedroom",233118337,"SugarKenn","Central Region","Newton",1.31621,103.8343,"Private room",140,4,7,"14.08.2019",1.56,3,338
"5824","32529061","★ Cozy Private Master Room ★ Dhoby Ghuat MRT NE6 ★",21328186,"Ken","Central Region","Rochor",1.30002,103.84745,"Private room",89,1,3,"22.07.2019",0.58,3,108
"5825","32537098","★★★BrilliantCityCtrRoom/Orchard/ClarkeQuay★",5184040,"Beth","Central Region","Tanglin",1.29432,103.82978,"Private room",60,2,32,"11.08.2019",5.33,4,46
"5826","32540140","温馨度假风",179652964,"Sara","North-East Region","Hougang",1.37013,103.89555,"Private room",69,1,1,"24.02.2019",0.16,1,54
"5827","32576311","BUDGET Spacious  Rm( 3-5 person) ( (Phone number hidden by Airbnb) )",18618387,"Joyce","Central Region","Queenstown",1.28122,103.78758,"Private room",137,2,1,"19.07.2019",0.73,18,365
"5828","32591743","Cozy Private Bedroom walking distance to Koven MRT",175000878,"Pámé","North-East Region","Hougang",1.3554,103.88965,"Private room",50,3,6,"26.08.2019",1.89,1,6
"5829","32596255","City Fringe Master Bedroom 5mins to MRT with Pool",153852953,"Ada","Central Region","Kallang",1.32183,103.86562,"Private room",94,7,4,"27.04.2019",0.8,2,0
"5832","32663173","Cosy private bedroom with holiday style facilities",43591543,"Donald","North Region","Sembawang",1.44577,103.82883,"Private room",60,10,9,"24.08.2019",1.73,15,161
"5834","32729464","kAweSome Ensuite 1+1 @ CBD/Chinatown NoWin Cal",2413412,"Kaurus","Central Region","Outram",1.28384,103.84152,"Private room",60,90,1,"01.08.2019",1,112,356
"5837","32755485","For Filipino only Masterbedroom with owned toilet",116380869,"Andrew","Central Region","Bukit Timah",1.32486,103.80905,"Private room",50,2,1,"14.04.2019",0.22,2,9
"5841","32777778","BIG windows *Ensuite4 @ Jalan Besar/Petain (3mth+)",201775246,"Hillary","Central Region","Kallang",1.3121,103.85781,"Private room",51,18,1,"04.08.2019",1,48,360
"5842","32777995","Lavender QueenBed *rmC: 5m walk MRT",2413412,"Kaurus","Central Region","Kallang",1.31181,103.86044,"Private room",49,18,1,"18.05.2019",0.29,112,359
"5843","32778749","Long-term City Living Next to MRT w Own Bathroom",4029612,"Jun","Central Region","Kallang",1.30811,103.86423,"Private room",99,89,1,"02.06.2019",0.34,1,141
"5845","32821771","prewar Tiong Bahru NEW Balcony window Rm2 near SGH",97878860,"Chelsey","Central Region","Bukit Merah",1.28518,103.83464,"Private room",57,28,1,"10.03.2019",0.17,59,285
"5847","32837771","New Comfy 2 Queen Beds Room-Suite @ City Central",10248444,"Rc","Central Region","River Valley",1.29709,103.83904,"Private room",144,2,13,"03.08.2019",2.35,48,313
"5848","32852502","3BR+2BA 7 Min Walk to Central Singapore orchard313",232352285,"Sunny","Central Region","River Valley",1.29737,103.83516,"Private room",381,2,8,"04.08.2019",1.45,8,286
"5850","32855533","Bright Cosy 1-Bedroom • Central Singapore",33323768,"Hailey","Central Region","Bukit Merah",1.28723,103.8206,"Private room",81,2,2,"26.04.2019",0.41,1,9
"5851","32874731","Hippy heritage *Balcony Window R2 (tiong bahru)",8948251,"Joey","Central Region","Bukit Merah",1.28525,103.8343,"Private room",57,28,1,"11.03.2019",0.18,83,285
"5852","32885958","NearTown FreeCarpark Nearby Mrt Swimmingpool GYM",163022216,"Bella","Central Region","Toa Payoh",1.34348,103.84179,"Private room",90,1,23,"27.08.2019",3.99,1,211
"5853","32888726","Lavender QueenBed rm2: 5m walk MRT",2413412,"Kaurus","Central Region","Kallang",1.30953,103.862,"Private room",50,18,1,"08.08.2019",1,112,359
"5854","32903872","★★★Charming CityCtrRoom/Orchard/ClarkeQuay★",5184040,"Beth","Central Region","Tanglin",1.29556,103.82926,"Private room",67,2,28,"12.08.2019",5.28,4,69
"5857","32922255","Master bedroom in White Haven condominium",29636499,"Teddy","Central Region","Queenstown",1.2905,103.77628,"Private room",62,1,3,"07.07.2019",0.7,1,0
"5860","32949544","prewar Tiong Bahru NEW Window *Rm1 near SGH",97878860,"Chelsey","Central Region","Bukit Merah",1.28449,103.83366,"Private room",57,18,1,"25.04.2019",0.24,59,341
"5861","32967543","3BR+3BA NEW DESIGN APT IN ORCHARD 313",220918641,"Sharon","Central Region","River Valley",1.29698,103.83474,"Private room",381,2,10,"23.06.2019",1.81,14,321
"5862","32967847","CLASSIC EN-SUITE 3BR+3BA AT CENTRAL ORACHRD 313",220918641,"Sharon","Central Region","River Valley",1.29755,103.83515,"Private room",381,2,5,"03.08.2019",1.38,14,300
"5863","32969463","Sunny Modern 4BR in a Spacious house(shared house)",43591543,"Donald","Central Region","Geylang",1.31289,103.9026,"Private room",700,2,10,"10.08.2019",1.85,15,42
"5867","32991938","Apartment close to City/Orchard Road",23874147,"Adrian","Central Region","Bukit Merah",1.28203,103.82377,"Private room",50,30,1,"26.04.2019",0.24,2,111
"5872","33076582","Hippy heritage new window *room1 (tiong bahru)",8948251,"Joey","Central Region","Bukit Merah",1.28298,103.83387,"Private room",57,18,1,"04.08.2019",1,83,341
"5876","33091874","Ananya’s house",225030682,"Anup","Central Region","Bukit Merah",1.28733,103.80854,"Private room",60,1,15,"25.08.2019",2.87,1,82
"5880","33141928","family room 5pax",247327132,"Dato Ong","Central Region","Geylang",1.31257,103.88399,"Private room",90,1,4,"26.08.2019",0.75,1,351
"5882","33174473","Awesome View Window *RmP @ Chinatown Apartment.",2413412,"Kaurus","Central Region","Outram",1.28345,103.84306,"Private room",60,90,1,"01.05.2019",0.25,112,289
"5883","33179094","Little India & Farrer Park Room No 02",114674497,"Mitul","Central Region","Rochor",1.31089,103.8525,"Private room",100,1,7,"11.08.2019",1.53,6,177
"5884","33199451","Female only-Windy High Floor Modern Lil' Apartment",2836231,"Hervie","Central Region","Kallang",1.32811,103.86288,"Private room",58,7,1,"25.04.2019",0.24,1,256
"5885","33208603","Designer Boutique Bedroom near Orchard",17351320,"Sharon","Central Region","Tanglin",1.29585,103.82795,"Private room",82,1,3,"17.08.2019",1.05,1,90
"5888","33244499","Private room & bath beside train. Newly renovated.",250308470,"Ky","West Region","Bukit Panjang",1.37791,103.76626,"Private room",44,5,9,"30.07.2019",2.06,1,87
"5889","33256808","You will never regrad to stay here",250431154,"Snekha","North Region","Woodlands",1.42971,103.78167,"Private room",47,1,2,"11.04.2019",0.43,1,179
"5892","33326852","Summer Inn夏日民宿02~3晚以上免费接机Free pickup for 3 nights",105418801,"Tommy","Central Region","Geylang",1.31036,103.8997,"Private room",81,2,3,"30.07.2019",1.96,2,12
"5893","33327052","Summer Inn夏日民宿01~3晚以上免费接机Free pickup for 3 nights",105418801,"Tommy","Central Region","Geylang",1.31041,103.89994,"Private room",81,2,6,"26.08.2019",1.46,2,15
"5894","33330793","Downtown Queenbed Room3 @ Chinatown",97878860,"Chelsey","Central Region","Outram",1.28313,103.84218,"Private room",58,90,1,"23.04.2019",0.23,59,352
"5895","33345624","Master BR with private bathroom in city@MRT",80570036,"Chris","Central Region","Geylang",1.31269,103.88693,"Private room",54,1,13,"30.06.2019",2.79,22,158
"5896","33375378","*Female only* Masterbedroom with private bathroom",17076425,"Yuki","Central Region","Marine Parade",1.3033,103.90068,"Private room",40,5,1,"08.07.2019",0.58,2,14
"5898","33407145","CENTRAL RIVER VALLEY WITH VARIOUS ROOMS AVAILABLE",187983099,"Pat","Central Region","River Valley",1.29346,103.83723,"Private room",65,5,1,"07.07.2019",0.57,2,180
"5899","33410537","Rustic energetic bedroom near airport",15425007,"Daniela","East Region","Bedok",1.32514,103.9436,"Private room",60,1,7,"18.08.2019",1.46,1,38
"5901","33437497","As good as a holiday home in BALI",21475020,"Carrie","East Region","Bedok",1.31351,103.93604,"Private room",81,2,1,"06.05.2019",0.26,1,0
"5902","33460906","Cozy Flat @ Jurong West",252091822,"Liu","West Region","Jurong West",1.33664,103.69558,"Private room",44,3,2,"02.07.2019",0.67,1,364
"5904","33464444","Big condo room with own bathroom near MRT and mall",247914709,"Chris","Central Region","Geylang",1.31314,103.89414,"Private room",90,2,3,"11.07.2019",0.63,4,363
"5905","33464704","Rivervale Delta [Room 1--- 2 single beds]",44797035,"Charles","North-East Region","Sengkang",1.39001,103.90749,"Private room",60,4,2,"12.05.2019",0.52,1,180
"5907","33476458","V Close-to-CBD En-Suite Room",8200399,"V/","Central Region","Geylang",1.31557,103.89025,"Private room",65,7,3,"29.06.2019",0.87,10,80
"5909","33534699","Luxurious Marina Bay Suites",252321435,"Amito","Central Region","Downtown Core",1.28009,103.85425,"Private room",199,1,4,"22.08.2019",1.13,2,120
"5910","33536365","Large Room@ Seletar",24038248,"Lim","North-East Region","Serangoon",1.38344,103.86916,"Private room",65,2,13,"16.08.2019",2.73,5,42
"5911","33549063","Cozy Private Room in Ang Mo Kio",107079541,"Cheng","North-East Region","Ang Mo Kio",1.36626,103.84143,"Private room",50,2,6,"18.08.2019",1.4,1,147
"5913","33573540","Cool room in central hipster area of SG",9234946,"Hani","Central Region","Bukit Merah",1.28249,103.82986,"Private room",56,90,1,"05.08.2019",1,5,274
"5919","33678741","Private Room in an Apt. at city center",155370562,"Rh","Central Region","Kallang",1.30892,103.85851,"Private room",60,1,9,"28.07.2019",3.97,1,150
"5921","33703185","位于波动巴西地铁站的房屋",254050334,"Hao","Central Region","Toa Payoh",1.33044,103.86787,"Private room",50,1,2,"22.04.2019",0.46,1,0
"5922","33722089","highrise heritage cityview queenbed room",8948251,"Joey","Central Region","Outram",1.28381,103.84227,"Private room",60,90,2,"09.06.2019",0.5,83,289
"5923","33734018","Modern private studio room EZS-7 with shared pool",68059127,"Wei","East Region","Bedok",1.32559,103.91636,"Private room",150,3,1,"10.08.2019",1,21,149
"5924","33740994","Blue Room",172761127,"Nuzaibah","North Region","Yishun",1.41619,103.84311,"Private room",65,1,1,"12.08.2019",1,2,179
"5925","33748928","Charming Room in the City",56421978,"Nancy","Central Region","Kallang",1.31634,103.85345,"Private room",75,2,4,"03.06.2019",0.96,7,58
"5926","33749647","Hotel 1887 Room 315 with Balcony and BreakFast",7614592,"Bryan","Central Region","Outram",1.28179,103.84328,"Private room",219,1,4,"11.08.2019",0.93,14,332
"5927","33772739","Master bedroom in Bukit Timah",36521097,"Sarah","Central Region","Bukit Timah",1.33406,103.78808,"Private room",56,1,5,"12.08.2019",2,1,342
"5928","33780494","Hotel 1887 Triple Room with BreakFast Chinatown",7614592,"Bryan","Central Region","Outram",1.28206,103.84486,"Private room",187,1,3,"06.07.2019",0.69,14,326
"5933","33840517","C studio - Modern house in the East",31731290,"Wansik","East Region","Bedok",1.32268,103.91499,"Private room",81,28,3,"24.06.2019",0.71,5,38
"5935","33843113","New comdo master room near jurong east MRT",124827904,"Lucy","West Region","Jurong East",1.33392,103.74122,"Private room",85,1,1,"21.08.2019",1,6,221
"5936","33885738","Chinatown@doorstep: Queenbed Room 891S*",2413412,"Kaurus","Central Region","Outram",1.28348,103.84215,"Private room",58,90,1,"29.05.2019",0.33,112,365
"5938","33895462","Missy's  Cabin",136519468,"Jing","Central Region","Kallang",1.32437,103.86613,"Private room",40,3,5,"02.06.2019",1.15,1,0
"5940","33912109","Super big room attached bathroom sparkling clean",225497332,"Lina","North Region","Woodlands",1.43098,103.7915,"Private room",60,1,8,"03.08.2019",2.73,1,177
"5941","33926472","Cozy Comfy Crib in Convenient location",256195136,"Angela","Central Region","Bukit Merah",1.272,103.82188,"Private room",58,2,12,"15.08.2019",4.34,1,32
"5944","33982287","Near Simei MRT station/ changi airport",24954522,"Yiping","East Region","Tampines",1.34441,103.95797,"Private room",40,1,4,"06.05.2019",0.95,1,0
"5945","33982757","[1888]Triple-2mins away from chinatown MRT",256587033,"Peter","Central Region","Outram",1.28325,103.84428,"Private room",181,1,2,"29.06.2019",0.95,6,358
"5946","33987008","Spacious master bedroom near town",256626330,"Jun","Central Region","Novena",1.32411,103.85472,"Private room",58,3,5,"11.08.2019",1.24,2,72
"5948","33999107","BRAND NEW Balcony rm2 @ tiong bahru (walk to SGH)",2413412,"Kaurus","Central Region","Bukit Merah",1.28538,103.83348,"Private room",57,28,1,"21.05.2019",0.3,112,285
"5951","34048589","Cosy Modern 2BR in a Spacious house(shared house)",43591543,"Donald","Central Region","Geylang",1.31415,103.90218,"Private room",700,2,9,"10.08.2019",2.14,15,131
"5952","34049857","公寓楼下泳池+地铁站+巴士总站+商场｡南洋理工大学NUS附近｡",183511167,"琳琳","West Region","Jurong West",1.33824,103.70681,"Private room",90,3,1,"08.07.2019",0.58,8,357
"5953","34050139","西部地铁站楼上｡有泳池的公寓+商场+MRT27绿色线｡近南洋理工大学NUS国大附近",183511167,"琳琳","West Region","Jurong West",1.34009,103.70637,"Private room",50,3,1,"14.07.2019",0.65,8,362
"5954","34052197","Amazing condo - 1 bedroom with private bathroom.",177788419,"Yann","West Region","Bukit Panjang",1.37126,103.76567,"Private room",42,1,7,"12.08.2019",2.02,1,0
"5956","34071208","Deluxe Double-2mins away from chinatown MRT",256587033,"Peter","Central Region","Outram",1.28238,103.8429,"Private room",181,1,1,"25.05.2019",0.31,6,352
"5957","34071596","Superior Double-2mins away from chinatown MRT",256587033,"Peter","Central Region","Outram",1.2831,103.84295,"Private room",190,1,2,"15.07.2019",0.5,6,348
"5958","34071837","Standard Double-2mins away from chinatown MRT",256587033,"Peter","Central Region","Outram",1.28219,103.84425,"Private room",181,1,7,"07.08.2019",2.23,6,343
"5959","34072244","[1888]Single Room-2mins away from chinatown MRT",256587033,"Peter","Central Region","Outram",1.28186,103.84308,"Private room",169,1,3,"11.08.2019",1.29,6,344
"5960","34073545","[1888] Family Room-2mins away from chinatown MRT",256587033,"Peter","Central Region","Outram",1.28207,103.84307,"Private room",281,1,2,"28.06.2019",0.68,6,244
"5961","34076777","1960s queenbed *RmP @ lavender bugis",8948251,"Joey","Central Region","Kallang",1.30995,103.86173,"Private room",58,18,1,"07.07.2019",0.57,83,340
"5962","34082010","selfcheckin singlebed room2 @ aljunied near MRT",201775246,"Hillary","Central Region","Geylang",1.31367,103.8826,"Private room",39,18,1,"19.06.2019",0.42,48,359
"5963","34111493","NEW En-suite Bedroom /WIFI near Orchard/Somerset",46685310,"L","Central Region","River Valley",1.29576,103.83985,"Private room",87,2,6,"04.07.2019",1.78,28,326
"5964","34111791","New Cosy Bedroom Suite @ Central/Somerset Area",46685310,"L","Central Region","River Valley",1.29698,103.83793,"Private room",87,2,6,"12.08.2019",2.22,28,328
"5967","34123744","Economic Central Common Room Outram Park",82725172,"Mike","Central Region","Bukit Merah",1.2741,103.83429,"Private room",79,2,4,"31.07.2019",1.01,9,362
"5968","34135630","小印度地鐵站旁泳池公寓",182278922,"添水","Central Region","Newton",1.3056,103.84766,"Private room",50,3,2,"06.06.2019",0.55,1,0
"5969","34186257","(Email hidden by Airbnb) window)",49380207,"Ong","Central Region","Outram",1.28504,103.84163,"Private room",68,3,9,"06.08.2019",2.5,7,353
"5971","34214140","Nature Reserve Guest House",236003988,"Joseph","West Region","Bukit Panjang",1.36144,103.76917,"Private room",29,1,14,"31.07.2019",3.65,1,46
"5973","34233502","V Master Ensuite Room close to CBD",8200399,"V/","Central Region","Geylang",1.31579,103.89064,"Private room",60,7,1,"12.05.2019",0.28,10,73
"5975","34236901","Family Room for 8 (Free Breakfast)",258477842,"Seven","Central Region","Rochor",1.30557,103.85297,"Private room",199,1,7,"17.08.2019",2.14,10,322
"5976","34237086","Family Room For 6 (Free Breakfast)",258477842,"Seven","Central Region","Rochor",1.30748,103.85335,"Private room",150,1,11,"24.08.2019",3.03,10,198
"5977","34237184","Family Room For 4 (Free Breakfast)",258477842,"Seven","Central Region","Rochor",1.30692,103.85112,"Private room",119,1,1,"21.07.2019",0.77,10,282
"5978","34237286","Family Room for 14 (Free Breakfast)",258477842,"Seven","Central Region","Rochor",1.30618,103.8527,"Private room",350,1,2,"15.06.2019",0.6,10,327
"5979","34243743","cosy elegant simple room for 198",96718721,"Helen","Central Region","Tanglin",1.29649,103.82718,"Private room",199,7,1,"27.06.2019",0.48,1,365
"5980","34244096","B1 • Minimalistic Room 5mins Train To MBS And City",3234859,"Sk","Central Region","Rochor",1.30324,103.86057,"Private room",110,1,8,"17.08.2019",2.31,9,138
"5981","34244551","B2 • Minimalistic Room 5mins Train To MBS And City",3234859,"Sk","Central Region","Kallang",1.30444,103.86159,"Private room",90,1,19,"22.08.2019",5,9,292
"5982","34246279","B3 • Minimalistic Rm 5mins train ride to MBS/City",3234859,"Sk","Central Region","Rochor",1.303,103.86012,"Private room",85,1,14,"23.08.2019",3.93,9,144
"5984","34287472","Spacious Common Room at East Coast Road",258870082,"Sky","East Region","Bedok",1.30725,103.91176,"Private room",44,5,2,"16.07.2019",0.56,4,180
"5985","34288316","prewar doublebed Rm1 > Lavender MRT.",97878860,"Chelsey","Central Region","Kallang",1.30969,103.86086,"Private room",50,18,1,"30.05.2019",0.33,59,359
"5988","34347084","★Brilliant City Fringe Queen Room ★",20874965,"Marilyn","Central Region","Marine Parade",1.30757,103.89601,"Private room",56,1,11,"08.08.2019",3.37,8,67
"5989","34363132","Cute room nearby Chinese Garden",259428299,"Lu","West Region","Jurong East",1.34828,103.73021,"Private room",44,4,1,"18.05.2019",0.29,1,122
"5990","34374315","downtown lovey 2 bed room near shoppin (Hidden by Airbnb)",117734470,"Mandelyn","Central Region","Novena",1.32712,103.84425,"Private room",169,4,5,"07.08.2019",1.5,8,80
"5993","34451448","Auburn Room in Heritage Award-Winning Shophouse",15655586,"Shuying","Central Region","Geylang",1.31325,103.88445,"Private room",100,6,1,"13.08.2019",1,12,60
"5994","34451764","Private room  near YCK MRT",12097664,"Liz","North-East Region","Ang Mo Kio",1.38051,103.84408,"Private room",62,2,1,"29.07.2019",1,1,164
"5995","34454047","CityView@Chinatown",49380207,"Ong","Central Region","Outram",1.28468,103.8416,"Private room",87,3,6,"13.08.2019",2.07,7,356
"5998","34486656","Nice bedroom in Resort setting",35666883,"Ethan","Central Region","Marine Parade",1.3025,103.90167,"Private room",100,1,10,"13.08.2019",5.66,7,363
"5999","34489654","Cozy Room @ Seletar",24038248,"Lim","North-East Region","Serangoon",1.38321,103.86789,"Private room",56,3,5,"14.08.2019",1.67,5,38
"6000","34543780","Near Sentosa Penthouse Private Room with Balcony",256900612,"T.L.","Central Region","Bukit Merah",1.27013,103.82044,"Private room",89,1,11,"25.08.2019",5.59,1,57
"6002","34548567","Spacious Room",51089157,"Saida","Central Region","Tanglin",1.31475,103.82871,"Private room",50,1,1,"23.05.2019",0.31,1,0
"6003","34582881","Double cosy bedroom near East Coast park",182179441,"Ailing","East Region","Bedok",1.32177,103.92133,"Private room",50,1,1,"05.06.2019",0.35,2,34
"6004","34604248","Private room",261076759,"Rhys","Central Region","Bukit Merah",1.27751,103.83076,"Private room",50,2,1,"12.07.2019",0.63,1,179
"6005","34610180","Room near Chinese Gardens for rent",6315161,"Tara","West Region","Jurong East",1.34293,103.73366,"Private room",50,5,2,"05.08.2019",0.74,1,0
"6006","34631198","Home-away-from Home | Lady Guest Preferred",1792409,"Mei Lin","Central Region","Kallang",1.32318,103.86506,"Private room",49,5,2,"31.07.2019",0.66,1,14
"6008","34639335","Cozy room near town",256626330,"Jun","Central Region","Novena",1.32438,103.85423,"Private room",53,3,1,"13.08.2019",1,2,75
"6016","34773071","Pinnacle@Doxton",248870187,"Camille","Central Region","Outram",1.27654,103.84104,"Private room",169,1,1,"04.06.2019",0.35,1,1
"6021","34791993","Master Room @Somerset/Orchard/Central Area",262337792,"Herman","Central Region","River Valley",1.29344,103.83648,"Private room",69,6,8,"20.08.2019",2.35,11,194
"6022","34818375","Private Room near Airport & Expo. 25 mins to city!",951965,"Arun","East Region","Tampines",1.36132,103.93392,"Private room",65,1,2,"21.07.2019",1.11,2,360
"6023","34834829","Beautiful New Clean Scandinavian Room",1920667,"Megan","Central Region","Bishan",1.35891,103.83134,"Private room",44,1,8,"22.07.2019",3.2,1,229
"6024","34870345","East coast common room#2",239009681,"Lina","East Region","Bedok",1.30933,103.92491,"Private room",58,2,6,"18.08.2019",2.25,2,326
"6027","34919150","Standard Queen Room - 2mins to Chinatown MRT",75539321,"Kelvin","Central Region","Outram",1.28305,103.84458,"Private room",90,1,8,"12.08.2019",2.79,5,306
"6030","34950613","Charming master bedroom in Kovan",10823332,"J","North-East Region","Hougang",1.36002,103.88036,"Private room",69,90,1,"31.07.2019",1,2,363
"6031","34964444","selfcheckin singlebed *roomCC @ aljunied near MRT",201775246,"Hillary","Central Region","Geylang",1.31588,103.88198,"Private room",39,18,1,"01.07.2019",0.51,48,359
"6032","34970076","great location&beautiful bedroom in Singapore",257748950,"Catherine","North-East Region","Sengkang",1.39106,103.90179,"Private room",74,14,1,"30.07.2019",1,1,66
"6033","34987853","Large Master Bedroom with Private Bathroom",263604602,"Karen","East Region","Bedok",1.32335,103.91496,"Private room",94,2,1,"14.07.2019",0.65,1,0
"6036","35021657","CLEAN & COSY  ROOM NEAR BUGIS MRT",263831162,"Lucinda","Central Region","Downtown Core",1.2985,103.85678,"Private room",58,2,20,"22.08.2019",6.32,5,49
"6037","35026116","Chinatown your doorstep: Queenbed Room 891",2413412,"Kaurus","Central Region","Outram",1.28337,103.84172,"Private room",58,90,1,"03.08.2019",1,112,365
"6039","35041403","3mins to Chinatown Mrt/ Quad Room shared bathroom",61762641,"BedsandDreams Inn@ Chinatown","Central Region","Outram",1.28361,103.84294,"Private room",160,1,2,"28.07.2019",1.62,6,363
"6041","35048987","Cozy Private Room with Pool-View @ Bugis!",173904781,"James","Central Region","Rochor",1.30125,103.85197,"Private room",60,30,1,"16.08.2019",1,8,55
"6042","35049439","CLEAN AND COSY WHITE ROOM IN CONVENIENT LOCATION",263831162,"Lucinda","Central Region","Downtown Core",1.29704,103.85787,"Private room",64,2,22,"16.08.2019",7.17,5,9
"6043","35067927","Convenient location in the heart of the city",126092431,"Zhe Ying","Central Region","Newton",1.3062,103.83477,"Private room",100,90,1,"26.05.2019",0.32,2,363
"6044","35077531","Stylish private single room in city centre",264230720,"Capsule Hotel","Central Region","Singapore River",1.28781,103.8496,"Private room",106,1,5,"26.07.2019",1.85,8,339
"6045","35077950","Stylish private queen room in city centre",264230720,"Capsule Hotel","Central Region","Singapore River",1.28862,103.84868,"Private room",119,1,3,"30.07.2019",1.73,8,348
"6046","35081515","Private bedroom(4) at CBD/End Orchard/No host stay",264262177,"Diane","Central Region","Rochor",1.30286,103.85034,"Private room",56,2,5,"11.08.2019",3,1,333
"6047","35098316","A little piece of heaven",16734568,"Letchumi","North-East Region","Serangoon",1.38446,103.86203,"Private room",56,3,1,"03.06.2019",0.34,1,152
"6048","35114618","SPACIOUS CLEAN MASTER ROOM NEAR BUGIS MRT",263831162,"Lucinda","Central Region","Downtown Core",1.29863,103.85751,"Private room",57,2,22,"20.08.2019",7.86,5,31
"6050","35145503","Comfy Room @JurongEast",205261995,"Liyx","West Region","Jurong East",1.33597,103.73639,"Private room",44,1,5,"27.08.2019",1.95,2,63
"6052","35180729","SPACIOUS CLEAN ROOM WITH 2 SINGLE BEDS NEAR BUGIS",263831162,"Lucinda","Central Region","Downtown Core",1.2968,103.85578,"Private room",67,2,24,"21.08.2019",8.37,5,58
"6055","35218052","Comfortable in Budget Shared bathroom 716",263650823,"Upin","Central Region","Kallang",1.31683,103.85736,"Private room",22,2,1,"01.07.2019",0.51,1,0
"6057","35233390","Cozy Room ( walking distance to MRT)",58558297,"Tricia","West Region","Choa Chu Kang",1.40374,103.75135,"Private room",35,5,3,"06.08.2019",1.5,2,62
"6058","35252100","Comfy Attached bathroom 712 central",265394304,"Olivia","Central Region","Kallang",1.31635,103.85768,"Private room",25,2,1,"28.06.2019",0.48,1,0
"6059","35265440","STYLISH COSY ROOM NEAR BUGIS",263831162,"Lucinda","Central Region","Downtown Core",1.29867,103.85764,"Private room",75,2,18,"24.08.2019",7.4,5,35
"6060","35268199","Fireworks view! hiriseEnsuiteN9 + PrivateLivingRm",8948251,"Joey","Central Region","Outram",1.28492,103.84276,"Private room",79,90,1,"08.08.2019",1,83,356
"6061","35272412","Relaxed Shared Bath Rm723 @ City Central",265554201,"Laavia","Central Region","Kallang",1.31484,103.85886,"Private room",22,2,1,"29.06.2019",0.49,1,0
"6062","35294557","Queen size bed room 1min to MRT",117734470,"Mandelyn","North-East Region","Serangoon",1.35107,103.86461,"Private room",87,7,2,"15.08.2019",2,8,69
"6065","35339024","Amazing location-Sunny Bedroom-Singapore",264712052,"Elizabeth","North-East Region","Sengkang",1.38787,103.87452,"Private room",74,20,1,"11.08.2019",1,1,96
"6067","35388422","Brand New Luxury Condo near SengKang",124253138,"Cc","North-East Region","Sengkang",1.38865,103.896,"Private room",44,1,3,"10.06.2019",1.06,1,16
"6070","35431690","Private and quiet room with attached toilet 别墅小主人房",266289317,"Hz","Central Region","Geylang",1.32073,103.90471,"Private room",81,90,2,"07.07.2019",0.98,5,169
"6073","35433520","Private rooms for family 别墅主人房套间适合家庭 宽敞舒适 针对陪读妈妈",266289317,"Hz","East Region","Bedok",1.32464,103.90617,"Private room",181,90,2,"12.08.2019",1,5,105
"6074","35434074","Cosy master room suitable for family安静宽敞大主人房 可容纳六人",266289317,"Hz","East Region","Bedok",1.32364,103.90728,"Private room",81,90,1,"24.06.2019",0.45,5,54
"6075","35442042","Room in the heart of west Singapore",84477256,"Maureen","West Region","Jurong West",1.33816,103.70479,"Private room",75,1,1,"19.07.2019",0.73,1,0
"6076","35495721","2BigRomsHighWallArtPaintingLandedLoftHouseCentre",258272068,"Colour","Central Region","Kallang",1.31862,103.85893,"Private room",219,1,1,"28.07.2019",0.94,2,169
"6078","35521707","Relaxed Budget Shared Bath 623",267252306,"Riva","Central Region","Kallang",1.31486,103.85788,"Private room",24,2,2,"01.08.2019",2,1,0
"6079","35556051","Smart Home Enabled Studio Apartment in the CBD",230280001,"Stacy","Central Region","Bukit Merah",1.27641,103.83673,"Private room",108,3,2,"25.08.2019",1.76,18,61
"6080","35556445","Newly furnished studio apartment in the city",230280001,"Stacy","Central Region","Bukit Merah",1.28878,103.82905,"Private room",99,5,1,"30.06.2019",0.5,18,65
"6086","35657732","Luke's 2nd family room",232462982,"Wankeun","Central Region","Newton",1.30631,103.83496,"Private room",150,1,6,"14.08.2019",3.67,3,66
"6087","35688118","Relaxed Private Budget Rm 612 Attached Bath",268100563,"Raja","Central Region","Kallang",1.31631,103.85913,"Private room",25,2,3,"07.08.2019",2.73,1,2
"6088","35689172","Shared Bath Cozy 616 Favourable Location",268107600,"Ashley","Central Region","Kallang",1.31705,103.85745,"Private room",24,2,3,"04.08.2019",1.73,1,1
"6089","35693085","Cozy house",6622262,"Seo","North Region","Woodlands",1.43411,103.79888,"Private room",65,2,4,"28.07.2019",1.85,1,0
"6093","35724882","Orchard guest room/Orchard/Orchard Road/Singapore",268727668,"Junio","Central Region","Orchard",1.30469,103.83336,"Private room",110,2,5,"27.08.2019",3.49,2,60
"6095","35733869","Common room In Dover Rise",48307592,"Julie","Central Region","Queenstown",1.30474,103.78499,"Private room",56,30,1,"02.07.2019",0.52,4,358
"6098","35744548","Resort-style Living in Serene Neighbourhood",6359940,"Grace","North-East Region","Hougang",1.35279,103.87746,"Private room",75,1,25,"25.08.2019",11.03,1,141
"6099","35747289","Capsule Family Room | Mins to Farrer Park MRT",268906890,"BEAT. Sports Hostel","Central Region","Kallang",1.30958,103.85785,"Private room",219,1,1,"26.07.2019",0.88,3,285
"6101","35770430","New Comfy Room Suite/ WIFI @ Orchard/Somerset Area",61619807,"Ong","Central Region","River Valley",1.29667,103.83844,"Private room",93,2,3,"08.07.2019",1.34,27,334
"6103","35773711","Spacious Family Room for 6 @ Lavender MRT",108773366,"RedDoorz","Central Region","Kallang",1.30864,103.8628,"Private room",160,1,1,"10.08.2019",1,109,164
"6106","35805260","Private room attached bath at city fringe up to 4",269348690,"Jan","East Region","Bedok",1.33522,103.90503,"Private room",94,2,6,"22.08.2019",4.09,3,35
"6108","35815836","10-Min Wonder",40438427,"Joy","Central Region","Bukit Merah",1.26863,103.8239,"Private room",85,1,5,"06.08.2019",3.33,1,364
"6109","35818107","6-pax Family Room | Mins walk to Farrer Park MRT",268906890,"BEAT. Sports Hostel","Central Region","Kallang",1.31172,103.86001,"Private room",150,1,4,"16.08.2019",2.55,3,275
"6111","35847292","Orchard guest room@Orchard Road@Orchard@Singapore",268727668,"Junio","Central Region","Newton",1.30537,103.83381,"Private room",94,2,12,"23.08.2019",5.63,2,44
"6113","35848637","A - Stylish Elegant Common Room in the City",225311799,"Ada","Central Region","Bukit Merah",1.28386,103.83337,"Private room",75,1,2,"06.08.2019",1.54,30,325
"6116","35851393","A - Brand New Spacious Room in City",225311799,"Ada","Central Region","Bukit Merah",1.28567,103.83304,"Private room",82,1,1,"24.06.2019",0.45,30,292
"6119","35896206","Shared Bath Comfy Rm 688 @ Central",268719878,"Naresh","Central Region","Kallang",1.31667,103.85783,"Private room",24,2,2,"28.07.2019",1.67,1,0
"6120","35902259","AIRPORT_SINGAPORE_PRIVATE ROOM_AC_WIFI_BUS/MRT",223008819,"Amit","East Region","Bedok",1.32019,103.94007,"Private room",40,1,11,"20.08.2019",5.08,1,69
"6121","35925040","Shared Bath Budget Rm 633 Central Location",268721804,"Joshua","Central Region","Kallang",1.31554,103.85786,"Private room",22,2,1,"30.07.2019",1,1,4
"6122","35933914","文礼地铁站8分钟豪华公寓日租房",270278864,"艾伦","West Region","Jurong West",1.33906,103.70654,"Private room",150,2,1,"07.07.2019",0.57,2,87
"6123","35936388","马林百烈",159173081,"Shi You","Central Region","Marine Parade",1.3042,103.91568,"Private room",44,1,3,"24.08.2019",1.55,2,170
"6125","35949995","Near CBD Cobdo 1 minute to MRT station",270423745,"Dongsu","Central Region","Geylang",1.31556,103.88523,"Private room",65,3,1,"31.07.2019",1,1,0
"6127","35956888","R31 Very Central Location Budget  Shared Bath",270469937,"Alisha","Central Region","Rochor",1.30939,103.85543,"Private room",24,2,4,"10.08.2019",2.35,1,0
"6129","35991648","Your Loft in the heart of Singapore",236303515,"Catherine","Central Region","Kallang",1.31694,103.85495,"Private room",90,3,6,"19.08.2019",2.95,4,76
"6130","36001391","Private Bedroom 2 @CBD/End of Orchard/No host stay",270851845,"Diane","Central Region","Rochor",1.30369,103.85004,"Private room",56,2,3,"01.08.2019",2.25,1,324
"6131","36001503","Luxurious Marina Bay Suite 1 room",252321435,"Amito","Central Region","Downtown Core",1.28009,103.84883,"Private room",189,1,1,"18.08.2019",1,2,345
"6133","36028778","The Pink House-Private Room with En-Suite Bathroom",271051581,"Lady","North-East Region","Sengkang",1.3938,103.87613,"Private room",68,2,8,"24.08.2019",4.53,2,122
"6137","36079599","Fort canning / Lovely master room",13909611,"Ye Eun","Central Region","Singapore River",1.29193,103.84288,"Private room",117,10,1,"26.07.2019",0.88,1,5
"6138","36080117","Cosy Private room",252457369,"Jeannie","North Region","Woodlands",1.43317,103.80033,"Private room",25,2,1,"12.08.2019",1,2,42
"6139","36101705","Private Room Shared bath up to 4 at city fringe",269348690,"Jan","North Region","Central Water Catchment",1.35314,103.81925,"Private room",56,2,4,"12.08.2019",2.73,3,27
"6140","36104316","Private room on the main line",36943118,"Mak","Central Region","Kallang",1.30768,103.86341,"Private room",99,1,9,"26.08.2019",4.91,1,70
"6141","36115270","A Cozy Nest Just Near The Farrer Park MRT",271302175,"James","Central Region","Kallang",1.31395,103.85433,"Private room",90,2,5,"31.07.2019",3,1,25
"6144","36129690","Condominium Bedroom near Clarke Quay",3437228,"Adrian","Central Region","Downtown Core",1.29139,103.84912,"Private room",208,1,3,"30.06.2019",1.45,2,85
"6146","36157278","Lavender QueenBed rm1: 5m walk MRT",2413412,"Kaurus","Central Region","Kallang",1.31004,103.86059,"Private room",49,18,1,"14.08.2019",1,112,359
"6151","36211556","Private Room for rent in a condo",84680057,"Anand","East Region","Pasir Ris",1.35857,103.96629,"Private room",75,1,1,"27.07.2019",0.91,1,85
"6152","36212391","Single room Near trains & food Clean quiet & windy",4850041,"Brandon","North Region","Woodlands",1.43104,103.7789,"Private room",18,2,8,"24.08.2019",5.11,3,0
"6154","36215866","Master bedroom in Ang Mo Kio/Yio Chu Kang",15928087,"Megan","North-East Region","Ang Mo Kio",1.38008,103.83893,"Private room",57,1,3,"05.08.2019",2.37,1,160
"6159","36249211","Marina Bay facing apartment on top of Bugis MRT",19177258,"Stephen","Central Region","Downtown Core",1.29959,103.85809,"Private room",100,1,1,"11.08.2019",1,2,0
"6160","36252983","Amazing En Suite Master Bedroom @Hillview near MRT",233602780,"Kit","West Region","Bukit Batok",1.35877,103.76344,"Private room",60,1,2,"20.07.2019",1.28,2,0
"6162","36264042","373 L2R4 Private Master Bedroom w Private Toilet",33096269,"E C","Central Region","Geylang",1.31246,103.88665,"Private room",69,2,5,"18.08.2019",3.33,14,75
"6163","36282256","Cozy Private Single Room in a condo",12259890,"Yvette","Central Region","Geylang",1.31625,103.89143,"Private room",40,3,2,"21.08.2019",2,1,1
"6164","36285087","371 Level 2 Room 4 Master bedroom w private toilet",33096269,"E C","Central Region","Geylang",1.3107,103.88827,"Private room",65,2,2,"29.07.2019",1.54,14,74
"6165","36303699","经济 健康 公寓",272421183,"Zhan Guang","West Region","Jurong West",1.35187,103.69626,"Private room",50,3,2,"08.08.2019",1.3,1,121
"6166","36321376","Central Area/High Floor/Easy transportation",85827180,"Shi","Central Region","Outram",1.27869,103.84066,"Private room",76,1,2,"28.07.2019",1.33,1,0
"6168","36360013","Peaceful Getaway @Hillview: Private Room near MRT",233602780,"Kit","West Region","Bukit Batok",1.35996,103.76216,"Private room",37,1,2,"27.07.2019",1.2,2,0
"6169","36391905","Cozy Comfy Common Room near airport/ LRT station",148489389,"UniWorld","North-East Region","Sengkang",1.39159,103.907,"Private room",26,5,2,"11.08.2019",2,3,86
"6170","36393846","Clean room near Orchard rented at cheap price",243835202,"Huang","Central Region","River Valley",1.29366,103.83692,"Private room",40,14,1,"06.08.2019",1,2,73
"6173","36457273","City centre room with private bathroom next to MRT",274113812,"Yvonne","Central Region","Kallang",1.30991,103.86359,"Private room",90,3,3,"24.08.2019",2.31,1,66
"6174","36465054","Nine residence apartment common room for rent",23456043,"Huiqing","North Region","Yishun",1.43254,103.84178,"Private room",60,1,4,"12.08.2019",3.16,1,356
"6176","36512493","SPACIOUS CLEAN MASTER ROOM NEAR BUGIS MRT",269189185,"Lucinda","Central Region","Downtown Core",1.29874,103.85743,"Private room",94,14,1,"11.07.2019",0.61,1,220
"6178","36529401","A month comfy room to stay!",230533062,"Nora","North-East Region","Sengkang",1.39044,103.90595,"Private room",33,1,2,"11.08.2019",1.58,1,0
"6179","36570785","Cozy Scandi Vibes",137302887,"Aces","North-East Region","Sengkang",1.39103,103.89511,"Private room",60,2,5,"20.08.2019",3.95,1,172
"6180","36581961","CBD Room Ensuite - IDEAL for Short Term Work",158158038,"James","Central Region","Downtown Core",1.27678,103.84616,"Private room",137,3,1,"24.07.2019",0.83,1,35
"6182","36605228","kEnsuiteM1 BrickwallRa @ Chinatown/CBD",2413412,"Kaurus","Central Region","Outram",1.28464,103.84343,"Private room",69,28,1,"15.08.2019",1,112,356
"6184","36639298","Hotel 1887 Double Room with breakfast",7614592,"Bryan","Central Region","Outram",1.2823,103.84441,"Private room",149,1,1,"19.07.2019",0.73,14,352
"6185","36642721","Cozy room with private Bathroom",99564980,"Cheryl","North-East Region","Serangoon",1.3461,103.87647,"Private room",51,4,1,"27.08.2019",1,1,261
"6186","36657397","Room for guests to stay",258301597,"Lone","North Region","Yishun",1.42301,103.84674,"Private room",42,2,1,"22.07.2019",0.79,1,343
"6187","36661323","阁楼里的主人房",165411332,"Zoe","Central Region","Novena",1.32912,103.84459,"Private room",58,3,1,"01.08.2019",1,1,178
"6188","36677768","Nearby Chinese Garden Master bed room",275685023,"Pingan","West Region","Jurong East",1.33467,103.74645,"Private room",60,4,1,"28.07.2019",0.94,1,261
"6190","36685099","New Hotel 1887 Double Room  with breakfast for 2",7614592,"Bryan","Central Region","Outram",1.28324,103.84448,"Private room",150,1,1,"12.08.2019",1,14,361
"6195","36812514","Evergreen park condo",276695204,"Yichen","North-East Region","Hougang",1.36765,103.89828,"Private room",31,2,5,"25.08.2019",3.85,1,163
"6196","36818265","Private Double Cabin.5 min walk to Chinatown MRT",223971227,"Fang","Central Region","Outram",1.2827,103.84576,"Private room",112,1,1,"12.08.2019",1,14,3
"6197","36832708","Ensuite room Orchard with private  washer & fridge",174094852,"Home","Central Region","River Valley",1.29922,103.83267,"Private room",108,5,1,"29.07.2019",1,5,11
"6199","36846626","Bedroom with air conditioning near commonwealth",43416974,"Haishi","Central Region","Queenstown",1.30188,103.79698,"Private room",67,1,2,"25.07.2019",1.46,1,5
"6200","36864938","Common room for rent at Hillview",29802296,"Andros","West Region","Bukit Batok",1.36581,103.76375,"Private room",65,1,1,"15.08.2019",1,1,344
"6201","36885560","Jade",228867,"Champ","West Region","Bukit Batok",1.34839,103.75014,"Private room",100,1,1,"19.08.2019",1,7,0
"6202","36888718","Balcony room for 2  @ EverGreen",20883050,"Alvin","Central Region","Geylang",1.30964,103.88176,"Private room",69,1,2,"09.08.2019",2,37,352
"6203","36891494","山景地铁站高档住宅区带泳池风景房",277268084,"Ni","West Region","Bukit Batok",1.36065,103.76277,"Private room",90,3,2,"27.07.2019",1.54,1,364
"6208","36989732","Many Guests Loved it Here",6157422,"Regina","North-East Region","Hougang",1.36669,103.89761,"Private room",50,5,1,"16.08.2019",1,2,354
"6210","37019237","Studio entire place near Novena Station",278109833,"Belle","Central Region","Novena",1.31976,103.84863,"Private room",136,1,2,"04.08.2019",2,31,28
"6211","37044271","5⭐️ New Condo clean Cozy Room-free bus/pool/gym/AC",37379638,"Jackie & Debbie","North Region","Yishun",1.43436,103.8456,"Private room",40,1,3,"23.08.2019",3,2,285
"6215","37141391","Master bedroom near to Boonlay MRT station",247935411,"Ranjith","West Region","Jurong West",1.33998,103.70232,"Private room",60,1,1,"02.08.2019",1,1,30
"6216","37160890","downtown night view common room condo",114489756,"Jessica","Central Region","Kallang",1.32586,103.86284,"Private room",50,1,1,"05.08.2019",1,3,302
"6236","37400847","Hotel 1887 - Super Single Room with breakfast",7614592,"Bryan","Central Region","Outram",1.28222,103.84438,"Private room",128,1,1,"17.08.2019",1,14,358
"6239","37409433","Value Thomson Hotel",282012486,"Salman","Central Region","Novena",1.32592,103.84232,"Private room",431,4,1,"25.08.2019",1,1,19
"6241","37419221","Close to NTU NUS IBP Ensuite in Jurong 近南大国大带卫生间",282120323,"Zhang","West Region","Jurong West",1.34274,103.7168,"Private room",60,2,1,"12.08.2019",1,1,25
"6245","37440161","Cosy room close to Airport& LRT",282327651,"Vivien","North-East Region","Sengkang",1.39246,103.90766,"Private room",33,1,1,"23.08.2019",1,1,326
"6246","37441599","Luxurious Stay next to Marina Bay Sands!",222223895,"Devesh","Central Region","Downtown Core",1.27567,103.85347,"Private room",167,1,4,"25.08.2019",4,2,198
"6249","37465752","Simple Room for Good Rest",228867,"Champ","West Region","Jurong West",1.34367,103.72086,"Private room",35,3,1,"13.08.2019",1,7,363
"6250","37471375","Main road orchard 2 bed rooms.",281898594,"Hanjin","Central Region","Orchard",1.30108,103.83788,"Private room",207,1,1,"25.08.2019",1,2,310
"6255","37514962","5Cozy Master Room New Condo Free bus/gym/pool/AC",179807029,"Debbie","North Region","Yishun",1.43574,103.84378,"Private room",131,1,2,"26.08.2019",2,1,300
"6259","37577304","Private stylish room with ensuite bathroom",8600508,"Helen","Central Region","Marine Parade",1.30171,103.90113,"Private room",169,2,1,"14.08.2019",1,1,365
"6270","37690516","cozy Condominium in quite neighbourhoods",165475492,"BOONChean","Central Region","Toa Payoh",1.34063,103.88219,"Private room",60,1,1,"12.08.2019",1,1,1
"6280","37798739","near Clementi MRT female only",157856583,"Elyssa","West Region","Clementi",1.30677,103.76224,"Private room",56,1,1,"17.08.2019",1,1,120
"6283","37852422","Private Room With King Size Bed Near Seng Kang MRT",119880789,"Christine","North-East Region","Sengkang",1.39324,103.89002,"Private room",60,1,1,"25.08.2019",1,1,298
"6343","1277919","SHORT TERM ACCOMODATION AT CLEMENTI",6954638,"Caleb","Central Region","Queenstown",1.29213,103.76913,"Shared room",50,5,11,"01.12.2018",0.27,9,343
"6344","1678744","Ladies-Only Shared Room @ Chinatown",8881470,"Wink","Central Region","Outram",1.28425,103.8432,"Shared room",50,1,134,"11.08.2019",1.91,5,301
"6345","1678754","Private Room for 6pax @ Chinatown",8881470,"Wink","Central Region","Outram",1.28446,103.8446,"Shared room",300,1,2,"11.03.2018",0.04,5,275
"6346","1678755","Mixed Shared Room @ Chinatown",8881470,"Wink","Central Region","Outram",1.28467,103.84327,"Shared room",50,1,83,"21.08.2019",1.22,5,298
"6347","3000736","16-Bed Mixed Dormitory",15295886,"Chloe","Central Region","Kallang",1.31047,103.86096,"Shared room",35,1,19,"06.04.2016",0.31,3,0
"6348","3142075","2Beds in 6 Beds Female Shared Room",10861133,"DropINN","Central Region","Kallang",1.31472,103.86022,"Shared room",44,1,5,"19.02.2017",0.08,11,365
"6349","3179080","12-Bed Ladies Dormitory",15295886,"Chloe","Central Region","Kallang",1.31086,103.85883,"Shared room",37,1,18,"01.01.2019",0.28,3,0
"6350","3479446","FEMALE DORMS in the heart of Chinatown!",17526618,"Royal","Central Region","Outram",1.28318,103.84335,"Shared room",31,1,137,"15.07.2019",2.25,13,359
"6351","3479493","Dorms... in the heart of Chinatown!",17526618,"Royal","Central Region","Outram",1.28458,103.84298,"Shared room",31,1,80,"10.11.2018",1.3,13,46
"6352","3639516","DORMS... in the heart of Chinatown!",17526618,"Royal","Central Region","Outram",1.28496,103.84318,"Shared room",31,1,192,"28.06.2019",3.1,13,46
"6353","3651408","DORMS... in the heart of Chinatown!",17526618,"Royal","Central Region","Outram",1.28439,103.84308,"Shared room",31,1,177,"11.08.2019",2.86,13,46
"6354","3717196","DORMS - In the heart of Chinatown!",17526618,"Royal","Central Region","Outram",1.28262,103.84487,"Shared room",31,1,18,"07.10.2018",0.3,13,365
"6355","3980858","The Heartlands of Sunny Singapore!",20546604,"Kat","North-East Region","Hougang",1.37318,103.90152,"Shared room",29,90,5,"11.02.2017",0.08,1,363
"6356","4054698","DORMS - In the heart of Chinatown!",17526618,"Royal","Central Region","Outram",1.28278,103.8445,"Shared room",31,1,44,"11.08.2019",0.77,13,363
"6357","4069756","DORMS - In the heart of Chinatown!",17526618,"Royal","Central Region","Outram",1.28332,103.8433,"Shared room",31,1,18,"12.08.2019",0.31,13,365
"6362","5676325","Holland Village Double Bedroom :0)",29431504,"Sonia","Central Region","Bukit Timah",1.31263,103.79793,"Shared room",61,1,10,"12.11.2015",0.2,1,0
"6366","6190850","TRIPLE-SHARING BED SPACE AVAILABLE",6954638,"Caleb","Central Region","Queenstown",1.29297,103.76953,"Shared room",19,5,3,"29.01.2018",0.08,9,350
"6367","6269622","TWIN SHARING BED SPACE AVAILABLE",6954638,"Caleb","Central Region","Queenstown",1.29154,103.76891,"Shared room",25,5,2,"09.10.2016",0.05,9,0
"6369","7255642","Comfort Apartment near Lakeside",23134103,"Cynthia","West Region","Jurong West",1.34207,103.71739,"Shared room",69,2,2,"06.09.2015",0.04,1,0
"6372","7996456","Room in heartlands",34262041,"Ivan","West Region","Jurong East",1.34193,103.73584,"Shared room",50,1,1,"20.11.2016",0.03,1,362
"6373","8195397","Premium Backpacker 8 Bed Mixed Dorm",43228625,"Gfourstation","Central Region","Rochor",1.30513,103.84969,"Shared room",28,1,115,"09.08.2019",2.39,14,355
"6374","8196180","Female 4 Bed Dormitory",43228625,"Gfourstation","Central Region","Rochor",1.30339,103.84884,"Shared room",33,1,18,"08.08.2019",0.38,14,345
"6375","8196359","Premium Backpacker 4 Bed Mixed Dorm",43228625,"Gfourstation","Central Region","Rochor",1.30475,103.84962,"Shared room",33,1,3,"26.06.2019",0.08,14,352
"6376","8196417","Premium Backpacker 6 Bed Mixed Dorm",43228625,"Gfourstation","Central Region","Rochor",1.30509,103.84896,"Shared room",31,1,38,"06.08.2019",0.8,14,347
"6377","8212422","Family room for 4 pax",43228625,"Gfourstation","Central Region","Rochor",1.30573,103.84885,"Shared room",131,1,25,"22.06.2019",0.55,14,348
"6378","8343880","Female only 4 Bed Dorm",43228625,"Gfourstation","Central Region","Rochor",1.30385,103.85095,"Shared room",33,1,6,"23.07.2019",0.15,14,357
"6379","8345350","Premium Backpacker 8 Bed Mixed Dorm",43228625,"Gfourstation","Central Region","Rochor",1.30352,103.85056,"Shared room",28,1,70,"24.07.2019",1.54,14,349
"6380","8345921","Premium Backpacker 2 Bed Mixed Dorm",43228625,"Gfourstation","Central Region","Rochor",1.30412,103.84905,"Shared room",36,1,7,"29.07.2019",0.15,14,358
"6381","8355592","6 bed dorms",43228625,"Gfourstation","Central Region","Rochor",1.30397,103.84928,"Shared room",31,1,11,"29.07.2019",0.25,14,350
"6383","8625349","Beary's 9 Bed Ladies Dorm (Per Bed)",45368183,"Beary Best Hostel","Central Region","Outram",1.28476,103.84589,"Shared room",28,1,6,"21.07.2019",0.16,9,363
"6384","8626676","Beary's 6 Bed Mixed Dorm (Per Bed)",45368183,"Beary Best Hostel","Central Region","Outram",1.28365,103.84637,"Shared room",32,1,15,"19.01.2019",0.34,9,360
"6385","8654132","Beary's 8 Bed Mixed Dorm (Per Bed)",45368183,"Beary Best Hostel","Central Region","Outram",1.28285,103.8445,"Shared room",28,1,34,"18.08.2019",0.74,9,364
"6386","8654673","Ladies Only Dorm with Ensuite Bathroom (per bed)",45368183,"Beary Best Hostel","Central Region","Outram",1.2842,103.84444,"Shared room",32,1,19,"17.08.2019",0.41,9,356
"6389","8897560","SINGLE BED CAPSULE IN HOSTEL RM 2",46545593,"Meadows","Central Region","Kallang",1.31251,103.86023,"Shared room",22,1,38,"29.06.2018",0.81,17,365
"6390","8914905","Private Room for 7pax @ Chinatown",8881470,"Wink","Central Region","Outram",1.28307,103.84395,"Shared room",315,1,1,"18.03.2019",0.18,5,275
"6391","9142805","Diva's Bed/Shared Room @citycentre- Female only",47611818,"Jessie","Central Region","Rochor",1.29913,103.85316,"Shared room",31,2,50,"08.08.2019",1.11,14,303
"6392","9143024","DOUBLE BED IN CAPSULE HOSTEL RM 2",46545593,"Meadows","Central Region","Kallang",1.3149,103.85021,"Shared room",44,1,34,"01.08.2018",0.75,17,365
"6394","9321841","1Bed in 6 Beds Female Shared Room",10861133,"DropINN","Central Region","Kallang",1.31401,103.8588,"Shared room",26,1,26,"20.07.2019",0.56,11,365
"6396","9358969","1BED in 8 Beds Mixed Room",10861133,"DropINN","Central Region","Kallang",1.31471,103.85904,"Shared room",25,1,9,"07.03.2019",0.21,11,358
"6397","9403596","2BEDs in 8 Beds Mixed Room",10861133,"DropINN","Central Region","Kallang",1.31449,103.85896,"Shared room",50,1,8,"24.01.2017",0.17,11,365
"6398","9669437","Spacious shared apt at Normanton Pk",49968561,"Anshuman","Central Region","Queenstown",1.2882,103.7925,"Shared room",25,1,1,"18.12.2015",0.02,1,0
"6399","9683612","Female only 4 Bed Dorm",43228625,"Gfourstation","Central Region","Rochor",1.30366,103.85097,"Shared room",29,1,11,"12.10.2018",0.25,14,356
"6400","9716208","Private Pod in Mix 14 Dorm (1)",50158481,"Dream Lodge","Central Region","Kallang",1.31153,103.85984,"Shared room",35,1,80,"10.08.2019",1.78,8,358
"6401","9738917","Couple/Double Pod in Mix 14 Dorm",50158481,"Dream Lodge","Central Region","Kallang",1.31169,103.86033,"Shared room",69,1,4,"09.06.2019",0.1,8,362
"6402","9866651","Private Pod in Mix 14 Dorm (2)",50158481,"Dream Lodge","Central Region","Kallang",1.3129,103.86146,"Shared room",35,1,12,"01.01.2018",0.28,8,363
"6403","9866904","Pods...right outside the action!",50158481,"Dream Lodge","Central Region","Kallang",1.31132,103.86153,"Shared room",35,1,25,"28.02.2018",0.64,8,362
"6404","9866917","Your Private Pod Outside The City (1)",50158481,"Dream Lodge","Central Region","Kallang",1.31284,103.86089,"Shared room",35,1,67,"27.05.2018",1.55,8,363
"6405","9866970","Your Private Pod Outside The City (2)",50158481,"Dream Lodge","Central Region","Kallang",1.31232,103.86178,"Shared room",35,1,11,"05.02.2018",0.25,8,360
"6406","9869425","Couple Pods....Right outside the City!",50158481,"Dream Lodge","Central Region","Kallang",1.31292,103.85983,"Shared room",69,1,6,"06.10.2017",0.14,8,363
"6407","9896783","SINGLE BED CAPSULE IN HOSTEL RM 3",46545593,"Meadows","Central Region","Kallang",1.3108,103.85995,"Shared room",22,1,68,"25.08.2019",1.53,17,365
"6408","9910891","Front/Side Entry Deluxe Space Pod@MET Boat Quay",50960671,"Justin","Central Region","Singapore River",1.2866,103.85051,"Shared room",50,1,36,"24.12.2018",0.8,2,140
"6410","9915648","SINGLE BED CAPSULE IN HOSTEL RM4",46545593,"Meadows","Central Region","Kallang",1.3109,103.86107,"Shared room",22,1,27,"20.11.2018",0.61,17,365
"6411","9967697","Beary's 10 Bed Mixed Dorm (Per Bed)",45368183,"Beary Best Hostel","Central Region","Outram",1.28331,103.84625,"Shared room",26,1,21,"06.02.2019",0.48,9,361
"6412","10001615","Front/Side Entry Premier Space Pod @MET Boat Quay",50960671,"Justin","Central Region","Singapore River",1.28672,103.84831,"Shared room",56,1,39,"15.06.2019",0.87,2,269
"6413","10020525","SINGLE BED CAPSULE IN HOSTEL RM5",46545593,"Meadows","Central Region","Kallang",1.31195,103.86113,"Shared room",22,1,14,"15.02.2017",0.31,17,365
"6414","10020690","DOUBLE BED IN CAPSULE HOSTEL RM4",46545593,"Meadows","Central Region","Kallang",1.31053,103.86147,"Shared room",44,1,24,"04.08.2018",0.54,17,365
"6415","10021140","DOUBLE BED IN CAPSULE HOSTEL RM5",46545593,"Meadows","Central Region","Kallang",1.31178,103.86169,"Shared room",44,1,7,"02.02.2017",0.16,17,365
"6416","10021704","COSY SINGLE BED CAPSULE IN HOSTEL 3",46545593,"Meadows","Central Region","Kallang",1.31244,103.85954,"Shared room",22,1,80,"27.08.2019",1.84,17,357
"6417","10023519","COSY SINGLE BED CAPSULE IN HOSTEL 8",46545593,"Meadows","Central Region","Kallang",1.31028,103.86029,"Shared room",22,1,25,"16.09.2018",0.57,17,363
"6418","10027442","COSY SINGLE BED CAPSULE IN HOSTEL 9",46545593,"Meadows","Central Region","Kallang",1.31011,103.85956,"Shared room",22,1,26,"18.08.2019",0.59,17,364
"6419","10030323","COSY SINGLE BED CAPSULE IN HOSTEL 2",46545593,"Meadows","Central Region","Kallang",1.3106,103.86112,"Shared room",22,1,66,"21.08.2019",1.53,17,354
"6420","10040456","COSY SINGLE BED CAPSULE IN HOSTEL 7",46545593,"Meadows","Central Region","Kallang",1.31139,103.86002,"Shared room",22,1,5,"19.08.2017",0.13,17,365
"6421","10040828","COSY SINGLE BED CAPSULE IN HOSTEL 1",46545593,"Meadows","Central Region","Kallang",1.31325,103.86168,"Shared room",18,1,51,"12.08.2019",1.18,17,321
"6422","10040969","DOUBLE BED CAPSULE IN HOSTEL RM3",46545593,"Meadows","Central Region","Kallang",1.31088,103.86117,"Shared room",44,1,52,"07.02.2019",1.17,17,365
"6423","10041012","DOUBLE BED CAPSULE IN HOSTEL RM6",46545593,"Meadows","Central Region","Kallang",1.31079,103.86171,"Shared room",39,1,25,"07.08.2019",0.56,17,364
"6424","10106290","新国际女神聚居地 Divas place@ City centre-Female only",47611818,"Jessie","Central Region","Rochor",1.30024,103.8529,"Shared room",31,2,35,"25.05.2019",0.97,14,332
"6425","10459862","Diva's Bed/Shared Room @citycentre-FEMALE ONLY",47611818,"Jessie","Central Region","Rochor",1.30011,103.85396,"Shared room",31,2,28,"09.08.2019",0.95,14,345
"6427","10478373","Diva's Bed/Shared Room @citycentre-Female only!",47611818,"Jessie","Central Region","Rochor",1.30044,103.85173,"Shared room",28,2,82,"22.06.2019",1.89,14,313
"6428","10479544","Diva's Bed/Shared Room @citycentre-FEMALE ONLY",47611818,"Jessie","Central Region","Rochor",1.2982,103.8523,"Shared room",28,2,76,"28.06.2019",1.9,14,349
"6429","11262375","Premium Backpacker 8 Bed Mixed Dorm",43228625,"Gfourstation","Central Region","Rochor",1.30349,103.84881,"Shared room",39,1,5,"15.07.2019",0.12,14,358
"6432","11646465","3mins to Chinatown Mrt/one bed in 6-bed mixed dorm",61762641,"BedsandDreams Inn@ Chinatown","Central Region","Outram",1.28263,103.84434,"Shared room",40,1,1,"07.10.2016",0.03,6,307
"6433","12211385","Queen Capsule for 2 (Free Breakfast)",65679130,"Seven","Central Region","Kallang",1.31137,103.85738,"Shared room",58,1,21,"18.08.2019",0.52,18,352
"6434","12345284","Single Capsule For 1 (Free Breakfast)",65679130,"Seven","Central Region","Kallang",1.31058,103.8579,"Shared room",29,1,81,"03.08.2019",2,18,357
"6435","12347038","Single Capsule for 1 (Free Breakfast)",65679130,"Seven","Central Region","Kallang",1.30949,103.85878,"Shared room",29,1,67,"17.07.2019",1.66,18,360
"6436","12365867","Single Capsule For 1 (Free Breakfast)",65679130,"Seven","Central Region","Kallang",1.3091,103.8592,"Shared room",29,1,8,"20.07.2017",0.21,18,359
"6437","12366660","Single Capsule For 1 (Free Breakfast)",65679130,"Seven","Central Region","Kallang",1.31114,103.85727,"Shared room",29,1,3,"02.04.2017",0.08,18,360
"6438","12366821","Single Capsule For 1 (Free Breakfast)",65679130,"Seven","Central Region","Kallang",1.30966,103.8575,"Shared room",26,1,95,"23.08.2019",2.38,18,344
"6439","12366958","Single Capsule For 1 (Free Breakfast)",65679130,"Seven","Central Region","Kallang",1.31051,103.85755,"Shared room",29,1,23,"20.03.2019",0.57,18,358
"6440","12367042","Single Capsule For 1 (Free Breakfast)",65679130,"Seven","Central Region","Kallang",1.31091,103.85759,"Shared room",26,1,3,"07.08.2017",0.09,18,360
"6441","12367245","Single Capsule For 1 (Free Breakfast)",65679130,"Seven","Central Region","Kallang",1.3103,103.85867,"Shared room",26,1,48,"23.08.2019",1.26,18,341
"6442","12367388","Single Capsule for 1 (Free Breakfast)",65679130,"Seven","Central Region","Kallang",1.30892,103.85933,"Shared room",26,1,134,"27.08.2019",3.35,18,332
"6443","12367610","Queen Capsule for 2 (Free Breakfast)",65679130,"Seven","Central Region","Kallang",1.3098,103.85803,"Shared room",58,1,11,"14.04.2019",0.29,18,359
"6448","12525276","FEMALE DORMS in the heart of Chinatown!",17526618,"Royal","Central Region","Outram",1.2843,103.84435,"Shared room",31,1,9,"12.06.2019",0.23,13,361
"6451","13129971","Female share room in the heart of city centre",47611818,"Jessie","Central Region","Rochor",1.2985,103.85096,"Shared room",28,2,55,"08.08.2019",1.69,14,126
"6452","13274269","DORMS - Excellent location in Chinatown",17526618,"Royal","Central Region","Outram",1.28304,103.84485,"Shared room",31,1,12,"01.01.2018",0.31,13,365
"6453","13274598","DORMS - Excellent location in Chinatown",17526618,"Royal","Central Region","Outram",1.28453,103.84359,"Shared room",31,1,8,"05.08.2019",0.2,13,364
"6454","13354987","***1 mins walk to MRT train station",47894524,"Alex","West Region","Jurong West",1.33878,103.70399,"Shared room",69,2,8,"01.06.2018",0.43,2,0
"6458","13924029","TRIPLE-SHARING BED SPACE AVAILABLE",6954638,"Caleb","West Region","Clementi",1.29461,103.76891,"Shared room",19,5,3,"03.03.2018",0.08,9,354
"6459","13929091","TRIPLE-SHARING BED SPACE AVAILABLE",6954638,"Caleb","West Region","Clementi",1.29396,103.76872,"Shared room",19,5,6,"09.06.2019",0.17,9,352
"6460","14009803","TRIPLE-SHARING BED SPACE AVAILABLE",6954638,"Caleb","West Region","Clementi",1.295,103.76895,"Shared room",19,5,4,"06.04.2018",0.14,9,355
"6461","14332483","Single Bed in 6 Bed Mixed Dorm",87731750,"Gap Year","Central Region","Kallang",1.31607,103.86023,"Shared room",22,1,33,"17.08.2019",0.89,8,191
"6462","14381353","Capsule Pod Single Bed in 10 Mix Share Room",87411537,"Keith","Central Region","Outram",1.28353,103.8458,"Shared room",37,1,37,"11.08.2019",1,7,361
"6463","14432097","Capsule Pod Single Bed in 10 Female Share Room",87411537,"Keith","Central Region","Outram",1.28385,103.84525,"Shared room",37,1,7,"10.01.2019",0.19,7,360
"6464","14489603","Single Capsule  Pod in Mixed Dorm",87731750,"Gap Year","Central Region","Kallang",1.31446,103.8585,"Shared room",19,1,60,"06.05.2019",1.63,8,210
"6465","14496725","Capsule Pod Single Bed in 12 Female Share Room",87411537,"Keith","Central Region","Outram",1.28359,103.84591,"Shared room",31,1,31,"21.07.2019",0.84,7,359
"6466","14496852","Capsule Pod Single Bed in 12 Mix Share Room",87411537,"Keith","Central Region","Outram",1.28504,103.84371,"Shared room",31,1,35,"14.07.2019",0.95,7,359
"6467","14750235","Bed Space for male - Aljunied MRT",91165081,"Chong","Central Region","Geylang",1.31467,103.88208,"Shared room",28,6,1,"17.12.2018",0.12,10,317
"6468","15133689","TWIN SHARING BED SPACE AVAILABLE",6954638,"Caleb","West Region","Clementi",1.29171,103.76738,"Shared room",25,5,7,"16.06.2018",0.29,9,332
"6470","15439131","Double Room with queen size bed at great location",65526303,"Js","Central Region","Queenstown",1.30531,103.78379,"Shared room",81,2,2,"11.08.2018",0.06,3,0
"6471","15895531","For Startups & Entrepreneurs - 10 Bed Capsule Dorm",103099105,"Tribe Theory","Central Region","Outram",1.28118,103.84532,"Shared room",50,1,60,"21.08.2019",1.86,4,353
"6472","15905849","For Startups & Entrepreneurs - Queen in 18 Bed",103099105,"Tribe Theory","Central Region","Downtown Core",1.27992,103.84483,"Shared room",69,1,25,"05.04.2019",0.81,4,331
"6473","15934708","The Tran's House (Master Bedroom) near MRT/Bus",45711035,"Tomy","East Region","Bedok",1.33135,103.94103,"Shared room",90,2,5,"25.04.2017",0.15,1,0
"6474","16183428","Instant Double Bed Capsule",46545593,"Meadows","Central Region","Kallang",1.31192,103.86088,"Shared room",44,1,10,"30.01.2019",0.34,17,364
"6475","16522880","Clean Dorms - Steps from Chinatown MRT! (per bed)",100353323,"Royal","Central Region","Outram",1.2847,103.84302,"Shared room",28,1,16,"16.11.2018",0.5,8,180
"6476","16524551","Female Dorms - Unbeatable Location in Chinatown!",100353323,"Royal","Central Region","Outram",1.28353,103.84432,"Shared room",31,1,10,"02.08.2019",0.32,8,180
"6477","16812677","14 Beds Mixed Dorm(1) (with windows)",63448912,"River City Inn","Central Region","Singapore River",1.28725,103.84788,"Shared room",19,1,21,"14.06.2019",0.66,43,358
"6478","16813107","10 Bed Mixed Dorm(1) (with windows)",63448912,"River City Inn","Central Region","Singapore River",1.28824,103.84652,"Shared room",24,1,15,"30.06.2019",0.48,43,355
"6479","16813277","9 Bed Female Dorm(1)",63448912,"River City Inn","Central Region","Singapore River",1.28847,103.84662,"Shared room",29,1,6,"10.02.2018",0.2,43,348
"6480","16813372","6 Bed Mixed Dorm(1)",63448912,"River City Inn","Central Region","Singapore River",1.2881,103.84625,"Shared room",29,1,26,"15.01.2019",0.82,43,353
"6482","16830368","10 Bed Mixed Dorm(3) (with windows)",63448912,"River City Inn","Central Region","Singapore River",1.28699,103.84674,"Shared room",24,1,5,"01.05.2019",0.18,43,363
"6483","16830438","10 Bed Mixed Dorm(4) (with windows)",63448912,"River City Inn","Central Region","Singapore River",1.28655,103.84833,"Shared room",29,1,2,"26.12.2018",0.06,43,0
"6484","16830539","14 Bed Mixed Dorm(2) (with windows)",63448912,"River City Inn","Central Region","Singapore River",1.28769,103.84678,"Shared room",19,1,20,"03.07.2019",0.67,43,341
"6485","16830612","14 Bed Mixed Dorm(3) (with windows)",63448912,"River City Inn","Central Region","Singapore River",1.28673,103.84794,"Shared room",19,1,2,"05.08.2017",0.08,43,358
"6486","16830660","14 Bed Mixed Dorm(4) (with windows)",63448912,"River City Inn","Central Region","Singapore River",1.28829,103.84799,"Shared room",21,1,8,"03.02.2018",0.27,43,0
"6487","16830746","6 Bed Mixed Dorm(2)",63448912,"River City Inn","Central Region","Singapore River",1.28787,103.84683,"Shared room",29,1,2,"03.06.2017",0.07,43,348
"6488","16830915","9 Bed Female Dorm (2)",63448912,"River City Inn","Central Region","Singapore River",1.28702,103.84796,"Shared room",29,1,8,"08.03.2019",0.27,43,348
"6489","16831020","9 Bed Female Dorm (3)",63448912,"River City Inn","Central Region","Singapore River",1.28716,103.84686,"Shared room",29,1,1,"04.09.2017",0.04,43,349
"6490","16831108","9 Bed Female Dorm (4)",63448912,"River City Inn","Central Region","Singapore River",1.2871,103.84752,"Shared room",29,1,12,"16.06.2018",0.4,43,335
"6491","16863370","Divas's Place  Female share room at city centre",47611818,"Jessie","Central Region","Rochor",1.30007,103.85154,"Shared room",32,2,11,"15.05.2019",0.35,14,359
"6492","16865763","4 Bed Mixed Dorm(1)",63448912,"River City Inn","Central Region","Singapore River",1.287,103.84691,"Shared room",39,1,4,"01.05.2019",0.13,43,22
"6493","16945653","Divas bed/share room at City centre-Female only",47611818,"Jessie","Central Region","Rochor",1.29739,103.85231,"Shared room",29,2,11,"21.05.2019",0.43,14,351
"6494","16964241","Clean Dorms - Steps from Chinatown MRT! (Per Bed)",100353323,"Royal","Central Region","Outram",1.28286,103.84467,"Shared room",31,1,34,"11.08.2019",1.1,8,357
"6497","17414394","Queen Bed Capsule in Clean Hostel(Price for 2 Pax)",117765997,"Meadows Lavender","Central Region","Kallang",1.31206,103.85989,"Shared room",46,1,16,"20.01.2019",0.58,2,365
"6498","17657915","Cube Boutique Capsule Hotel",120170647,"Cube","Central Region","Outram",1.28386,103.84229,"Shared room",50,1,71,"22.07.2019",2.37,1,365
"6499","17672050","SIngle Capsule Bed in Clean Hostel",117765997,"Meadows Lavender","Central Region","Kallang",1.31092,103.86036,"Shared room",24,1,40,"27.01.2019",1.34,2,365
"6500","17805144","Hostel Space (Triple Sharing) @ Amicus Residences",6954638,"Caleb","Central Region","Queenstown",1.29218,103.76796,"Shared room",19,5,9,"19.03.2019",0.35,9,80
"6502","17912340","FLPFLP",49238649,"Jieyang","West Region","Clementi",1.29778,103.76436,"Shared room",150,1,1,"23.02.2019",0.16,1,90
"6503","18165035","1-bed in 10-Bed Mix Dormitory..",125105902,"Heritage","Central Region","Outram",1.28164,103.84348,"Shared room",32,1,23,"21.07.2019",1.18,7,68
"6506","19164675","Luxury hostel with in-cabin locker - Single mixed",646629,"Adler","Central Region","Outram",1.28128,103.84659,"Shared room",35,1,15,"04.08.2019",0.77,15,360
"6509","19164680","Luxury hostel with in-cabin locker - Single mixed",646629,"Adler","Central Region","Outram",1.28228,103.84638,"Shared room",35,1,1,"26.03.2018",0.06,15,360
"6510","19164681","Luxury hostel with in-cabin locker - Single mixed",646629,"Adler","Central Region","Outram",1.28132,103.8464,"Shared room",35,1,4,"12.05.2018",0.21,15,360
"6511","19164682","Luxury hostel with in-cabin locker - Single mixed",646629,"Adler","Central Region","Outram",1.28146,103.84564,"Shared room",35,1,3,"27.10.2018",0.15,15,360
"6514","19164690","Luxury hostel with in-cabin locker - Single mixed",646629,"Adler","Central Region","Outram",1.28309,103.84457,"Shared room",40,1,11,"02.06.2018",0.56,15,360
"6515","19164691","Luxury hostel with in-cabin locker - Single mixed",646629,"Adler","Central Region","Downtown Core",1.28092,103.84504,"Shared room",35,1,1,"08.03.2018",0.06,15,358
"6516","19164693","Luxury hostel with in-cabin locker - Single mixed",646629,"Adler","Central Region","Outram",1.28122,103.84464,"Shared room",35,1,3,"19.03.2018",0.15,15,360
"6517","19164694","Luxury hostel with in-cabin locker - Single mixed",646629,"Adler","Central Region","Outram",1.28111,103.84427,"Shared room",35,1,11,"18.05.2019",0.57,15,360
"6518","19164720","Luxury hostel w/ cabin locker - Single female only",646629,"Adler","Central Region","Outram",1.28103,103.84626,"Shared room",35,1,66,"11.08.2019",2.51,15,158
"6519","19164733","Luxury hostel with in-cabin locker - Single mixed",646629,"Adler","Central Region","Outram",1.28313,103.84514,"Shared room",35,1,25,"05.08.2019",0.96,15,171
"6520","19164741","Premium double beds - Luxury hostel- Females only",646629,"Adler","Central Region","Outram",1.28228,103.84588,"Shared room",60,1,15,"25.07.2019",0.57,15,164
"6521","19683255","Coach Sofa at Tanjong Pagar",41159118,"Eva","Central Region","Bukit Merah",1.27648,103.83792,"Shared room",60,1,1,"24.09.2017",0.04,1,173
"6522","20027881","EwanAlong Homestay",134251549,"Ewan","East Region","Tampines",1.35765,103.95269,"Shared room",40,2,1,"22.08.2017",0.04,1,0
"6524","20181595","Clean Dorms - Steps from Chinatown MRT! (Per Bed)",100353323,"Royal","Central Region","Outram",1.28305,103.84378,"Shared room",31,1,2,"18.11.2018",0.1,8,365
"6526","20181944","Female Dorms - Unbeatable Location in Chinatown!",100353323,"Royal","Central Region","Outram",1.28416,103.84508,"Shared room",31,1,1,"30.04.2019",0.25,8,365
"6527","20836357","6 Bed Mixed Dorm(3)",63448912,"River City Inn","Central Region","Singapore River",1.28816,103.84599,"Shared room",29,1,1,"07.01.2019",0.13,43,352
"6528","20836530","6 Bed Mixed Dorm(4)",63448912,"River City Inn","Central Region","Singapore River",1.28837,103.84664,"Shared room",31,1,2,"25.03.2018",0.09,43,351
"6529","20836628","6 Bed Mixed Dorm(5)",63448912,"River City Inn","Central Region","Singapore River",1.2877,103.8462,"Shared room",31,1,1,"24.12.2017",0.05,43,352
"6530","20836629","6 Bed Mixed Dorm(6)",63448912,"River City Inn","Central Region","Singapore River",1.28797,103.84794,"Shared room",31,1,2,"11.11.2018",0.12,43,350
"6531","20838902","9 Bed Female Dorm(5)",63448912,"River City Inn","Central Region","Singapore River",1.28834,103.84686,"Shared room",29,1,8,"11.12.2018",0.34,43,349
"6532","20838903","9 Bed Female Dorm(6)",63448912,"River City Inn","Central Region","Singapore River",1.28838,103.84629,"Shared room",29,1,3,"27.08.2018",0.19,43,327
"6533","20838905","9 Bed Female Dorm(7)",63448912,"River City Inn","Central Region","Singapore River",1.28781,103.84665,"Shared room",29,1,1,"28.02.2018",0.05,43,349
"6534","20838906","9 Bed Female Dorm(8)",63448912,"River City Inn","Central Region","Singapore River",1.28714,103.84771,"Shared room",29,1,3,"06.06.2018",0.16,43,339
"6535","20838910","9 Bed Female Dorm(9)",63448912,"River City Inn","Central Region","Singapore River",1.28633,103.84811,"Shared room",29,1,2,"28.04.2018",0.09,43,349
"6539","20840013","14 Bed Mixed Dorm(9) (with windows)",63448912,"River City Inn","Central Region","Singapore River",1.28782,103.84619,"Shared room",26,1,6,"03.05.2019",0.63,43,359
"6540","20840015","14 Bed Mixed Dorm(10) (with windows)",63448912,"River City Inn","Central Region","Downtown Core",1.2863,103.84782,"Shared room",19,1,1,"11.10.2018",0.09,43,343
"6542","20840018","14 Bed Mixed Dorm(12) (with windows)",63448912,"River City Inn","Central Region","Singapore River",1.28773,103.8478,"Shared room",19,1,1,"25.04.2018",0.06,43,358
"6545","20841135","14 Bed Mixed Dorm(5) (with windows)",63448912,"River City Inn","Central Region","Singapore River",1.28817,103.84768,"Shared room",26,1,1,"21.11.2018",0.11,43,359
"6549","20842922","10 Bed Mixed Dorm(8) (with windows)",63448912,"River City Inn","Central Region","Singapore River",1.2878,103.84756,"Shared room",29,1,1,"19.11.2018",0.11,43,361
"6552","21037930","Weifen's home",151527816,"Weifen","West Region","Choa Chu Kang",1.37724,103.7374,"Shared room",69,1,1,"22.07.2018",0.07,1,362
"6553","21114838","1-bed in 6-Bed female dormitory",125105902,"Heritage","Central Region","Outram",1.28059,103.8439,"Shared room",32,1,9,"18.07.2019",0.47,7,72
"6554","21195180","(6 bedder room) Students' hostel 3 mins from NUS",153080781,"WeiIn","Central Region","Queenstown",1.29195,103.76923,"Shared room",31,1,12,"28.07.2018",0.54,8,17
"6555","21361474","B (1 of 6 beds) Students' hostel 3 mins from NUS",153080781,"WeiIn","Central Region","Queenstown",1.29242,103.76895,"Shared room",25,1,19,"16.08.2019",0.87,8,238
"6556","21415749","Luxury Capsule (Single - Mixed) [Kampong Glam]",151316863,"Cheryl","Central Region","Rochor",1.30251,103.8587,"Shared room",44,1,117,"21.08.2019",5.8,7,365
"6557","21416331","Luxury Capsule (Single-Female Only) [Kampong Glam]",151316863,"Cheryl","Central Region","Rochor",1.30076,103.8603,"Shared room",44,1,39,"25.08.2019",1.91,7,365
"6558","21416445","Luxury Capsule (Queen - Mixed)[Kampong Glam]",151316863,"Cheryl","Central Region","Rochor",1.30272,103.86018,"Shared room",90,1,9,"26.07.2019",0.47,7,361
"6559","21629960","A (1 of 6 beds) Students' hostel 3 mins from NUS",153080781,"WeiIn","Central Region","Queenstown",1.29201,103.76832,"Shared room",25,1,36,"28.07.2019",1.79,8,228
"6562","22183984","Home away from home",162057511,"Ah Heok","North Region","Woodlands",1.44718,103.79966,"Shared room",65,2,1,"17.12.2017",0.05,1,0
"6564","22723316","Commonwealth drive",167682818,"Rohan","Central Region","Bukit Timah",1.31032,103.79526,"Shared room",32,1,1,"15.01.2018",0.05,1,0
"6565","22733254","Female Divas bed/share room @city centre",47611818,"Jessie","Central Region","Rochor",1.29825,103.85128,"Shared room",31,2,16,"04.04.2019",0.91,14,338
"6566","22734583","Diva's bed/share room at Bugis -female only",47611818,"Jessie","Central Region","Rochor",1.29839,103.85171,"Shared room",33,2,25,"19.05.2019",1.3,14,338
"6567","22973504","C (1 of 6 beds) Students' hostel 3 mins from NUS",153080781,"WeiIn","Central Region","Queenstown",1.29207,103.76904,"Shared room",25,1,18,"17.08.2019",1.14,8,156
"6568","23136281","Spacious room with ensuite bathroom (2 pax+)",11280282,"Chester","East Region","Pasir Ris",1.37046,103.96356,"Shared room",33,1,3,"21.02.2018",0.16,2,0
"6569","23382264","For Startups & Entrepreneurs - 18 Bed Capsule Dorm",103099105,"Tribe Theory","Central Region","Outram",1.28131,103.84676,"Shared room",50,1,2,"04.08.2019",0.11,4,359
"6570","23507483","Brand new cosy hostel@city centre(Single capsule)",175566234,"Quek","Central Region","Downtown Core",1.29909,103.85794,"Shared room",40,1,22,"22.04.2019",1.21,9,123
"6571","23549024","Brand new cosy hostel@city centre(Single capsule)",175566234,"Quek","Central Region","Downtown Core",1.29836,103.85616,"Shared room",40,1,39,"23.07.2019",2.15,9,355
"6572","23567609","Brand new cosy hostel@city centre(Queen capsule)",175566234,"Quek","Central Region","Downtown Core",1.29703,103.8559,"Shared room",64,1,9,"14.02.2019",0.53,9,81
"6573","23678562","Brand new cosy hostel@city centre(Single capsule)",175566234,"Quek","Central Region","Downtown Core",1.29861,103.85582,"Shared room",42,1,10,"03.03.2019",0.66,9,121
"6575","23927987","Single Capsule near Farrer park/Little India MRT",108773366,"RedDoorz","Central Region","Rochor",1.30774,103.852,"Shared room",26,1,2,"30.04.2019",0.35,109,365
"6576","23930541","Boutique hostel 2 minutes from Little India MRT",108773366,"RedDoorz","Central Region","Rochor",1.30792,103.85075,"Shared room",26,1,1,"24.02.2019",0.16,109,365
"6577","23930805","Bed & Breakfast in dormitory near Farrer Park MRT",108773366,"RedDoorz","Central Region","Rochor",1.30799,103.85035,"Shared room",26,1,5,"28.06.2019",0.8,109,365
"6578","23931149","Double Capsule in hostel on Race Course Road",108773366,"RedDoorz","Central Region","Rochor",1.30807,103.85136,"Shared room",50,1,4,"02.08.2019",0.53,109,365
"6581","24347116","Brand new cosy hostel@city centre-Female Only Room",175566234,"Quek","Central Region","Downtown Core",1.29721,103.8564,"Shared room",40,1,13,"14.07.2019",0.9,9,111
"6582","24506236","Boutique Capsule - Brand New",182727326,"Atlantis","Central Region","Kallang",1.3162,103.85901,"Shared room",32,1,29,"08.08.2019",2.09,7,334
"6583","24506481","Brand New Boutique Capsule",182727326,"Atlantis","Central Region","Kallang",1.31502,103.85919,"Shared room",32,1,13,"04.08.2019",0.81,7,358
"6584","24506830","SPACE CAPSULE - NEW EXPERIENCE",182727326,"Atlantis","Central Region","Kallang",1.31493,103.85839,"Shared room",32,1,18,"10.08.2019",1.14,7,357
"6585","24506976","ATLANTIS PODS @ LITTLE INDIA",182727326,"Atlantis","Central Region","Kallang",1.3162,103.85987,"Shared room",32,1,15,"30.06.2019",0.91,7,351
"6586","24511491","Private Pod at Beary Nice Pod Hostel",45368183,"Beary Best Hostel","Central Region","Outram",1.28271,103.84606,"Shared room",50,1,2,"09.08.2018",0.15,9,365
"6587","24527257","Atlantis Pods @ Little India. Capsule Hotel",182727326,"Atlantis","Central Region","Kallang",1.31653,103.85768,"Shared room",32,1,4,"10.06.2019",0.25,7,358
"6588","24696324","Gusti Bed & Breakfast - 1 Single Bed (Shared)",98644049,"Gusti","Central Region","Kallang",1.30982,103.86189,"Shared room",26,1,3,"30.07.2019",1.67,5,349
"6593","24810174","@1-bed in 10-Bed Mix Dormitory",125105902,"Heritage","Central Region","Outram",1.28081,103.8454,"Shared room",32,1,5,"12.01.2019",0.33,7,0
"6595","25815030","Single room at river valley",102052937,"Marisca","Central Region","River Valley",1.29453,103.83703,"Shared room",81,2,9,"17.08.2019",0.62,2,82
"6596","26170424","Campbell Inn Dorm - Rochor Station",196709892,"Anna","Central Region","Rochor",1.30461,103.85294,"Shared room",18,1,18,"27.07.2019",1.36,5,358
"6598","27115191","hipstercity - Single Private Bed with Shared Bath",176676798,"Hipstercity","Central Region","Singapore River",1.28672,103.84751,"Shared room",62,2,6,"02.07.2019",0.53,4,295
"6599","27117950","hipstercity - Private Double Bed with shared Bath",176676798,"Hipstercity","Central Region","Singapore River",1.28878,103.84765,"Shared room",75,1,5,"21.08.2019",0.44,4,323
"6600","27118511","hipstercity - Deluxe Triple Bed in Mixed Dorm",176676798,"Hipstercity","Central Region","Singapore River",1.28816,103.8461,"Shared room",118,2,4,"09.08.2019",0.31,4,268
"6601","27302197","D (1 of 6 beds) Students' hostel 3 mins from NUS",153080781,"WeiIn","Central Region","Queenstown",1.29261,103.76986,"Shared room",25,1,6,"13.06.2019",0.59,8,149
"6602","27302911","E (1 of 6 beds) Students' hostel 3 mins from NUS",153080781,"WeiIn","Central Region","Queenstown",1.29241,103.76817,"Shared room",25,1,3,"22.07.2019",0.35,8,116
"6604","27350082","Single Bed in 8 Bed Mixed Dorm in Lavender",129072054,"Dex","Central Region","Kallang",1.30932,103.86344,"Shared room",26,1,1,"21.07.2019",0.77,4,363
"6607","28125905","Boutique Capsule Hotel @ Chinatown",212448129,"Atlantis","Central Region","Outram",1.28267,103.84508,"Shared room",37,1,39,"12.08.2019",3.46,3,304
"6608","28165463","Trendy Poshtel Capsules",212448129,"Atlantis","Central Region","Outram",1.28381,103.84468,"Shared room",37,1,23,"26.07.2019",1.99,3,316
"6610","28554971","Divas bed/share room at Bugis-Female only",47611818,"Jessie","Central Region","Rochor",1.29982,103.85171,"Shared room",28,2,7,"12.08.2019",0.73,14,266
"6611","28767536","RedDoorz Hostel @ Kallang MRT",108773366,"RedDoorz","Central Region","Kallang",1.31048,103.8724,"Shared room",25,1,15,"08.08.2019",1.52,109,343
"6613","28788262","Bed in female dormitory @ Kallang MRT",108773366,"RedDoorz","Central Region","Kallang",1.31013,103.87247,"Shared room",26,1,1,"21.10.2018",0.1,109,360
"6614","28794509","Bed in dormitory at 3 minute walk from Kallang MRT",108773366,"RedDoorz","Central Region","Kallang",1.30981,103.8718,"Shared room",25,1,8,"07.08.2019",0.74,109,357
"6615","28989951","1 Bed in Twin Room@Assemblage@362 Holland Road",218507225,"Assemblage","Central Region","Bukit Timah",1.3126,103.79622,"Shared room",40,7,2,"23.02.2019",0.24,8,141
"6617","28998161","Single Pod (Side Entry) in a Mixed Shared Room",209260798,"The Pod","Central Region","Rochor",1.30189,103.86171,"Shared room",40,1,3,"05.04.2019",0.31,8,365
"6620","29161818","1 Bed in Bunk Bed Room@Assemblage@362 Holland Road",218507225,"Assemblage","Central Region","Bukit Timah",1.31176,103.79587,"Shared room",35,7,2,"16.02.2019",0.24,8,146
"6621","29259721","Shared dorm room (female only)",220445318,"Rosie","North-East Region","Sengkang",1.39328,103.89557,"Shared room",19,1,6,"12.12.2018",0.61,1,0
"6622","29319213","Bed in Boutique Hostel @ Geylang Rd",108773366,"RedDoorz","Central Region","Kallang",1.31041,103.87337,"Shared room",21,1,1,"26.04.2019",0.24,109,360
"6623","29319567","Bed in dormitory near National Stadium",108773366,"RedDoorz","Central Region","Kallang",1.30956,103.87175,"Shared room",21,1,1,"24.05.2019",0.31,109,359
"6625","29320287","Boutique Hostel near Singapore Sports Hub",108773366,"RedDoorz","Central Region","Kallang",1.30958,103.87341,"Shared room",21,1,7,"15.06.2019",0.7,109,360
"6626","29320487","Bed in female dormitory near National Stadium",108773366,"RedDoorz","Central Region","Kallang",1.3105,103.87398,"Shared room",24,1,1,"20.01.2019",0.14,109,360
"6627","29494532","1 Bed in Twin Room@Assemblage@362 Holland Road",218507225,"Assemblage","Central Region","Bukit Timah",1.31269,103.79584,"Shared room",40,7,2,"23.03.2019",0.23,8,159
"6628","29495154","Bunk Bed 2@Assemblage@362 Holland Road",218507225,"Assemblage","Central Region","Bukit Timah",1.3117,103.79627,"Shared room",35,7,6,"04.08.2019",0.79,8,163
"6629","29525240","Chinatown - Luxury [Female Only] Queen Capsule",138468223,"Kay","Central Region","Outram",1.2838,103.84235,"Shared room",100,1,2,"10.04.2019",0.31,6,358
"6630","29525299","Chinatown - Luxury [Female Only] Single Capsule",138468223,"Kay","Central Region","Outram",1.28273,103.84243,"Shared room",50,1,3,"31.12.2018",0.32,6,358
"6631","29525951","Chinatown - Luxury [Mixed] Single Capsule",138468223,"Kay","Central Region","Outram",1.28354,103.84243,"Shared room",50,1,14,"20.03.2019",1.48,6,362
"6632","29526045","Chinatown - Luxury [Mixed] Queen Capsule",138468223,"Kay","Central Region","Outram",1.28199,103.84353,"Shared room",100,1,21,"15.07.2019",2.12,6,361
"6634","30190695","RedDoorz Hostel @ Clarke Quay",108773366,"RedDoorz","Central Region","Singapore River",1.28768,103.84794,"Shared room",31,1,4,"03.07.2019",0.79,109,363
"6635","30304295","Happy Snail Hostel - 1 bed in 8 person mixed dorm",13043889,"Happysnail","Central Region","Bukit Merah",1.27713,103.83199,"Shared room",19,2,1,"28.12.2018",0.12,2,353
"6638","30940363","Twin Single bed 3@Assemblage  362 Holland Road",218507225,"Assemblage","Central Region","Bukit Timah",1.31146,103.79579,"Shared room",40,7,3,"06.08.2019",0.38,8,358
"6640","31361482","Bed 1 in Twin Room@Assemblage 362 Holland Road",218507225,"Assemblage","Central Region","Bukit Timah",1.31128,103.79456,"Shared room",40,7,2,"06.04.2019",0.29,8,360
"6641","31361651","Bunk Bed 3@Assemblage 362 Holland Road",218507225,"Assemblage","Central Region","Bukit Timah",1.31154,103.79495,"Shared room",35,7,2,"04.08.2019",0.98,8,345
"6642","31361710","Bunk Bed 4@Assemblage 362 Holland Road",218507225,"Assemblage","Central Region","Bukit Timah",1.31125,103.79494,"Shared room",35,7,2,"28.07.2019",0.36,8,358
"6643","31363209","Bed in dormitory @ 2min walk from Clarke Quay MRT",108773366,"RedDoorz","Central Region","Singapore River",1.28849,103.84687,"Shared room",26,1,4,"01.07.2019",0.53,109,358
"6644","31364497","Bed in Boutique Hostel @ Hongkong St",108773366,"RedDoorz","Central Region","Singapore River",1.28678,103.84786,"Shared room",26,1,1,"04.03.2019",0.17,109,365
"6645","31365968","Comfortable Bed in dormitory near River Cruise",108773366,"RedDoorz","Central Region","Singapore River",1.28691,103.84686,"Shared room",26,1,1,"17.01.2019",0.13,109,365
"6646","31366100","Boutique Hostel near Hong Lim Park",108773366,"RedDoorz","Central Region","Singapore River",1.28785,103.84821,"Shared room",26,1,2,"14.04.2019",0.31,109,365
"6648","31366222","Bed in Female Dormitory @ Clarke Quay",108773366,"RedDoorz","Central Region","Singapore River",1.28652,103.84744,"Shared room",31,1,3,"14.07.2019",0.42,109,355
"6649","31366313","Bed in Female Dormitory near Clarke Quay MRT",108773366,"RedDoorz","Central Region","Singapore River",1.28676,103.84752,"Shared room",31,1,1,"19.05.2019",0.29,109,365
"6651","32339968","1 Bed in 12 Beds Mix Dorm",196709892,"Anna","Central Region","Rochor",1.30443,103.85188,"Shared room",19,1,3,"16.06.2019",0.54,5,363
"6653","32349867","Campbell Inn Backpacker Hostel",196709892,"Anna","Central Region","Rochor",1.30526,103.85161,"Shared room",19,1,5,"30.07.2019",0.78,5,362
"6654","32411075","Cool Single Capsule Hostel with All-Day Breakfast",237146923,"Derrick","Central Region","Kallang",1.31193,103.87256,"Shared room",24,1,10,"20.08.2019",2.33,2,362
"6655","32430905","Room for Rental or Sharing",159853216,"Sunny","West Region","Choa Chu Kang",1.37985,103.75013,"Shared room",56,1,11,"06.08.2019",1.99,1,172
"6656","32604498","Common Room for rent",204895182,"Vivian","North-East Region","Ang Mo Kio",1.37275,103.85825,"Shared room",56,1,1,"06.03.2019",0.17,1,358
"6657","32643321","Short and long stays $140 per pax weekly or longer",41059478,"Andrew","Central Region","Outram",1.28788,103.84123,"Shared room",25,3,2,"19.08.2019",2,5,54
"6658","32708998","Best for long stays $480 SGD $140 weekly per pax",41059478,"Andrew","Central Region","Outram",1.28683,103.84191,"Shared room",25,1,4,"05.08.2019",0.8,5,358
"6667","33604275","Beary's Upper Capsule - Mixed - Ensuite Shower",253217128,"Beary Best","Central Region","Rochor",1.30207,103.85812,"Shared room",200,1,2,"09.07.2019",0.81,7,364
"6669","33604718","Beary's Upper Capsule - Mixed - Shared Bathroom",253217128,"Beary Best","Central Region","Rochor",1.30179,103.86003,"Shared room",200,1,1,"17.07.2019",0.7,7,365
"6672","33860008","Indie Hostel Singapore",23927017,"Kash","Central Region","Rochor",1.30552,103.85626,"Shared room",19,1,7,"29.07.2019",1.62,1,355
"6675","34235543","Single Bed in Mixed Dorm (Free Breakfast)",258477842,"Seven","Central Region","Rochor",1.3068,103.85178,"Shared room",25,1,14,"27.08.2019",3.41,10,157
"6676","34236667","Queen Bed in Mixed Dorm (Free Breakfast)",258477842,"Seven","Central Region","Rochor",1.30694,103.85141,"Shared room",50,1,2,"06.08.2019",0.59,10,353
"6677","34288604","Single Bed in Mixed Dorm (Free Breakfast)",258477842,"Seven","Central Region","Rochor",1.30601,103.85314,"Shared room",25,1,9,"19.08.2019",2.33,10,341
"6678","34416737","Aljunied MRT - 2 persons share room For Male",258870082,"Sky","Central Region","Geylang",1.31481,103.88288,"Shared room",28,5,2,"08.07.2019",1.03,4,90
"6679","34631987","Single Bed in Mixed Dorm (Free Breakfast)",258477842,"Seven","Central Region","Rochor",1.30734,103.85279,"Shared room",24,1,10,"25.08.2019",2.97,10,332
"6680","34632139","Female Room Single Bed (Free Breakfast)",258477842,"Seven","Central Region","Rochor",1.30737,103.85197,"Shared room",25,1,4,"09.08.2019",1.41,10,335
"6681","34692602","Queen Bed in Mixed Dorm (Free Breakfast)",258477842,"Seven","Central Region","Rochor",1.30599,103.85117,"Shared room",49,1,4,"25.07.2019",1.43,10,346
"6684","35082329","Stylish Single Pod in Female Only Room",264230720,"Capsule Hotel","Central Region","Singapore River",1.28925,103.84842,"Shared room",56,1,6,"12.08.2019",1.98,8,351
"6685","35300552","Single Bed in 4-Bed Ensuite Dormitory Room",212039019,"Thads","Central Region","Bukit Merah",1.28417,103.83385,"Shared room",40,1,1,"25.07.2019",0.86,7,358
"6686","35300977","Single Bed in 8-Bed Ensuite Dormitory Room",212039019,"Thads","Central Region","Bukit Merah",1.28537,103.83328,"Shared room",37,1,3,"27.07.2019",1.34,7,363
"6687","35302676","Single Bed in 6-Bed Dormitory Room",212039019,"Thads","Central Region","Bukit Merah",1.28396,103.83167,"Shared room",40,1,2,"13.06.2019",0.73,7,364
"6689","35336070","Single Bed in 6-Bed Female Ensuite Dormitory Room",212039019,"Thads","Central Region","Bukit Merah",1.28453,103.83169,"Shared room",42,1,2,"12.08.2019",1,7,356
"6690","35396427","Single Bed in 8-Bed Dormitory Room",212039019,"Thads","Central Region","Bukit Merah",1.28434,103.83321,"Shared room",37,1,1,"21.06.2019",0.43,7,357
"6692","35469684","Stylish King Pod in Mixed Gender Room(City Centre)",264230720,"Capsule Hotel","Central Region","Singapore River",1.28694,103.85005,"Shared room",99,1,1,"24.06.2019",0.45,8,339
"6693","35669030","RedDoorz Hostel @ Lavender MRT",108773366,"RedDoorz","Central Region","Kallang",1.30914,103.86304,"Shared room",22,1,2,"29.06.2019",0.97,109,164
"6694","35696120","Bed & Breakfast in dormitory @ Penhas Road",108773366,"RedDoorz","Central Region","Kallang",1.30887,103.86316,"Shared room",22,1,1,"14.07.2019",0.65,109,164
"6695","35772714","Cozy Bed & Breakfast Near Lavender St.",108773366,"RedDoorz","Central Region","Kallang",1.31065,103.86274,"Shared room",22,1,3,"09.08.2019",1.67,109,163
"6696","35773131","Bed in dormitory at 3 mins walk from Lavender MRT",108773366,"RedDoorz","Central Region","Kallang",1.31036,103.86201,"Shared room",26,1,2,"26.06.2019",0.85,109,164
"6698","35773302","Modern hostel near @ Lavender MRT",108773366,"RedDoorz","Central Region","Kallang",1.30922,103.86303,"Shared room",26,1,2,"30.07.2019",1.3,109,164
"6699","35773334","Cozy Bed - 3 mins walk to Jalan Besar Sport Centre",108773366,"RedDoorz","Central Region","Kallang",1.31004,103.86157,"Shared room",26,1,2,"19.07.2019",1.4,109,164
"6701","35883311","Stylish Single Pod in Mixed Gender Room",264230720,"Capsule Hotel","Central Region","Singapore River",1.28876,103.84836,"Shared room",51,1,1,"14.07.2019",0.65,8,357
"6702","35883439","Stylish Queen Pod in Female Only Room",264230720,"Capsule Hotel","Central Region","Singapore River",1.28784,103.84952,"Shared room",75,1,4,"08.08.2019",2.35,8,347
"6703","35885309","Stylish Queen Pod in Mixed Gender Room",264230720,"Capsule Hotel","Central Region","Singapore River",1.28879,103.84843,"Shared room",75,1,4,"10.08.2019",2.79,8,350
"6705","36507305","ｵｰﾁｬｰﾄﾞﾛｰﾄﾞｴﾘｱ!ﾌｨｯﾄﾈｽ設備!無料wifi!ｽﾀｲﾘｯｼｭなｺﾝﾄﾞﾐﾆｱﾑ",6632571,"Wakana","Central Region","Rochor",1.30197,103.84886,"Shared room",72,1,3,"05.08.2019",3,1,0
"6706","37080409","Layover Area for Hotel 1887 without room",7614592,"Bryan","Central Region","Outram",1.28321,103.8443,"Shared room",37,1,2,"17.08.2019",1.82,14,13
"6711","37554967","Single Bed in 6 Bed Female Dorm",87731750,"Gap Year","Central Region","Kallang",1.31605,103.85961,"Shared room",25,1,1,"12.08.2019",1,8,198
"6712","37576690","Single Bed in 4 Bed Mixed Dorm",87731750,"Gap Year","Central Region","Kallang",1.31475,103.85874,"Shared room",26,1,1,"10.08.2019",1,8,189
"6713","37619286","Double Pod Capsule in Mixed Dorm",87731750,"Gap Year","Central Region","Kallang",1.31505,103.86022,"Shared room",56,1,1,"13.08.2019",1,8,121
